Dia,RL_Res_Min,RL_Res_1Q,RL_Res_Mdn,RL_Res_3Q,RegLin_Max,CoefEst_Intercept,CoefEst_irr_est,CoefEst_temp,CoefEst_numPM1,CoefEst_massaPM1,CoefEst_numPM2,CoefEst_massaPM2,CoefStdError_Intercept,CoefStdError_irr_est,CoefStdError_temp,CoefStdError_numPM1,CoefStdError_massaPM1,CoefStdError_numPM2,CoefStdError_massaPM2,CoefPValue_Intercept,CoefPValue_irr_est,CoefPValue_temp,CoefPValue_numPM1,CoefPValue_massaPM1,CoefPValue_numPM2,CoefPValue_massaPM2,R2,R2_ajust,Graus_Lib,Err_res_pad
20191004,-210.74152717515247,-31.65910462983623,-4.8437288112412435,29.487483521931054,312.5856841410211,370.85272574262234,8.141473655879784,-31.11802337145312,-1067.9257592965287,8588.639045518408,-2263.9265617298697,9246.750772601355,524.0845286891221,0.36601931855331055,29.0807383912103,1945.0490804948104,16197.755653320499,11612.378608851035,9636.98138671659,0.49003069671904875,6.726540173379379e-13,0.3015111635816572,0.5910525544604455,0.6037095051556709,0.8480418959167283,0.3525154148353521,0.9981538155946209,0.997169183911752,15,136.809564794408
20191005,-400.23234920517945,-63.425908390219575,-23.883927507035583,45.05878905968738,442.88180524645196,-835.1990090950902,7.652730081630997,36.13278643954808,-788.411273261354,6419.258344137978,7284.972104292755,-2353.1314390863145,262.6110048888964,0.251129082770787,13.592455165612906,1054.6886190768041,8693.492609178353,7870.66911691612,7340.387324151604,0.0028816064860288254,8.253068417737558e-29,0.011329296305810222,0.4592275210069371,0.4646931049177224,0.3603540609436485,0.7502452815593176,0.9958481503488554,0.994996488881954,39,148.11235292216116
20191006,-528.5849034302116,-64.0132448401736,-24.362744902215585,28.844598480740487,373.7762179305059,-515.1409597311231,7.927881864330466,26.737387181752485,-241.2085076144037,1789.9832481659953,3764.147920900466,2808.81092509457,168.65399982419763,0.20043244748696037,10.119675652926539,816.5595312488047,6711.6680541604655,6487.456298939387,6278.261624286919,0.00330279056769961,3.3503040447031627e-46,0.01037964435662987,0.7686626900729949,0.790573309925386,0.5638362544128879,0.6561303407435666,0.9936557240492824,0.9928501017063341,63,153.19534281912937
20191007,-791.3292234246637,-77.93631970782525,-26.50446975393177,63.67371673452237,1193.8961201471002,-50.62485126331522,8.810206514124575,-2.869317784001049,1391.5642717743424,-11854.66831229446,13106.53639160877,2403.3591696491617,188.1174259795253,0.20877008186071108,8.809275778500691,948.2615100903514,7859.701547889132,5396.633595572613,5810.375610139632,0.7884798878324208,1.0148863181500724e-59,0.7454217122010258,0.1458487422913455,0.13510466488291425,0.017213498887294208,0.6801612545895326,0.9855064274138579,0.9841736851070861,87,224.08333044242374
20191008,-870.4636645427807,-85.36791595540893,-22.503758680103523,69.03865788715221,1161.468392155786,101.68489088583583,8.814076613854422,0.36855085359810597,1067.1526734958034,-9139.367561539832,14870.032650053094,-352.73109234790905,162.01823377083605,0.18627396481070135,7.831231176463635,844.9729114129078,7005.616907951679,4721.610750934037,5075.98943792469,0.5315459278594938,2.0418706083794237e-75,0.9625486412155799,0.20925620047394988,0.1947352657096349,0.0021026859684713053,0.9447245340623542,0.9850900009183825,0.9840154063899776,111,218.43815320549902
20191009,-1133.5018537419605,-149.02699634430473,-49.591385368616486,95.95254881096878,1870.558300406362,-442.64462877679256,7.960609805035552,27.937046450601663,1794.4112324412133,-15334.042502976501,1551.283762344997,14478.800206751357,254.257309373696,0.23194728805697631,10.457381750902908,1350.80605011185,11192.795009761887,7656.623823724706,8129.482182992586,0.08397380677543577,1.498712640441448e-68,0.008480285762889603,0.18628715145045213,0.17296348729056812,0.8397474322495291,0.0771573966907004,0.9638890718615524,0.9617491650089036,135,384.7123472843992
20191010,-976.6690033605242,-245.33379692898043,-59.28466281690142,110.97835577983565,4494.557173607845,-965.661194177771,7.633279980771005,32.92168789115967,-169.27221552234596,897.1331163698346,-8043.871893592115,21246.998402628808,359.5008529904683,0.2676277460742474,13.831182764091965,1863.3752158741713,15441.630075440764,10950.408432160402,11677.026840673334,0.007996621956946299,2.053413237117741e-64,0.0184853007640435,0.92773269711371,0.9537432456334998,0.46368169123988623,0.07070774611460401,0.9324906065040359,0.9290939074602138,159,570.6127070002859
20191011,-979.60173017453,-245.7564602545555,-60.54344740842102,104.90558976161347,4538.70856358057,-1133.7141941638213,7.377000003335659,41.80320781652538,343.3852853706592,-3321.763405797828,-3264.4282551526626,17082.123622509982,335.8737693563271,0.23649584459066592,12.688144627017982,1774.6311527042603,14698.727901599415,10490.734517073814,11066.53616321546,8.999655840532804e-4,3.6371351053428135e-75,0.0011831642091638206,0.8467845838696856,0.8214615127278357,0.7560236531667444,0.12441673343423706,0.9380842745445268,0.9353775761639597,183,581.6981256155402
20191012,-1007.1330868726837,-264.66740459231113,-72.30710495395456,100.19927969393018,4536.189084710541,-1493.1436567167898,7.211644699992498,55.832107409660324,1850.066128121004,-15440.221898225718,-7040.758543192968,10085.189420656277,320.6643691110838,0.21937967221716595,11.791843393468671,1682.5081916263605,13950.059439182267,9973.483409778031,10478.617307436456,5.746623409923169e-6,4.175830903734898e-84,4.0635935427685545e-6,0.2727887626907127,0.26965579224642455,0.48101435095497236,0.3369444363140168,0.943556876094191,0.9413754993248844,207,590.2459836740471
20191013,-966.9024355501653,-251.18970109754898,-53.538224125901735,87.1008185680739,4626.149215722881,-1423.6388714929337,7.159300268548929,54.81662305739206,1508.3499324354175,-12550.867456812224,-2149.898858709689,4500.72938687326,296.09968581111343,0.20338079490668312,10.954387877646251,1556.4227786825259,12903.274337053437,8985.286353929985,9412.563720730004,2.748646576581057e-6,8.386938423019709e-95,1.1122455807432334e-6,0.3335022733199279,0.3317255330454688,0.8111092969251145,0.6329871773132054,0.9488779857979136,0.9471075264316076,231,570.4394443156277
20191014,-982.4722737239243,-261.6145665864801,-61.22343040504255,106.2414452475103,4607.417329148888,-1625.0898353081761,7.105535074398513,61.16882961547923,1690.5000144368983,-14059.183507979018,-1970.4017846124189,4517.539431043561,270.99545898083187,0.19312260708452236,10.312211559947624,1492.4216452267437,12372.543811765137,8574.541666051266,8982.87250357475,6.85400674571014e-9,5.535765350876525e-104,9.721690313048528e-9,0.25839461409182973,0.25688893554326775,0.8184339350825195,0.6154645180306602,0.9513680993534158,0.9498423926664642,255,567.8834089318226
20191015,-962.6214640307428,-251.5960669114508,-59.61706503651978,102.46267988164172,4636.560976019838,-1665.325324549209,7.110093697215494,63.101279193998785,1714.9755666575757,-14261.774570853308,-1866.525140713543,4445.871136150255,255.25434526648036,0.17487109060206485,9.672075944013047,1387.3259562919536,11505.273931281967,7842.178979145591,8280.5548894642925,3.206723843367907e-10,2.959111673274741e-119,3.2088089466885875e-10,0.21743378219961937,0.21617026754250385,0.8120472372891909,0.5917611432763656,0.9560973117250577,0.9548384532798981,279,549.8785901391873
20191016,-1000.2188892209041,-268.12333929646013,-61.8772529703474,108.03511533544449,4601.078048667795,-1748.172431483963,7.081978650617236,67.66225880463557,1525.3760082974266,-12677.313505329681,-920.8169279052847,3188.016791869572,251.8967076363258,0.17026650972665683,9.350912895419784,1350.8054618146411,11202.921417741454,7708.797416486588,8165.7028536699945,2.3849984683995013e-11,2.823590813576146e-127,3.8143348255855485e-12,0.25969217220824753,0.25869414460567164,0.9049978983068665,0.6965036745229112,0.954252758494692,0.9530449105341559,303,557.5033150482649
20191017,-980.9538415132711,-259.3071820007063,-59.312376472571145,109.16102767591943,4618.007482380633,-1772.9485117603335,7.103022917874863,68.00309348454023,1358.5394732525845,-11294.43631672934,-947.1851001989313,2963.8777042232277,236.0712062448779,0.16276220575091066,8.845177577381229,1259.3629715737882,10444.290823774692,7295.73523263514,7732.171301336193,5.674806812647247e-13,2.049821188561128e-138,1.7642722435388876e-13,0.2814936759510088,0.2803169153622262,0.8967829414524251,0.7017333347775149,0.9546101671289677,0.9534997125021535,327,541.7576249891044
20191018,-998.9457441001745,-242.77067150988918,-56.158896691387426,115.03391858032096,4615.02347454679,-1728.2029063724735,7.116545471545451,67.80470199339408,1264.3061688381576,-10518.378337383836,-1014.3022839291996,2907.619407137401,214.86700493579713,0.15623019156789675,8.36713154400921,1191.414984033168,9881.72222770482,6929.001296594932,7342.057434746952,1.3598387532176052e-14,2.075905980660431e-149,8.94794403218564e-15,0.289337565813336,0.28786671095302,0.8837014554473893,0.6923291031166421,0.9548940503353538,0.9538659945025414,351,527.6633278792582
20191023,-1020.5257842448485,-257.26533239900635,-78.43254584098096,44.70736040365149,4814.12171581617,-326.5721331549856,7.908401369121198,2.431208695613201,1568.3485761041707,-12987.818672090601,1989.8861453215986,72.31844457585235,128.9906594070019,0.12151772123937393,1.4007998288151136,1310.625671915558,10870.36042546786,7589.264321547441,8033.634206994179,0.011757075059589063,2.052035035648162e-206,0.0834585015653254,0.23220244678458463,0.23292345197416636,0.7933131490878074,0.9928223599606167,0.9450735192478195,0.9439017543251063,375,595.2671869657427
20191024,-1000.3302265531295,-251.4642079757266,-70.50441854041148,48.28421847743881,4808.733832465034,-360.9677392868607,7.889448265634676,2.178526422528684,1442.6640316529388,-11947.853378654992,1416.4913205944918,513.2350359759162,122.64106394454726,0.113076540948971,1.3581048704910481,1248.4645250965846,10355.431743878966,7201.711186733092,7637.638395523505,0.0034372084160908785,1.1503771351370416e-225,0.10948478953091378,0.24855648845646156,0.2492824652126124,0.8441717211298454,0.9464576310951466,0.9483598961628996,0.9473245056097748,399,582.3340855627966
20191025,-993.0146699351998,-244.94388109871778,-69.4892728469385,50.67374549148597,4842.9098933747855,-386.5029460774196,7.885598997581455,2.1211013730441333,1441.0274852148061,-11935.521845667592,1363.0037563303963,602.7515088521975,117.48272140452544,0.10452259487628048,1.3211298584032616,1189.7583224894404,9868.286708127756,6770.145480541548,7176.292786803405,0.0010862249634291147,1.799973738021484e-247,0.10912550939852327,0.2264974984837639,0.22715299549220322,0.8405407428581785,0.9331024910240288,0.9524440134776531,0.9515446094772304,423,568.5886404229594
20191026,-988.8651308618903,-241.54140571790316,-66.94640391866406,63.50303242219443,4853.906814198087,-381.83148976491515,7.8531171223618195,2.1080554808721335,1504.5212206786375,-12454.217532248693,465.14066588249557,1082.3178839949123,110.77614633579607,0.0990425922068894,1.290040619021878,1144.5350187838928,9492.01334906142,6449.997200251724,6839.099590620906,6.207450876176545e-4,2.073818483535548e-265,0.10294188926013387,0.18934326908854485,0.19016878087555775,0.9425427529925657,0.874327773873313,0.9547825037384922,0.9539732420604339,447,557.3125823432579
20191027,-975.2299583495802,-239.47392767419035,-75.49400157418782,61.91455267549656,4914.697761521955,-364.69732787102015,7.835311693294898,2.129418141447629,1837.3537589155085,-15210.846658767241,1109.2982218278996,982.7411062401364,102.10897988345184,0.09405732423806698,1.26727306361216,1098.7137594828985,9111.273468667614,6223.989342243824,6587.340570735637,3.9122397669878224e-4,5.3323876758481083e-284,0.09355906066782024,0.09513381296419253,0.09569201032877561,0.8586194099871732,0.8814704687206507,0.9572816369483035,0.9565560596565549,471,548.4129081435602
20191028,-1281.1675610419175,-235.24380665672237,-77.39925775186006,61.73078439883002,4997.135459462879,-344.6374678320082,7.836956655356785,2.077165177333687,1808.4027056762272,-14992.471964945256,-333.24195865779785,2589.4590324238284,98.31122775725264,0.08934947845518826,1.251206596876583,1058.938651162195,8781.722482077586,5967.085665662584,6324.415537347325,4.970329306228357e-4,9.282412735102056e-304,0.09752167458776095,0.08830970545883014,0.08840529745776429,0.9554864769600442,0.6823950217360002,0.9588029502444854,0.9581371393393457,495,543.3923820664216
20191029,-1264.5580637914393,-228.53672774802294,-79.26386427727965,59.41553518384895,5030.365508260915,-337.17682567709613,7.8414172313900234,2.0482863599086283,1688.526137123309,-14000.954572724924,-460.8849907844199,2586.607847742595,94.27977335559025,0.08516706692160268,1.225673191448618,1008.5714329096077,8363.033984255693,5724.613776500631,6041.9377073153355,3.810232619007732e-4,1e-323,0.09529445283433485,0.09469847447829223,0.09470403698050894,0.9358631873134664,0.6687493682065233,0.9605658782277825,0.959958030493336,519,533.4223150486492
20191030,-1241.875718570624,-224.39427282407848,-71.4812567184298,63.50445418467713,5018.17693497307,-331.6466268499016,7.8150895165296514,1.9596063449580476,1720.5600683705031,-14262.07419824669,-190.780001593496,2346.427911459815,90.46092175081141,0.0812680440326806,1.2004742379022126,963.4884221097988,7988.672836898904,5513.0653475776635,5807.206809335107,2.703969980453397e-4,0,0.10318336438077463,0.0746959084442001,0.07477281346043302,0.9724073770363147,0.68633174506049055,0.9626536330009955,0.9621034102827781,543,523.8629363654048
20191031,-1225.9251682337208,-220.14895389833364,-68.54905487444252,58.452562083600455,5049.279170781961,-328.8002893075527,7.81944052510204,1.8446000586114857,1718.0154112205712,-14231.197646728006,635.6804360447798,1514.1787753616322,87.52752967973747,0.07704194739596673,1.180214495791162,919.8012808850142,7625.925133976106,5329.087810047773,5603.636908290956,1.9009383540964894e-4,0,0.1186255154935504,0.062303981675019264,0.06253501582329773,0.9050917882254056,0.7870942705211628,0.9639875798095172,0.9634794680607979,567,517.3232404538086
20191101,-1222.2932178784185,-213.05435007076153,-67.36632895909676,55.3589710641173,5061.87192436357,-335.33012398080996,7.827153051544546,1.802778355805268,1662.7252519073888,-13770.07743825703,778.3067455152949,1293.0638780382594,84.8603405801424,0.07353327869945722,1.157479441206508,887.0188107199853,7354.51743243061,5112.667869738474,5386.228603306323,8.703205545834201e-5,0,0.11988628486937758,0.061353247724296726,0.06165464693548765,0.8790566671878178,0.8103603892147095,0.9656815983045547,0.9652170514118922,591,508.7013952472244
20191102,-1192.3263207216357,-202.87232780533486,-63.582503351280614,61.57874983439062,5049.049338510024,-340.39806459763815,7.785207879704802,1.716111897940959,1815.883564362477,-15031.384505332922,1386.8269864738356,852.051611537197,82.29314142212888,0.07127731120430919,1.1438303296522891,859.3150488194204,7125.663286949173,4973.9554746480635,5258.345634126417,4.018754075394809e-5,0,0.13404462616789425,0.034987946696176796,0.035307377622204345,0.7804784323394622,0.8713291806661096,0.9662848996006316,0.9658463291889324,615,504.434470933832
20191103,-1162.7679574995952,-201.47287780969702,-61.73856808875573,67.82471715565225,5112.658574465729,-276.9203293961914,7.756364808681696,1.940561832859801,1672.6346231561608,-13864.279637662272,836.7201364910071,1308.7602483759877,75.42051309691632,0.0688260555775224,1.121978784503658,835.9490191617982,6931.1918825323,4830.699673578593,5090.388871480362,2.6110866525442297e-4,0,0.08418669083489311,0.04582771816389606,0.045893432183785283,0.8625420858545011,0.7971811165443984,0.9671821859553787,0.9667713213038029,639,498.8207570774906
20191104,-1134.2696672374836,-201.08883935017016,-60.25754530802893,71.35413337864466,5135.825150603005,-259.2524134095324,7.73034429547784,1.9349225637928213,1745.6968869644522,-14466.303224675781,1395.8432815424133,873.1469131062912,70.91338176699597,0.06716339601720116,1.1029829457829807,810.2610235278073,6718.634132630971,4679.6425198259085,4948.13615170614,2.7657489528150017e-4,0,0.07984735666549532,0.03156154996111834,0.031665994507158395,0.7655830016766174,0.8599866471369692,0.967972467925769,0.9675860120334705,663,494.07387914170255
20191105,-1094.7035641263026,-198.32369782406766,-61.99225993447206,65.64203495393528,5180.224735286928,-232.00751597555998,7.723624598048542,1.7742504930354648,1563.428006874492,-12948.86758836834,2009.5642682221005,44.74357468259053,65.12760923580866,0.06566473212814405,1.0862267782667356,789.128055724896,6543.409553325834,4568.95618516702,4830.990507528067,3.929468257714061e-4,0,0.10284158585219634,0.047966077021767084,0.04822419998298435,0.660198523829961,0.9926129626093888,0.9684678388271981,0.9681006520886501,687,490.92934039966894
20191106,-1096.8935657477248,-193.0739494647867,-61.11125843107409,67.47517298702724,5190.964095558598,-226.81252810438542,7.740050617502018,1.7230272174095025,1548.6086313165997,-12830.377047840166,1242.4476717379184,679.8363727841809,63.816055384295616,0.06399688652518123,1.0690088925290424,761.3207325684152,6312.756787106584,4427.991511853288,4695.258619520931,4.042669911923292e-4,0,0.10744951686873426,0.042311397559425694,0.04247904128888561,0.7791069380941664,0.8849160501479483,0.9689074437116822,0.9685575977900134,711,484.086229196559
20191107,-1094.9645230751535,-185.82875256427445,-63.214923549623656,68.45291670716983,5204.946653838392,-209.0562868473712,7.7533877471294,1.6678333283659648,1433.053071321382,-11871.35749126958,1276.3678496031255,485.1396381341288,61.26351333805141,0.06235924753127904,1.0526716646055525,738.147524743027,6120.45682401777,4291.945732284244,4548.7027489213015,6.791623128512361e-4,0,0.1135371083488882,0.052589423425760055,0.05280822160929455,0.7662552782941823,0.915092179866607,0.9692850060691888,0.9689506932100779,735,477.26025942556345
20191108,-1099.2924121132014,-180.91747216653226,-60.96140045305613,68.09275225213193,5208.188413435463,-204.92462854709325,7.763901356164064,1.6292655377278824,1407.4376274384726,-11662.862438207238,984.5232260504291,768.8761698326136,59.56708937182892,0.06104245155936893,1.0365686199569561,711.7411709177295,5901.364960944717,4170.612892156541,4416.30175375007,6.129773007222567e-4,0,0.1164166018696969,0.04835137763361253,0.048482577237616765,0.8134482446908265,0.8618336476577135,0.969805382104677,0.9694871252625656,759,470.4367279764359
20191109,-1098.2576111366234,-176.118543704686,-57.803935987785636,66.20085758311362,5215.884514886824,-209.1910543989512,7.771367416746764,1.6334582905123565,1290.2502918501862,-10689.837933778766,1041.2587727319217,546.6679730187753,58.008370197944025,0.059956636816730094,1.022837021967479,691.6873199041434,5734.526920886105,4039.1981386503985,4265.097186361283,3.3037834680253497e-4,0,0.11067188808412226,0.06250386818807072,0.06267909578472254,0.7966378872968346,0.8980454105860826,0.9699751931934502,0.9696684263295263,783,464.4532757146775
20191110,-1102.763706691989,-170.01329342357818,-57.322732571104375,61.99925730495396,5228.507018144341,-202.61004337676934,7.784715866085275,1.6058913388757041,1288.0758376998244,-10667.718745950426,1383.877677036783,189.98080799394842,56.10037215224097,0.05861367567797274,1.0090648075580324,673.6927298206161,5585.210200612895,3935.4146692426107,4153.886635406428,3.2316800838951817e-4,0,0.11189657893262843,0.056234731872801647,0.05648820331634541,0.7251946337924929,0.963532244045515,0.9705090339826217,0.9702166823988063,807,458.5341497417743
20191111,-1101.0230156529647,-167.75503437508482,-56.2802336003173,62.5355416385783,5242.646241191138,-188.4027503287695,7.793828444280253,1.5598520343576525,1266.6648486095323,-10491.130246683168,1358.7035351179377,208.44275395767414,54.29877597219811,0.05694821867391926,0.9969692022979983,656.7867474217702,5445.052702189729,3859.030035275343,4072.5364226730867,5.477792947653449e-4,0,0.11805884434321413,0.05412353773470143,0.0543543647965229,0.7248643772282788,0.9591923654609757,0.9712050997582796,0.970927892535736,831,453.40725688827854
20191112,-1100.4108733388136,-165.17843980317548,-55.43062029345988,59.12937901731905,5244.509481835899,-191.67877509432253,7.7943518094224515,1.5331326599123336,1260.9262563475238,-10440.094926353344,1639.1398362950706,-90.22056742668826,53.04903353818017,0.055209474090050836,0.9828146161972705,636.1293460601643,5273.889153625834,3759.2541673421583,3970.212122296436,3.200497447612168e-4,0,0.11914390823126293,0.04777828641530519,0.04807088245545614,0.6629265287301029,0.9818754389472284,0.9721587747079664,0.9718982720151754,855,447.61365164486625
20191113,-1100.3129199509306,-162.38735736537097,-53.69066470677315,58.22482096100095,5250.842338858097,-188.18509280714497,7.801175024364023,1.5043270027875695,1213.7415415775147,-10047.86852353431,1722.4197697140487,-233.85732440013234,51.629995594210506,0.054121461425091645,0.969766693055555,619.9952695309872,5139.740631681023,3669.2525781976437,3868.72282020652,2.8321564080414214e-4,0,0.12120756057878271,0.050585684167916124,0.05090713149829119,0.6388860230290234,0.9518124125974257,0.9726720527689388,0.9724233342503398,879,441.9656985253056
20191114,-1101.6272284010963,-159.9831643981989,-54.52960828531485,57.598261241151945,5263.765796121928,-175.06533975327272,7.811079615805919,1.4587784810424131,1161.8065368857772,-9618.472833150656,1677.4958346089948,-230.81893567059925,49.891623887567505,0.05324257801445807,0.9580959584333438,603.7909627486929,5005.510007592321,3568.8545599348304,3765.0400303822507,4.721613350140696e-4,0,0.12821372264750036,0.05464518574944201,0.05497348341569452,0.6384416470832521,0.951129207025406,0.9728272370696543,0.9725865038432504,903,436.92111080528014
20191115,-1096.7894085031369,-153.36835737986942,-54.324186608246414,58.14365562111874,5270.600915711638,-158.41701318697702,7.807716520360146,1.3699271624618548,1049.7125609455384,-8696.705735179277,1028.2648780740724,309.87834966361277,48.65061454204855,0.05206066444301715,0.9506527141090036,593.603343838553,4921.191365151791,3499.5020655323956,3693.972052433129,0.001170020221190348,0,0.14991149234714563,0.07732729251698199,0.07752452494469719,0.7689522327445066,0.9331639317430469,0.973239921998409,0.9730089828139292,927,433.9652272322714
20191116,-1095.3579720339173,-149.80191752165507,-52.10405576586566,56.89991683076623,5272.869586166429,-150.7590820150568,7.8110724741763145,1.2906335090786218,1008.394181437031,-8351.303113572216,1254.1408377940727,21.732055928139825,48.06283162639933,0.05076012665886945,0.9425077207791681,580.9249892700951,4816.293392882943,3424.8612163966977,3619.503790623216,0.0017610872888537625,0,0.17120967571970255,0.08291561063768214,0.08324766465498946,0.7143067302260107,0.9952106667197461,0.9740581607393143,0.9738399328590982,951,430.83950286185245
20191117,-1092.8645656017854,-148.56436768863733,-50.811534598978554,55.84923848892881,5269.104065451954,-148.5923867041587,7.8095980536810545,1.1876147313121794,990.2190104488033,-8204.765634782158,927.7384739112823,348.4616387301718,47.39364041999657,0.049254155937278755,0.933534542057515,569.218843820156,4718.999187803245,3360.0399412280385,3546.2451290344256,0.0017682810401688288,0,0.20361601246505046,0.08224302144677652,0.08240910351010887,0.7825225854300645,0.9217443365724267,0.9748138851160284,0.9746072298144163,975,427.53377034883584
20191118,-1084.9628424254709,-147.16729444283231,-48.89856191961286,54.55876100821705,5279.443226189579,-151.98566799297402,7.809282714016112,1.1376758929956947,1015.2940533568473,-8411.077555437238,1124.9958857418374,201.91932242455357,47.01128616209811,0.04775359063336028,0.9265643236809692,558.4806705410552,4629.885074017534,3298.020023003587,3478.182231734333,0.0012652534594630852,0,0.21979497835454495,0.06937005011413887,0.06956377008988246,0.7330906124295006,0.9537179275784358,0.9752640807612398,0.9750659953218904,999,425.1478930233082
20191119,-1083.1085107655579,-147.69927687010497,-48.56713069032378,53.489149913144125,5278.999570708326,-147.07667925368676,7.805627595986807,1.0385700841884125,915.256930673094,-7588.838377836624,491.12785460578834,727.8925556452481,46.36006041617325,0.04678666506340315,0.9188271120021698,548.3035095651736,4545.754267509405,3243.2031843605128,3425.0922674519593,0.001556422526921657,0,0.25860569488632373,0.09537333524098626,0.09533727712314749,0.8796640482204625,0.8317455476263197,0.9756051187326661,0.9754143474226576,1023,422.16711581905736
20191120,-1081.0599747706485,-144.64936210198633,-48.18760100921597,52.33345431540657,5281.737570047915,-140.08210849393274,7.807382565693768,0.9345174423531658,921.8627505915496,-7646.999514795357,245.3976806138422,1007.9823112030653,45.62276198198896,0.04558376987067231,0.9101240620582787,536.532162113251,4448.238885091019,3173.7060455812107,3346.0900751545532,0.0021925153946300052,0,0.30475074500594906,0.08605810546493639,0.08589043021641407,0.9383820673724586,0.7632899067177399,0.9762525348959127,0.9760710833955949,1047,419.00398800975887
20191121,-1078.5086576963788,-143.70952359242105,-48.542122662310334,51.98302754929449,5280.67532059569,-140.71654305824495,7.8040848783715555,0.9310080261994463,888.705046078265,-7369.983075821996,375.6284159669418,815.166228122481,45.14155080471958,0.044827018019348304,0.9036178863978023,528.8686430530214,4384.529815230205,3115.2020927105477,3280.977763280834,0.00187438745856675,0,0.3030970047389485,0.0931740843965547,0.09307354458170142,0.9040470652592273,0.803832294399214,0.9766812151996732,0.9765065426543524,1068,416.35542302620075
20191122,-1075.9890834184828,-143.17692445709753,-46.71891012277501,48.6932625084677,5289.765739838548,-127.7251287073478,7.806632401792001,0.8495106967200479,854.104278641927,-7083.21163160874,384.67998835083915,771.552960571005,44.709390260165186,0.044437261847882034,0.9010870236102241,522.2593399007469,4329.4808148921875,3090.300246781346,3250.4956767830367,0.0043611588599954555,0,0.346012273001683,0.10225445866832357,0.10212059190401095,0.900958421367903,0.8124186352601923,0.9767497792575088,0.976578506913181,1086,415.4785278857825
20191123,-1082.9695930642308,-137.89218112302032,-47.82143661851765,43.367001395370515,5305.467816625648,-111.80910910110268,7.820615240779741,0.738213837697106,773.1642560008476,-6414.44016039614,235.50318394970913,843.775600597048,43.50333501215013,0.043874866321613956,0.8951461642773357,513.325021555591,4255.295581518245,3047.115360560925,3202.577077661591,0.01029564862535342,0,0.4097274881543411,0.13230329717268405,0.13199224073795085,0.9384089576045498,0.7922390195364454,0.9770560127562385,0.9768906506860132,1110,413.37863508482894
20191124,-1075.4953200349719,-136.9558801988498,-46.89312634416817,44.22505323155487,5313.985697199324,-107.39526501148717,7.82000107176561,0.7320877647101154,814.4461802440774,-6751.512237678503,695.0863976569262,425.0207224245328,42.88004224454975,0.04331957165488011,0.8895327538591693,504.5729464611922,4182.75804162203,3001.2157117898455,3153.5866459209833,0.012400166392829622,0,0.41067954881867197,0.10677749478173568,0.10677758594038012,0.816889238471509,0.8928146713278398,0.9773933954616731,0.9772339132427079,1134,411.0269993678229
20191125,-1074.6037833063365,-134.16680236687793,-49.03296756388668,43.2495968881469,5338.615280603372,-107.61957386820929,7.8264835649308155,0.7814187182236276,825.8810938924336,-6847.1571658441735,727.6429539586095,446.6090479562356,42.37181142965342,0.0425168956674772,0.8828213884179724,495.60570644856824,4108.351959780228,2954.075550513543,3101.6161757212158,0.011218690133393628,0,0.3762659838828608,0.09590270200315534,0.09585578189044958,0.8054794764756519,0.8855315525817481,0.9774726874454238,0.977317058343147,1158,408.2567784072921
20191126,-1079.1700679617175,-133.49059527753423,-48.6077577440789,44.37974562731668,5344.207717203314,-109.18429977504921,7.831321874845657,0.7678519650966391,771.2691070301715,-6396.1248831463145,562.1096528083631,547.4926431952811,41.877519606187136,0.041899885979657256,0.8761004085082301,488.96281833018224,4053.2851327906924,2898.1966991137388,3042.554083061985,0.00924275447346323,0,0.3809673981803049,0.11498089323772546,0.1148308579292813,0.8462471685733017,0.8572265262178084,0.9775633958986136,0.9774115407101102,1182,405.24502862053504
20191127,-1081.8784398814255,-134.03048285495134,-48.21337622630142,45.32517965843405,5348.510237496842,-108.32665060843452,7.83599553848594,0.7599726608522085,747.5905417030851,-6196.629280925923,784.178432358921,272.0063720176236,41.2667147136514,0.04137948857176072,0.8686183102281338,481.43379106117027,3990.849497971863,2837.126903174857,2976.7358650673145,0.008773510572036902,0,0.3817909341683272,0.1207232883542961,0.12075495840965175,0.7822891480608235,0.9272078967985887,0.9776461695847478,0.9774978854692238,1206,401.86805276632464
20191128,-1084.8007342880267,-131.5605027051218,-49.3084089849244,46.07156517604902,5355.314148499903,-100.59431985719692,7.840479895517878,0.7363358902067345,778.4406716054472,-6456.159615824706,545.708336697389,583.9472644634292,40.30605808185944,0.04083757723816724,0.8617825727941794,472.01026336390044,3912.593187335921,2786.74277379851,2920.9455805380244,0.012698871201542547,0,0.3930312287935679,0.0993614324053118,0.09917834095325852,0.8447810504839561,0.841578383737758,0.9777989379326651,0.9776545407810077,1230,398.9060249450904
20191129,-1082.511744810007,-130.8682647954143,-48.73347613140151,46.46781756350845,5357.13746916628,-98.63926896550018,7.839588350309988,0.7253641582149466,796.2612427038259,-6601.679080368494,727.0196830373116,414.61363986911107,39.545545936954326,0.040396098226657164,0.8559973130455486,462.9860228256972,3837.7521268035794,2738.6013761878717,2869.4529716512393,0.012747786591496918,0,0.39693908681581735,0.08570851819700585,0.08564385512238522,0.7906901585593642,0.8851350147453952,0.9778947940896445,0.9777537720423696,1254,396.3739024067982
20191130,-1080.8005731319265,-128.94001762312814,-47.58627022148538,46.136569152323354,5362.6458300592085,-90.79619769408836,7.8422153438868545,0.6618375711420021,778.8452785068789,-6456.3573786206935,850.6444529272993,283.39221049438606,38.66363664060043,0.04004632238411003,0.8504232958876307,456.7344379995518,3785.993806159859,2704.6687484697686,2835.5500817382276,0.01900840889047879,0,0.4365691750955062,0.08839204259062794,0.08837723017386513,0.7531854767910379,0.9204056302158723,0.9780730118704967,0.9779353227770617,1274,394.2624392641864
20191201,-1087.939674489023,-125.68460405255789,-49.0300730205344,39.98289328695057,5383.073699247445,-56.59562915704591,7.8604518142607684,0.23371748756108193,758.338445343506,-6287.79255609815,825.9320632872144,314.2256811128276,34.85608513782096,0.038677384217086164,0.8219051738727023,453.8534988087874,3762.2179583511215,2684.3917256989653,2818.217595309204,0.10468404587212596,0,0.7761794049771285,0.09498501937855462,0.09490379134448171,0.7583756874297318,0.9112386874913101,0.9782179756555778,0.9780836223828289,1297,392.28469542655205
20191202,-1096.5966375428936,-123.28827281458868,-51.7326330170236,35.92233828408577,5403.91251465494,-24.20947224628056,7.880513957811674,-0.17863906512643038,738.5699131279349,-6125.202183652315,801.8699802678537,341.8541814164466,32.02096137440201,0.037966125548921106,0.8025425091007731,452.1979527451426,3748.5031282865507,2674.8762928526703,2808.2247992743946,0.44975386623061586,0,0.8238880144271878,0.10264708417861941,0.10248937472359043,0.7643935058998618,0.9031288784931595,0.9782183487399359,0.9780861384136229,1318,390.9038096781762
20191203,-1096.3575424972944,-122.03880954183867,-51.619181903026906,36.31942263611724,5414.245555916354,-14.03455141549526,7.888688997380759,-0.2697025515002892,790.081458953923,-6547.580731121979,1177.3796401356133,7.76713354023146,30.87850686367055,0.037440596604159604,0.7931178142381708,446.92073954899155,3704.636865265595,2603.314961954318,2768.055184939855,0.6495362042356329,0,0.7338693952436169,0.07731593495383758,0.07738824029240642,0.651153559653949,0.9977615643457122,0.9783422959295254,0.9782131889007893,1342,388.72094625132024
20191204,-1102.3138788407748,-121.85905887705236,-50.491279005671814,36.493102391426234,5412.967498313255,-12.524297138474607,7.892834255021582,-0.3236232661398105,757.4691623203323,-6281.530240378105,818.0564076715566,342.9731321844773,29.82103950740612,0.03675737591647837,0.7825981013179241,438.781845708176,3637.544647678933,2548.8084202691307,2717.455590443905,0.6745645723681002,0,0.6792873517379807,0.08451904222067558,0.08441839215649992,0.7482924104312203,0.8995833365578434,0.97851117301231,0.9783855991511694,1369,385.7428911064539
20191205,-1108.159838218343,-120.8478463354144,-50.399405370307115,33.79938430058868,5424.090302518547,2.8713246462091186,7.904952502656902,-0.5321683522898181,747.1556862207577,-6196.121167007299,800.5915926027265,343.7509718153526,27.658228063418118,0.036117025288375654,0.7666796841903923,436.1432697319763,3615.6728546150102,2533.5986819342543,2701.2847839802007,0.9173315166907936,0,0.4877221628685947,0.08691722492746927,0.08680923240712356,0.7520575129148404,0.8987572416666119,0.978620920174672,0.9784981401038876,1393,383.4541380232902
20191206,-1115.068040218418,-119.12099969994418,-51.40606268224171,32.61679436206043,5436.792654002129,20.01193125373918,7.91904364484653,-0.7661230107908351,735.4212062872133,-6098.919061036674,782.2017826741502,343.02105921572803,26.214696100344305,0.035748702270247006,0.757090879453042,434.9077907460074,3605.432101635852,2526.5029127235325,2693.7495191374705,0.4453606790530382,0,0.31174474634271043,0.09106078860138604,0.09094434857026669,0.7569118648502307,0.8986897164120353,0.9785706199743102,0.9784492929819496,1413,382.38825477764317
20191207,-1132.251776225806,-114.52576982682572,-51.86504026848601,28.867929805563865,5457.603174571732,34.33131916382591,7.9474877969691855,-1.0159590971397126,658.1848453633665,-5454.578630806116,1012.423939406185,-25.73136386258615,25.85594862452276,0.03491646311427777,0.7554271464673261,431.8102315287551,3579.836172138178,2511.5684917740077,2679.5942475255392,0.18445773769097049,0,0.1788761061372394,0.12766740573059618,0.12780493705910712,0.6869314980954124,0.9923395973836227,0.9787419421130398,0.9786235952354506,1437,383.2409785365411
20191208,-1143.365822606121,-112.81553055874075,-54.60716187489065,30.990471167949188,5473.2233248093335,39.06951048673295,7.95991319859132,-0.5727282829910006,659.7974117248846,-5467.733828874826,1037.192915162213,-51.99692558771763,24.248739323671618,0.03437597340974412,0.5817996171238579,428.74537290097106,3554.3418831796753,2488.3699624797473,2653.1283126608087,0.1073529566605679,0,0.3250780876234267,0.1240448880188877,0.12418594422551175,0.6768741666943241,0.9843664633277109,0.97880229138933,0.9786860599507519,1459,382.36056374822465
20191209,-1145.6467221767837,-111.62061841714336,-55.29264271852023,31.749320688297825,5474.9688925654955,34.57096542441941,7.959826186412261,-0.32517365748368426,653.4711848587759,-5415.028869085039,1054.3416102787426,-80.08953091057916,23.038907733698956,0.03399413904035795,0.39773852019477246,421.4849454916873,3494.0560242992306,2447.7457530616102,2607.9810017717073,0.13368561167844628,0,0.4137418805485984,0.12125837734548087,0.1214069566192542,0.6667201428975661,0.9755054270179784,0.9788910479919848,0.9787771763695545,1483,379.4845809555008
20191210,-1148.8423900213336,-110.00931997691839,-54.24111180172431,30.984355867876815,5477.3874198137455,35.472524921640286,7.964190611657321,-0.311669520975256,646.4946171113842,-5357.229308808937,1046.088617888452,-82.21108718950133,22.668964906449556,0.033656830266345625,0.3882235906144979,418.8410135259743,3472.19680977193,2435.592682434157,2596.105617251695,0.11783969206019482,0,0.42221229913914515,0.12291289807535197,0.12306786841771865,0.6676206946732359,0.9747417656654076,0.9789771378461853,0.9788648662191957,1498,378.4791922908996
20191211,-1154.5752793252916,-108.38502708341376,-53.18596879271337,30.62497983781678,5484.887965225905,39.46234848617712,7.97323481784418,-0.3295971209637344,637.906077041186,-5285.828930774213,1050.6977479196187,-101.65551404461934,22.000152299223956,0.03318655005061873,0.3853050271971027,414.4448504352671,3435.7130119528797,2409.608398652944,2567.554020808244,0.07305421494826658,0,0.3924537746337513,0.12396731109611782,0.12413496397903272,0.6628657819899901,0.9684233036553389,0.9791538979725761,0.9790445413717765,1525,375.9493869805244
20191218,-1159.8101931009207,-106.91629413655784,-52.73572087474989,32.068816632309584,5492.26411206788,45.53011428173575,7.981783281845908,-0.352103829349236,622.5278280160451,-5159.49316432089,943.3022777533306,-11.179873832974367,21.330070785914756,0.032695767769887446,0.3831241666763196,411.2902107714535,3409.5023506180496,2390.1415636079055,2545.6579963344047,0.03295433209294982,0,0.3582212914319002,0.13033196008189826,0.13041541751398952,0.6931453775081404,0.9964964734127613,0.9792740623708042,0.9791670207303693,1549,374.19013786023913
20191219,-1163.7945899784195,-105.76507783743696,-54.22504450665112,33.65255570712393,5503.036958716332,46.93810860936362,7.9885913535006265,-0.3293306665734373,569.5241665826782,-4718.4078965468425,1015.011833640408,-171.05687194398422,21.137568036602605,0.03211029471361798,0.3807574936548383,405.2884176811891,3359.616766319778,2365.399254763135,2516.8440087514955,0.02651998936388316,0,0.38720608498404774,0.1601498246358564,0.1603828310569958,0.6679033645683643,0.9458222698677305,0.9795737848182311,0.9794699006977898,1573,372.3408889207183
20191220,-1167.06353203099,-105.46526904470022,-52.883837506805435,34.03052672677444,5504.794218864281,45.83228353322605,7.995419743326195,-0.34848158356332176,571.9463627588426,-4736.928703691761,1129.3651354609565,-289.9972062500897,20.992811918346725,0.031683006775059,0.37916331357631955,400.34466634074477,3318.620856337166,2341.0647699092738,2490.648222609753,0.02916351467270552,0,0.3581922940431498,0.15330474512101516,0.15366626426328955,0.6295771666388235,0.9073228892296941,0.979886976317916,0.9797862222856951,1597,371.06298440882523
20191221,-1171.193675845731,-106.14674944817665,-51.74632200081299,36.01745946606979,5497.775828691771,44.42655763799143,7.995543039239644,-0.361459128558859,530.189510981748,-4392.42257599479,969.3703968222449,-182.5848945995342,20.741814911883026,0.03141110776856508,0.37637155181314047,392.65449471580814,3255.111816309453,2303.3944074292167,2455.3218009537777,0.03235147972781614,0,0.33700800425116684,0.17711794100269443,0.17739944858265638,0.6739245714124613,0.9407307891180369,0.9799488472646921,0.9798498903110323,1621,368.78240038697123
20191222,-1174.172362279491,-104.267119194273,-51.824799385134796,36.00252380523217,5502.204641533,46.087519188925825,8.000084290387958,-0.34637695601243307,529.7455729217841,-4387.862063637195,1033.5363063502475,-253.2560058326821,20.576600981924056,0.031172174774180224,0.37416220648084064,387.64113192984905,3213.35850428703,2273.8822473069195,2420.040417696263,0.025236875150650137,0,0.35471685318897905,0.17194134980395218,0.17228058427820567,0.6495109790984204,0.9166666971769143,0.9799802089040426,0.9798828482178616,1645,366.8914275101346
20191223,-1210.1845819901782,-102.64782332031315,-50.90234726191095,39.52926088021209,5501.823347153156,48.29640235240976,7.995920514043559,-0.3547951144079467,393.965398539342,-3261.1684323962986,998.1797486083834,-419.1787997001819,20.553414075969663,0.030977716613039767,0.3743076591341819,383.59742403878687,3179.8912449955974,2251.129461415378,2396.942265112208,0.018899469286373802,0,0.3433327033856225,0.304555973321697,0.30524776707771784,0.6575246087722791,0.86119463375301,0.9799613813526301,0.9798653304543803,1669,367.20437982446566
20191224,-1207.0007914235343,-101.9357591405723,-50.25332368102685,41.27163332382126,5505.656998148207,48.04597320898403,7.993752496719182,-0.3625470859615406,401.45914021493945,-3321.913261438599,1107.4421423806652,-524.3892178429103,20.516258138089736,0.030827602639007655,0.37394969129154987,380.8694435583677,3157.0808063186187,2236.666419258276,2377.582440252111,0.0193038801727397,0,0.3324304481942201,0.29200597870345935,0.2928531837615856,0.6205721384884163,0.8254650375796155,0.9799346810049469,0.979839865557835,1693,367.1267161473097
20191225,-1207.0487296886324,-101.51601505265218,-50.36097813515212,41.44066797511899,5511.060503905316,49.16955823709464,7.999568313602707,-0.3461650035762131,339.1836162736299,-2806.6795640178766,969.0248357475361,-472.3910091024736,20.44406688356431,0.030495274877573555,0.3729543257746576,378.3349946252913,3136.072678147604,2225.9710475409474,2366.292245577311,0.01627472074172888,0,0.353450402699779,0.37010309068172176,0.3709310219570232,0.6633801789728097,0.8417910257377199,0.9799666274302125,0.979872904049769,1710,366.4303984301347
20191226,-1207.1723946575173,-100.62605923044049,-49.4830900535534,41.86165671383559,5511.928710652578,44.947883636761695,8.000029213675694,-0.3264272245136228,326.78083920203625,-2703.0679832134424,1014.5412410934242,-540.3945351355939,20.006684177042413,0.030075695570949964,0.3714776122535386,376.15015569390846,3117.891757600144,2213.600591273913,2351.7301276136754,0.024788278272411462,0,0.37967140028632984,0.38510361114183234,0.3860873642383391,0.6467787838901073,0.8182852227269138,0.9801391655364149,0.9800474825152328,1733,365.2791456749634
20200106,-1203.8770254582032,-98.05928982626412,-51.26824847845561,39.82816005753206,5529.951092856701,48.579991579409516,8.00063261784103,0.03273299263404423,351.1972260725772,-2904.0297359223623,1124.7249743867062,-629.0319402275672,19.647759799095475,0.029751295214016604,0.3437533895776295,374.4483907649281,3103.839587163078,2199.874662953232,2338.1418036361742,0.013509494578543035,0,0.9241491062493731,0.34842185342730336,0.34959490198013166,0.6092278227415162,0.7879376404897135,0.9801442283516137,0.9800538207402381,1757,364.6383856072372
20200107,-1207.0332353631436,-96.93223287841434,-50.758367200022306,37.58122956261591,5534.063441412087,48.27329634797111,8.005053898236923,0.03155246861545229,374.31594963330326,-3096.119111769332,1102.468762194927,-570.6179329239712,19.505966567290784,0.029374718864699997,0.3416710291859313,369.6146781895326,3063.5947998787315,2168.067097657481,2300.6899617906392,0.013423712113004723,0,0.9264323284442816,0.3113317755441043,0.31233734646960193,0.6111635707496501,0.8041472521620637,0.9802174603268086,0.9801285999576982,1781,362.54454681659917
20200108,-1211.0882888013664,-95.17621787090792,-50.51302818019434,38.37906674589502,5536.502930111946,50.30701762570545,8.010267524770109,0.01889162428700369,379.09606808302067,-3134.668381478473,1187.4086106998125,-654.8914574042738,19.024741184915328,0.02905367197777843,0.33966995100668795,366.3616499580528,3036.588543174187,2149.275170009628,2279.955860517308,0.00825707165525003,0,0.9556526062673482,0.30092001759868897,0.30207019840748456,0.580695246065554,0.7739625602038818,0.9803273024566577,0.9802401104453853,1805,360.66059682885646
20200109,-1211.9498412049636,-95.21872567391472,-50.66171845002481,38.849245955296034,5535.923481613725,50.501517996338556,8.01002267975614,0.017212815852718107,396.211015404342,-3276.8286572362563,1180.8146184317989,-621.8453395713824,18.88406722545805,0.028998843707176425,0.3391124896122858,365.43328381825353,3028.882004578129,2145.919358779954,2276.209925676713,0.007556015919417133,0,0.9595236146890934,0.2784103631574173,0.279458346023522,0.5822085484333286,0.7847357495158567,0.9803683846256449,0.9802817108270826,1812,360.1256203571703
20200110,-1210.803840465548,-96.21808550369525,-50.226075511428114,39.30218079948413,5534.638469907969,50.01127334182114,8.008106949853415,0.010690397508917518,399.37668947093357,-3302.3229366691085,1246.8257484846345,-686.5664371368738,18.746516318056738,0.02884801080243172,0.33811351031466264,361.42296806058624,2995.7781197836134,2130.8159150936585,2262.8841213650107,0.00770322712996565,0,0.9747803182397247,0.2692998403911569,0.2704652473230662,0.5585257650108195,0.7616170816683683,0.980487153656682,0.980401758267871,1828,359.2458300231254
20200111,-1210.3200034546844,-95.89936873770348,-50.6310054602545,40.64417519213678,5535.294094267228,50.631005460296834,8.008459559288541,0.009673748689975168,398.80870656817535,-3296.7298374881498,1315.234877855768,-760.2077839779811,18.55704993953195,0.028582267838668837,0.3363595589910558,357.53060550854667,2963.492183851831,2104.973384759502,2234.883326751044,0.0064244294893088865,0,0.9770589884763703,0.2648009199307711,0.2660901153579111,0.5321644862676194,0.7337780273123924,0.9807109117334081,0.980627589537872,1852,357.5188900162992
20200112,-1210.0295064708473,-93.79331177509513,-51.66796767865915,40.58555034212174,5537.8449577359315,51.66796767875288,8.012141145642214,0.005040702877868828,366.32441297286204,-3026.671727975759,1339.607468102136,-835.5924867214309,18.44247114812583,0.028318790856108986,0.3348300252058933,354.07420882086353,2934.9447813886377,2081.891196798906,2212.3742757012883,0.0051375778295493215,0,0.9879902912148362,0.30099010728642156,0.3025549436704877,0.520006252911437,0.7057033386502258,0.9808455753786008,0.9807638933972729,1876,356.1756338541951
20200113,-1212.2538735428736,-92.49438214986186,-51.62956294710282,42.01755459963119,5544.377284043021,51.629562947083556,8.017105406669824,0.01811619404565952,340.3741506496361,-2810.2590276341584,1411.281192653061,-953.4250709761808,18.315167148580496,0.0279803188899142,0.3328777671264435,349.5120014606938,2897.161132272123,2053.564320488241,2182.9478529399157,0.004868017483581693,0,0.9566039066418924,0.33025230568196706,0.33216776413503435,0.492018551186033,0.6623347851820679,0.9808880447547247,0.9808075733642183,1900,354.37930519267655
20200114,-1211.465512873512,-92.55295699188281,-52.80368787165277,43.665007040309135,5543.308004486627,52.80368787168419,8.015683589660247,0.017318947698350916,383.6230303835145,-3172.733900183021,1144.3373337988494,-600.6249433366582,18.19544090680542,0.02771750854085043,0.3315422995432386,344.3823032447953,2854.5808794194595,2030.027843967803,2156.891666017276,0.0037497169991772866,0,0.9583448593830544,0.26544181342269796,0.2665120634251736,0.5730204444364803,0.7806831799623652,0.9811318837715198,0.9810534300657882,1924,353.1023534968103
20200115,-1209.5274680481161,-91.96003561723128,-53.11595535989095,43.69351053642072,5544.243455899361,53.1995642585784,8.016566896599723,0.017855663328123012,354.980231421327,-2937.109473759137,979.9705855861987,-467.65432025851914,18.098526787142124,0.027331618980655663,0.32990226845671894,340.8883500145882,2825.6499877123574,2008.9052864663463,2135.099414463872,0.0033267438918274882,0,0.9568418413976196,0.29784760223967194,0.29872653744137007,0.625737032857639,0.8266483489362884,0.981403728089462,0.98132735736293,1948,351.6239368556371
