dia_mes_ano,hora_minuto,P_AC,I_AC,I_DC,V_AC,V_DC,IRR
20200324,054300,6,0.08,0.07,219.4,482.5,6
20200324,054400,9,0.09,0.08,219.4,466.2,6
20200324,054500,15,0.11,0.09,219.4,467.3,7
20200324,054600,21,0.13,0.1,219.5,492.9,9
20200324,054700,27,0.15,0.12,219.6,470.7,7
20200324,054800,33,0.17,0.13,219.1,482.5,9
20200324,054900,39,0.2,0.13,219.6,507.9,9
20200324,055000,48,0.23,0.15,219.5,498,12
20200324,055100,54,0.26,0.16,219.4,498.3,12
20200324,055200,60,0.29,0.18,219.1,493.8,12
20200324,055300,66,0.32,0.19,219.2,504.5,13
20200324,055400,72,0.35,0.2,219.2,505.6,10
20200324,055500,79,0.37,0.21,219.3,506.5,15
20200324,055600,85,0.4,0.23,219.4,498.4,15
20200324,055700,92,0.43,0.24,219.2,507.9,15
20200324,055800,99,0.46,0.25,219.5,512.9,18
20200324,055900,105,0.49,0.26,219.5,519,16
20200324,060000,112,0.52,0.28,219.4,506.9,19
20200324,060100,119,0.56,0.28,219.2,514.9,19
20200324,060200,129,0.59,0.3,219.4,526.2,19
20200324,060300,138,0.64,0.31,219.3,528.3,21
20200324,060400,144,0.66,0.31,219.2,547.5,25
20200324,060500,150,0.7,0.32,219.1,540.7,30
20200324,060600,159,0.74,0.35,218.9,539.5,33
20200324,060700,165,0.77,0.36,219.1,537.2,35
20200324,060800,171,0.8,0.37,219.1,538,36
20200324,060900,180,0.83,0.38,219.1,545.4,39
20200324,061000,189,0.88,0.39,218.8,552.1,42
20200324,061100,201,0.93,0.41,219.1,551.7,44
20200324,061200,213,0.99,0.44,219.1,550.7,47
20200324,061300,237,1.1,0.47,219.2,559.8,48
20200324,061400,249,1.16,0.49,219.2,562.9,50
20200324,061500,271,1.25,0.54,219.3,556.4,54
20200324,061600,294,1.35,0.55,219.3,575.2,57
20200324,061700,321,1.46,0.58,219.4,588.9,59
20200324,061800,351,1.63,0.65,219.3,592.3,63
20200324,061900,396,1.82,0.74,219.1,577.6,65
20200324,062000,483,2.21,0.97,219.5,527.5,70
20200324,062100,543,2.49,0.97,219.5,586.9,73
20200324,062200,573,2.63,1.03,219.6,586.2,76
20200324,062300,594,2.72,1.06,219.6,585.5,80
20200324,062400,620,2.84,1.1,219.8,583.5,82
20200324,062500,642,2.93,1.14,220,588.9,86
20200324,062600,660,3.02,1.16,220.1,588.3,89
20200324,062700,677,3.09,1.19,220,592.8,92
20200324,062800,702,3.19,1.24,219.9,584.2,97
20200324,062900,723,3.31,1.26,219.9,589.4,100
20200324,063000,745,3.4,1.31,220,590.6,105
20200324,063100,771,3.51,1.36,220,583,108
20200324,063200,795,3.63,1.39,219.8,588.5,112
20200324,063300,810,3.69,1.44,220,584.3,115
20200324,063400,831,3.79,1.57,220,586.5,120
20200324,063500,987,4.5,1.9,220.1,539.1,123
20200324,063600,1026,4.67,1.94,220.1,542.6,127
20200324,063700,1065,4.85,2.03,220.1,538,132
20200324,063800,1116,5.08,2.08,220.1,548.1,135
20200324,063900,1152,5.25,2.16,220.2,553.1,140
20200324,064000,1194,5.44,2.22,220.2,549.4,144
20200324,064100,1234,5.61,2.3,220.2,550.2,147
20200324,064200,1278,5.81,2.38,220.2,549.7,153
20200324,064300,1317,5.99,2.39,220.1,562.4,156
20200324,064400,1355,6.16,2.48,220.2,554.7,159
20200324,064500,1386,6.29,2.5,220.5,568.8,164
20200324,064600,1422,6.46,2.52,220.6,570,168
20200324,064700,1473,6.7,2.66,220.3,562.4,175
20200324,064800,1527,6.92,2.78,220.8,564.8,178
20200324,064900,1590,7.21,2.84,220.8,573.9,182
20200324,065000,1625,7.37,2.9,220.8,573,188
20200324,065100,1674,7.58,2.99,220.8,568,191
20200324,065200,1713,7.75,3.08,221.1,569.3,196
20200324,065300,1758,7.95,3.12,221.3,575.6,200
20200324,065400,1800,8.14,3.23,221.2,567.4,205
20200324,065500,1844,8.34,3.27,221.4,570.5,210
20200324,065600,1914,8.65,3.34,221.3,580.8,214
20200324,065700,1956,8.83,3.4,221.3,584.2,219
20200324,065800,2007,9.08,3.49,221.1,582.8,223
20200324,065900,2046,9.27,3.58,220.9,578.9,228
20200324,070000,2088,9.46,3.65,220.9,583.8,234
20200324,070100,2133,9.71,3.73,220.8,585.1,237
20200324,070200,2181,9.88,3.82,221.1,581.3,243
20200324,070300,2229,10.1,3.92,221,580.9,248
20200324,070400,2277,10.31,4,221,580.2,252
20200324,070500,2322,10.52,3.85,220.8,595.5,257
20200324,070600,2373,10.75,4.08,220.9,587.7,263
20200324,070700,2400,10.86,4.13,221,588.5,266
20200324,070800,2454,11.1,4.28,221,579.8,270
20200324,070900,2499,11.31,4.4,220.9,575.6,275
20200324,071000,2544,11.53,4.47,221,580.3,280
20200324,071100,2586,11.72,4.56,221.1,580.2,284
20200324,071200,2640,11.96,4.61,220.9,585.4,289
20200324,071300,2696,12.21,4.68,220.8,586.6,296
20200324,071400,2747,12.43,4.77,221,585,301
20200324,071500,2790,12.61,4.84,221.1,580,302
20200324,071600,2832,12.77,4.97,221.3,576.7,309
20200324,071700,2880,13.05,5.05,221.3,582,313
20200324,071800,2936,13.27,5.12,221.2,577.2,319
20200324,071900,2973,13.46,5.21,221.2,581.9,322
20200324,072000,3021,13.66,5.25,221.1,578.6,328
20200324,072100,3057,13.83,5.37,221.1,579.9,333
20200324,072200,3099,13.99,5.4,221.8,581.1,337
20200324,072300,3144,14.17,5.51,221.9,577.8,341
20200324,072400,3189,14.38,5.57,221.9,582.4,347
20200324,072500,3238,14.61,5.69,221.6,575.2,351
20200324,072600,3279,14.8,5.74,221.8,575.5,356
20200324,072700,3324,14.98,5.87,221.8,577.9,360
20200324,072800,3373,15.21,5.9,221.7,576.5,366
20200324,072900,3417,15.42,5.97,221.6,575.8,371
20200324,073000,3442,15.51,6.02,222,578.1,374
20200324,073100,3504,15.77,6.16,222.1,574.5,380
20200324,073200,3545,15.97,6.23,222,578.7,383
20200324,073300,3595,16.2,6.29,222,575.1,389
20200324,073400,3633,16.35,6.45,222,570,394
20200324,073500,3675,16.53,6.52,221.9,569,398
20200324,073600,3712,16.72,6.57,222,580.1,403
20200324,073700,3765,16.96,6.65,222,573.2,407
20200324,073800,3795,17.09,6.73,221.9,569.6,412
20200324,073900,3843,17.32,6.82,221.9,573.7,417
20200324,074000,3883,17.52,6.86,221.7,569.8,421
20200324,074100,3923,17.68,6.94,222.1,570.5,426
20200324,074200,3961,17.84,7.05,222.1,571.5,430
20200324,074300,4002,18,7.06,222.3,573,435
20200324,074400,4029,18.15,7.11,222.1,569.7,438
20200324,074500,4077,18.34,7.24,222.3,569.4,443
20200324,074600,4111,18.49,7.3,222.3,566.7,447
20200324,074700,4146,18.65,7.41,222.4,564.4,453
20200324,074800,4191,18.81,7.34,222.5,564.9,456
20200324,074900,4217,18.97,7.58,222.4,567.3,459
20200324,075000,4261,19.14,7.43,222.3,573.6,464
20200324,075100,4304,19.36,7.74,222.4,564.6,470
20200324,075200,4339,19.49,7.74,222.5,564.4,474
20200324,075300,4368,19.67,7.85,222.4,561.4,481
20200324,075400,4377,19.67,8,222.4,552.6,484
20200324,075500,4479,20.14,8.05,222.4,568.7,490
20200324,075600,4521,20.32,8.12,222.5,567.6,493
20200324,075700,4560,20.49,8.21,222.7,565.5,499
20200324,075800,4599,20.68,8.25,222.6,567.2,502
20200324,075900,4643,20.89,8.31,222.6,565.2,508
20200324,080000,4677,21,8.34,222.6,562.6,513
20200324,080100,4713,21.14,8.41,222.8,570.2,517
20200324,080200,4752,21.35,8.52,222.5,564.4,520
20200324,080300,4787,21.48,8.63,222.7,561.2,525
20200324,080400,4812,21.6,8.66,222.8,565.5,529
20200324,080500,4854,21.81,8.7,222.5,561.3,535
20200324,080600,4905,22.06,8.87,222.5,564.5,540
20200324,080700,4953,22.24,8.96,222.9,561,545
20200324,080800,4986,22.37,8.97,223,561,549
20200324,080900,5007,22.45,9.05,223,560.6,552
20200324,081000,5025,22.55,9.17,222.9,555.9,555
20200324,081100,5082,22.78,9.1,223.1,562.8,561
20200324,081200,5130,22.98,9.29,223.1,562.4,566
20200324,081300,5178,23.19,9.42,223.3,559.5,570
20200324,081400,5205,23.36,9.41,223.1,560.6,575
20200324,081500,5232,23.44,9.42,223.3,561,576
20200324,081600,5265,23.58,9.6,223.2,557.2,581
20200324,081700,5305,23.78,9.74,223.1,555.7,584
20200324,081800,5353,23.98,9.51,223.2,559.9,590
20200324,081900,5382,24.1,9.78,223.4,559.6,595
20200324,082000,5427,24.3,9.78,223.5,561.9,599
20200324,082100,5475,24.53,9.95,223.4,558.2,605
20200324,082200,5502,24.61,9.95,223.6,562.5,608
20200324,082300,5544,24.8,10.04,223.5,557.8,613
20200324,082400,5580,24.97,10.14,223.4,558.1,618
20200324,082500,5610,25.13,10.2,223.2,557.7,622
20200324,082600,5625,25.17,10.27,223.4,552.7,625
20200324,082700,5664,25.35,10.35,223.5,557.8,630
20200324,082800,5683,25.43,10.42,223.5,556.7,634
20200324,082900,5709,25.54,10.38,223.7,554.7,636
20200324,083000,5740,25.65,10.44,223.8,555.9,640
20200324,083100,5781,25.81,10.61,224,556.9,647
20200324,083200,5790,25.89,10.61,223.6,548.9,648
20200324,083300,5829,26.04,10.65,223.8,552.9,651
20200324,083400,5874,26.23,10.78,224,552.7,656
20200324,083500,5922,26.43,10.76,224.1,553.4,660
20200324,083600,5966,26.63,10.86,224,554.5,668
20200324,083700,5993,26.74,11.06,224.3,552.4,671
20200324,083800,6018,26.82,11.14,224.3,549.2,674
20200324,083900,6036,26.93,11.11,224.3,552.4,677
20200324,084000,6062,27.08,11.19,223.8,548.2,682
20200324,084100,6102,27.2,11.25,224.2,548.4,685
20200324,084200,6126,27.32,11.35,224.2,551.6,689
20200324,084300,6152,27.45,11.29,224.1,549.3,691
20200324,084400,6185,27.59,11.47,224.1,550.1,695
20200324,084500,6216,27.78,11.51,223.9,549.4,700
20200324,084600,6259,27.93,11.49,223.9,556.4,703
20200324,084700,6280,28.1,11.58,223.8,552.3,706
20200324,084800,6277,27.99,11.07,224,565.8,709
20200324,084900,6345,28.31,11.74,224.1,551.6,713
20200324,085000,6354,28.35,11.66,224.1,549.5,717
20200324,085100,6386,28.51,11.83,224,550,720
20200324,085200,6423,28.69,11.58,223.9,551.2,723
20200324,085300,6459,28.83,11.96,224,548.4,727
20200324,085400,6498,29,11.95,224.1,552.1,732
20200324,085500,6528,29.15,12.06,223.9,547.5,736
20200324,085600,6564,29.27,12.07,224.2,552.6,741
20200324,085700,6579,29.34,12.19,224.2,550.7,744
20200324,085800,6601,29.44,12.23,224.1,549.9,749
20200324,085900,6634,29.58,12.32,224,542.5,752
20200324,090000,6616,29.69,12.44,224,547.7,756
20200324,090100,6756,30.15,12.5,223.9,544.8,764
20200324,090200,6735,30.04,12.58,224.1,545.1,764
20200324,090300,6747,30.15,12.63,223.8,547.7,767
20200324,090400,6791,30.3,12.62,224,547.8,770
20200324,090500,6822,30.42,12.67,224.2,547.3,773
20200324,090600,6850,30.53,12.69,224.3,548,777
20200324,090700,6864,30.59,12.83,224.5,547.6,780
20200324,090800,6896,30.74,12.88,224.4,546.1,787
20200324,090900,6927,30.85,12.9,224.5,542.6,790
20200324,091000,6963,31.07,13,224.2,547.5,796
20200324,091100,7011,31.23,13.02,224.4,546.3,800
20200324,091200,6960,31.02,13.04,224.4,545.6,797
20200324,091300,6882,30.79,13.03,224.3,544.4,794
20200324,091400,6798,30.46,12.81,224,538.7,791
20200324,091500,7005,31.26,13.24,224.4,541.2,809
20200324,091600,7032,31.33,13.28,224.3,540.3,811
20200324,091700,7062,31.49,13.21,224.3,540.6,815
20200324,091800,6936,30.79,13.02,223.8,533.3,797
20200324,091900,6836,30.5,13.23,223.9,514.7,803
20200324,092000,7077,31.57,13.47,224.1,534.7,822
20200324,092100,7036,31.38,13.3,224.2,535.8,819
20200324,092200,7112,31.7,13.54,224.3,533.4,831
20200324,092300,7083,31.53,13.2,224.4,537.5,825
20200324,092400,7068,31.48,13.45,224.5,537,825
20200324,092500,7155,31.84,13.63,224.5,536,834
20200324,092600,7143,31.87,13.51,224.3,534.5,835
20200324,092700,7161,31.87,13.71,224.6,532.1,838
20200324,092800,7200,32.08,13.74,224.4,528,844
20200324,092900,7239,32.21,13.93,224.6,531.2,847
20200324,093000,7293,32.51,13.87,224.3,532.6,851
20200324,093100,7342,32.69,13.96,224.6,537.5,857
20200324,093200,7365,32.79,13.92,224.6,533,857
20200324,093300,7367,32.81,14.05,224.7,535.6,858
20200324,093400,7404,32.99,14.01,224.5,535.4,863
20200324,093500,7426,33.05,14.14,224.6,536.2,866
20200324,093600,7442,33.12,14.17,224.6,532.9,869
20200324,093700,7422,33.04,14.28,224.5,530.7,867
20200324,093800,7437,33.16,14.21,224.3,530.5,872
20200324,093900,7479,33.29,14.41,224.6,527.9,875
20200324,094000,7512,33.48,14.39,224.6,532.1,881
20200324,094100,7536,33.55,14.46,224.5,527.8,884
20200324,094200,7533,33.59,14.47,224.3,532.2,887
20200324,094300,7575,33.72,14.59,224.6,531.6,890
20200324,094400,7572,33.7,14.46,224.6,528.5,890
20200324,094500,7593,33.77,14.49,224.8,529.5,893
20200324,094600,7617,33.92,14.57,224.5,531,895
20200324,094700,7667,34.11,14.77,224.7,527.2,901
20200324,094800,7696,34.25,14.75,224.8,532.2,905
20200324,094900,7701,34.29,14.77,224.6,527.9,907
20200324,095000,7710,34.37,14.78,224.3,529.1,910
20200324,095100,7746,34.51,14.88,224.5,529.6,913
20200324,095200,7756,34.56,14.94,224.3,525.4,914
20200324,095300,7779,34.64,15,224.5,529.8,916
20200324,095400,7782,34.7,14.9,224.3,526.2,919
20200324,095500,7785,34.67,15.05,224.5,528.6,922
20200324,095600,7819,34.82,15.14,224.5,527.9,927
20200324,095700,7833,34.87,15,224.5,528.4,928
20200324,095800,7851,35.01,15.06,224.2,529.3,930
20200324,095900,7815,34.82,15.04,224.4,529.9,928
20200324,100000,7848,34.93,15.15,224.6,525.5,933
20200324,100100,7869,35.02,15.25,224.6,528.1,936
20200324,100200,7884,35.13,15.15,224.4,525.5,937
20200324,100300,7887,35.11,15.32,224.7,526.3,937
20200324,100400,7940,35.33,15.18,224.6,528.1,946
20200324,100500,7915,35.2,15.31,224.7,529.2,943
20200324,100600,7950,35.39,15.34,224.5,527.7,948
20200324,100700,7953,35.4,15.65,224.6,517.9,949
20200324,100800,7956,35.45,15.67,224.4,518,949
20200324,100900,7969,35.51,15.29,224.4,526.2,953
20200324,101000,7957,35.5,15.52,224.1,520.4,951
20200324,101100,7992,35.64,15.24,224.3,522.1,957
20200324,101200,8001,35.66,15.69,224.4,519.2,960
20200324,101300,8025,35.78,15.51,224.4,523.1,960
20200324,101400,8061,35.95,15.79,224.2,521.2,965
20200324,101500,8103,36.11,15.73,224.3,521.8,969
20200324,101600,8062,35.91,16.03,224.4,511.7,971
20200324,101700,8072,35.97,15.76,224.4,516.5,975
20200324,101800,8073,35.98,15.71,224.4,526.3,974
20200324,101900,8094,36.04,15.8,224.6,520.2,975
20200324,102000,8107,36.11,15.48,224.3,528.9,980
20200324,102100,8126,36.24,15.74,224.2,525.2,980
20200324,102200,8139,36.33,15.84,224.1,528.9,986
20200324,102300,8208,36.59,16.39,224.3,510.1,995
20200324,102400,8250,36.76,16.47,224.4,510.2,1000
20200324,102500,8274,36.83,16.33,224.6,517.7,1001
20200324,102600,8235,36.67,16.43,224.6,509.9,1000
20200324,102700,8214,36.58,16.4,224.7,510,1000
20200324,102800,8212,36.57,16.39,224.6,510,1001
20200324,102900,8181,36.37,16.35,224.4,509.2,998
20200324,103000,8085,36.08,16.55,224.1,497.6,997
20200324,103100,7049,30.94,16.94,223,437,998
20200324,103200,8193,36.51,16.5,224.5,505.4,1004
20200324,103300,8214,36.6,16.54,224.3,505.5,1007
20200324,103400,8202,36.59,16.55,224.1,505.4,1007
20200324,103500,8160,36.43,16.44,224.2,505.4,1004
20200324,103600,8182,36.47,16.47,224.3,505.3,1007
20200324,103700,8211,36.57,16.53,224.4,505.1,1009
20200324,103800,8235,36.71,16.61,224.3,504.9,1009
20200324,103900,8238,36.7,16.62,224.5,504.9,1009
20200324,104000,8277,36.88,16.23,224.3,518.9,1012
20200324,104100,8268,36.83,16.57,224.3,507.1,1013
20200324,104200,8267,36.86,16.47,224.2,508.5,1013
20200324,104300,8276,36.89,15.95,224.3,528,1016
20200324,104400,8276,36.89,15.76,224.2,534.7,1018
20200324,104500,8277,36.92,15.72,224,536,1023
20200324,104600,8276,36.92,15.76,224,534.5,1023
20200324,104700,8277,36.9,15.7,224.3,535.4,1027
20200324,104800,8275,36.89,15.71,224.3,536.1,1026
20200324,104900,8277,36.88,15.72,224.3,535.2,1027
20200324,105000,8274,36.91,15.75,224.1,534.5,1030
20200324,105100,8277,36.87,15.67,224.5,537,1033
20200324,105200,8280,36.88,15.6,224.4,538.9,1038
20200324,105300,8279,36.89,15.7,224.3,536.4,1035
20200324,105400,8275,36.9,15.76,224.2,534.5,1038
20200324,105500,8277,36.84,15.77,224.6,534,1036
20200324,105600,8273,36.83,15.71,224.6,534.4,1039
20200324,105700,8273,36.83,15.82,224.5,531.9,1039
20200324,105800,8274,36.92,15.79,224,532.8,1042
20200324,105900,8277,36.92,15.73,224.1,535.7,1044
20200324,110000,8274,36.88,15.73,224.2,535.2,1045
20200324,110100,8278,36.93,15.8,224.1,533.1,1048
20200324,110200,8274,36.96,15.85,223.8,531.9,1047
20200324,110300,8274,36.97,15.88,223.7,531.1,1048
20200324,110400,8274,36.93,15.7,223.9,535.9,1051
20200324,110500,8274,36.92,15.68,224.1,537,1055
20200324,110600,8277,36.92,15.68,224.1,536.7,1050
20200324,110700,8277,36.96,15.74,223.9,536.2,1050
20200324,110800,8277,36.91,15.6,224.1,538.2,1050
20200324,110900,8277,36.91,15.65,224.1,538.7,1055
20200324,111000,8277,36.94,15.69,223.9,536,1053
20200324,111100,8271,37.01,15.82,223.5,532.9,1048
20200324,111200,8277,37.02,15.91,223.5,530.1,1050
20200324,111300,8277,37.06,15.82,223.3,532.2,1051
20200324,111400,8274,37.04,15.83,223.3,531.4,1051
20200324,111500,8277,37.08,15.88,223.1,531.1,1059
20200324,111600,8277,37,15.78,223.6,532.6,1067
20200324,111700,8277,36.99,15.96,223.6,527.6,1059
20200324,111800,8276,37.03,15.69,223.4,528.1,1062
20200324,111900,8277,37.06,16.01,223.3,526,1059
20200324,112000,8277,37.03,16.11,223.5,524.1,1059
20200324,112100,8277,37.01,16.12,223.6,521.7,1058
20200324,112200,8277,37.01,15.96,223.5,526.6,1062
20200324,112300,8277,37.03,16.02,223.4,525.8,1064
20200324,112400,8277,37.04,16.06,223.4,525.1,1067
20200324,112500,8277,36.99,16.03,223.7,527,1067
20200324,112600,8276,37.02,15.91,223.5,529.3,1068
20200324,112700,8280,37.02,16,223.5,526.6,1067
20200324,112800,8278,37.04,15.92,223.5,529.2,1073
20200324,112900,8279,37.01,15.96,223.6,527.8,1070
20200324,113000,8280,37,16,223.6,526.8,1068
20200324,113100,8276,37.01,15.99,223.4,527.3,1065
20200324,113200,8277,37.06,15.92,223.2,528.1,1067
20200324,113300,8279,37.05,15.95,223.4,529.5,1071
20200324,113400,8279,37.02,15.91,223.5,531.1,1074
20200324,113500,8277,36.99,15.91,223.7,528.7,1070
20200324,113600,8277,37.02,15.84,223.5,530.8,1076
20200324,113700,8278,36.99,15.92,223.7,528,1073
20200324,113800,8276,36.96,16.05,223.8,525.1,1068
20200324,113900,8277,36.98,16.03,223.7,524.8,1070
20200324,114000,8277,37.03,16.06,223.5,525.2,1073
20200324,114100,8277,36.98,15.92,223.8,528.3,1076
20200324,114200,8278,36.98,15.95,223.8,528.6,1076
20200324,114300,8277,36.96,15.9,223.9,530.9,1076
20200324,114400,8277,36.97,15.78,223.8,533.3,1079
20200324,114500,8277,36.99,15.82,223.7,533.8,1080
20200324,114600,8277,36.94,15.77,224,533.8,1080
20200324,114700,8274,36.93,15.83,224,532.2,1073
20200324,114800,8277,36.93,15.83,224,532.2,1076
20200324,114900,8274,36.98,15.79,223.8,533.2,1079
20200324,115000,8277,36.9,15.83,224.3,531.6,1083
20200324,115100,8271,36.92,15.85,224.1,531.2,1088
20200324,115200,8275,36.92,15.91,224.1,529.2,1086
20200324,115300,8278,36.98,15.95,223.8,529.2,1090
20200324,115400,8279,36.93,15.9,224.1,529.8,1094
20200324,115500,8277,36.9,15.79,224.2,532.5,1108
20200324,115600,8277,36.9,15.86,224.2,531.4,1111
20200324,115700,8280,36.98,15.81,223.8,531.5,1112
20200324,115900,8275,36.92,15.85,224.1,532.4,1125
20200324,120000,8277,36.91,15.76,224.1,533.6,1131
20200324,120100,8276,36.93,15.75,224,535.8,1140
20200324,120200,8276,36.96,15.8,223.9,533.2,1134
20200324,120300,8276,36.91,15.79,224.1,532.6,1134
20200324,120400,8277,36.94,15.82,224,532.2,1135
20200324,120500,8277,36.93,15.87,224,532.8,1140
20200324,120600,8278,36.96,15.75,224,534.1,1143
20200324,120700,8278,36.94,15.75,224,533.6,1146
20200324,120800,8276,36.95,15.78,224,534.4,1147
20200324,120900,8277,36.94,15.68,224,538.2,1158
20200324,121000,6512,27.35,11.83,221.2,520.3,715
20200324,121100,1487,6.93,3.16,215.5,485.3,190
20200324,121200,1815,8.49,3.76,216.3,496,225
20200324,121300,2154,9.94,4.37,216.8,504,260
20200324,121400,4551,20.8,9.19,219.7,532.1,461
20200324,121500,8277,36.98,14.48,223.8,581.9,1263
20200324,121600,8277,36.95,14.63,224,575.9,1274
20200324,121700,8280,36.97,14.8,223.9,570.5,1271
20200324,121800,8277,36.97,14.95,223.9,564.8,1265
20200324,121900,8280,37.01,14.99,223.7,559.6,1263
20200324,122000,8277,36.97,15.16,223.8,555.4,1248
20200324,122100,8276,36.95,15.33,223.9,550.9,1228
20200324,122200,8277,36.96,15.36,223.8,549,1216
20200324,122300,8278,37.01,15.41,223.6,547.1,1210
20200324,122400,8278,37.05,15.41,223.3,545.6,1205
20200324,122500,8278,37.04,15.48,223.4,546,1207
20200324,122600,8278,37.03,15.36,223.5,547.8,1222
20200324,122700,5277,25.5,10.57,220.4,510.5,587
20200324,122800,3366,18.5,8.55,218.1,518.3,528
20200324,122900,3766,19.5,8.27,218.6,537.8,829
20200324,123000,6462,29.06,11.99,221.4,546.1,1001
20200324,123100,1554,7.22,3.16,215.5,496.4,194
20200324,123200,1619,7.52,3.27,215.3,504.4,202
20200324,123300,1737,8.07,3.44,215.3,514.2,210
20200324,123400,2796,12.3,4.95,216.6,534.2,386
20200324,123500,8277,37.07,14.5,223.2,577.3,1150
20200324,123600,8275,37.04,14.69,223.3,572.3,1129
20200324,123700,8274,37.08,14.93,223,563.5,1121
20200324,123800,8277,37.06,15.1,223.3,556.9,1118
20200324,123900,8279,37.1,15.23,223.1,551.2,1118
20200324,124000,8277,37.1,15.4,223,547.2,1117
20200324,124100,8277,37.13,15.52,222.8,543.5,1115
20200324,124200,8275,37.08,15.56,223.1,539.8,1109
20200324,124300,8274,37.03,15.7,223.2,536.7,1106
20200324,124400,8271,37.04,15.71,223.2,536.3,1105
20200324,124500,8268,37.05,15.75,223.1,534.8,1103
20200324,124600,8228,36.89,15.67,222.9,532.5,1096
20200324,124700,8279,37.07,16.06,223.3,523.9,1086
20200324,124800,8277,37.03,16.28,223.4,517.8,1079
20200324,124900,8271,37.01,16.28,223.4,516.2,1076
20200324,125000,8268,37.03,16.36,223.1,514.8,1079
20200324,125100,8244,36.95,16.55,223,511.6,1077
20200324,125200,8277,37.05,16.72,223.3,503,1074
20200324,125300,8274,37.06,16.61,223.3,507.5,1074
20200324,125400,8277,37.07,16.49,223.2,510.6,1074
20200324,125500,8277,37.13,16.67,222.8,506.2,1074
20200324,125600,8277,37.12,16.81,222.9,502,1073
20200324,125700,8259,37.03,17.38,222.9,484,1071
20200324,125800,8221,36.62,13.04,222.7,505.6,1068
20200324,125900,8235,36.97,17.16,222.6,488.9,1067
20200324,130000,8210,36.86,17.08,222.5,489.3,1062
20200324,130100,8163,36.66,17,222.6,487.3,1058
20200324,130200,8106,36.34,17.26,222.5,476.7,1055
20200324,130300,8132,36.57,17.2,222.5,482.9,1056
20200324,130400,8101,36.31,17.37,221.9,473.1,1058
20200324,130500,8110,36.41,17.26,222,476.7,1055
20200324,130600,8106,36.48,16.99,222.1,485.7,1051
20200324,130700,8120,36.52,16.68,222.2,488.4,1050
20200324,130800,8112,36.54,17.02,221.9,485.5,1051
20200324,130900,8096,36.48,16.98,221.8,483.9,1048
20200324,131000,8105,36.45,17.07,222.1,483.8,1048
20200324,131100,8130,36.6,17,222.1,488.8,1053
20200324,131200,8111,36.61,17.04,222,484.1,1055
20200324,131300,8089,36.49,17.23,221.6,477.6,1055
20200324,131400,8079,36.44,17.23,221.7,477.5,1055
20200324,131500,8083,36.47,16.65,221.9,499.6,1051
20200324,131600,8120,36.56,16.9,222,487.6,1053
20200324,131700,8153,36.75,17,221.8,491,1055
20200324,131800,8102,36.53,16.84,221.7,489.7,1047
20200324,131900,8040,36.27,16.44,221.8,497.1,1035
20200324,132000,8050,36.31,16.62,221.9,493.7,1032
20200324,132100,8085,36.22,16.59,223,500,1032
20200324,132200,8050,36.13,16.49,222.8,498.5,1027
20200324,132300,8001,35.91,16.49,223.1,497.1,1024
20200324,132400,7995,35.85,16.21,223,499.2,1019
20200324,132500,7995,35.82,16.24,223.1,504.1,1021
20200324,132600,7968,35.75,16.43,222.8,495,1012
20200324,132700,7920,35.53,16.33,222.8,496,1016
20200324,132800,7908,35.45,16.29,223,492.3,1015
20200324,132900,7896,35.42,16.3,222.9,495.8,1015
20200324,133000,7851,35.31,16.14,222.6,495.7,1013
20200324,133100,7887,35.46,16.29,222.4,495.5,1018
20200324,133200,7896,35.47,16.19,222.4,493.6,1019
20200324,133300,7881,35.35,16.38,222.9,491.2,1021
20200324,133400,7851,35.26,16.26,222.7,491.5,1016
20200324,133500,7828,35.14,16.04,222.7,494.1,1015
20200324,133600,7821,35.15,16.18,222.4,493,1013
20200324,133700,7863,35.32,16.14,222.6,493.8,1016
20200324,133800,7917,35.53,16.43,222.7,489,1024
20200324,133900,7910,35.52,16.2,222.6,487.5,1026
20200324,134000,7889,35.5,15.89,222.1,495.5,1021
20200324,134100,7870,35.4,16.34,222.2,496.1,1016
20200324,134200,7905,35.52,16.22,222.5,492.2,1019
20200324,134300,7920,35.59,16.24,222.5,499,1023
20200324,134400,7954,35.71,16.5,222.5,490.9,1023
20200324,134500,7932,35.67,16.32,222.3,496.6,1018
20200324,134600,7890,35.47,16.11,222.5,496.6,1009
20200324,134700,7911,35.54,16.25,222.5,495.8,1010
20200324,134800,7923,35.61,16.24,222.4,503,1007
20200324,134900,7922,35.67,15.99,222.1,502.9,1006
20200324,135000,7917,35.65,15.98,222,502.7,1006
20200324,135100,7857,35.33,16.2,222.3,494.2,1001
20200324,135200,7827,35.17,15.81,222.4,504.6,998
20200324,135300,7779,34.98,15.85,222.3,498.2,992
20200324,135400,7766,34.97,15.88,222.1,500,994
20200324,135500,7734,34.78,15.6,222.3,499.3,988
20200324,135600,7713,34.66,15.88,222.4,501.6,983
20200324,135700,7695,34.58,15.64,222.4,502.2,981
20200324,135800,7672,34.52,15.66,222.1,499.5,977
20200324,135900,7584,34.11,15.36,222.1,505,965
20200324,140000,7514,33.78,15.13,222.2,501.5,953
20200324,140100,7451,33.51,14.93,222.3,503.9,942
20200324,140200,7443,33.47,15.02,222.3,507.7,940
20200324,140300,7470,33.6,14.99,222.2,502.3,943
20200324,140400,7512,33.77,15.11,222.3,506.7,951
20200324,140500,7460,33.56,15.02,222.2,502,945
20200324,140600,7479,33.62,14.88,222.3,509.3,945
20200324,140700,7558,34.02,15.16,222.1,505.4,953
20200324,140800,7543,33.92,15.07,222.1,510.2,951
20200324,140900,7459,33.57,14.87,222.1,506.2,943
20200324,141000,7389,33.25,14.86,222,508.7,931
20200324,141100,7288,32.87,14.51,221.7,508.1,916
20200324,141200,7236,32.65,14.4,221.5,508.4,901
20200324,141300,7242,32.65,14.57,221.7,506.2,910
20200324,141400,7236,32.63,14.45,221.7,509.8,910
20200324,141500,7212,32.5,14.45,221.9,510.3,904
20200324,141600,7237,32.68,14.42,221.5,510.2,908
20200324,141700,6111,27.63,12,220.3,518.8,819
20200324,141800,7243,32.65,14.36,221.6,510.6,904
20200324,141900,6565,29.72,11.52,220.9,517.8,831
20200324,142000,1419,6.54,2.88,217.5,500.8,173
20200324,142100,1389,6.4,2.78,217.2,508.7,168
20200324,142200,1439,6.65,2.91,217.7,510.7,173
20200324,142300,1653,7.6,3.2,217.8,523.7,193
20200324,142400,2019,9.61,4.04,218.3,533.6,220
20200324,142500,3354,15.8,6.38,219.9,556,374
20200324,142600,7214,32.44,13.68,224.3,539,814
20200324,142700,7394,32.92,13.91,224.5,538.1,882
20200324,142800,7403,32.96,14.11,224.6,530.5,890
20200324,142900,7385,32.88,14.19,224.5,530.8,893
20200324,143000,7358,32.78,14.15,224.3,523.7,895
20200324,143100,7257,32.36,14.07,224.3,528.3,889
20200324,143200,7089,31.58,13.73,224.3,523.9,864
20200324,143300,5838,26.18,12.42,222.8,540.4,864
20200324,143400,6975,31.12,13.64,224.1,519.1,857
20200324,143500,6883,30.76,13.33,223.7,522.5,846
20200324,143600,6876,30.73,13.48,223.8,521.2,847
20200324,143700,6850,30.59,13.27,223.8,522.1,844
20200324,143800,6906,30.87,13.52,223.8,519.3,854
20200324,143900,6726,30.1,13.14,223.3,518.8,837
20200324,144000,6771,30.29,13.17,223.5,519,838
20200324,144100,6689,29.85,13.05,223.8,522.9,828
20200324,144200,6644,29.69,13.02,223.6,522.6,823
20200324,144300,6551,29.24,12.83,223.5,513.6,814
20200324,144400,6384,28.62,12.53,223,518.9,793
20200324,144500,6300,28.23,12.28,222.7,515.8,777
20200324,144600,1802,8.66,3.88,217.8,504.1,228
20200324,144700,5826,26.5,11.51,222.6,527.2,735
20200324,144800,6255,28.04,12.19,222.9,523.5,767
20200324,144900,6223,27.94,12.06,222.7,520.7,765
20200324,145000,6045,27.08,11.74,222.8,522.3,730
20200324,145100,5929,26.64,11.76,222.5,524.4,736
20200324,145200,1230,5.67,2.47,217.3,505.1,155
20200324,145300,3444,15.69,6.46,219.5,536.5,380
20200324,145400,4797,21.66,8.97,221.2,542.7,648
20200324,145500,4887,22.27,9.29,221.5,541.2,631
20200324,145600,5367,25.21,10.9,222.3,531.4,540
20200324,145700,6162,27.61,11.68,222.8,534.6,747
20200324,145800,6000,26.95,11.41,222.5,528,730
20200324,145900,5913,26.58,11.43,222.4,526,724
20200324,150000,5850,26.25,11.19,222.8,529.2,717
20200324,150100,5814,26.12,11.2,222.6,525.3,713
20200324,150200,5735,25.8,11.03,222.3,530.1,704
20200324,150300,5666,25.49,10.92,222,529.7,695
20200324,150400,5568,24.98,10.9,221.8,515.7,686
20200324,150500,5538,24.94,10.64,222,525.1,680
20200324,150600,5427,24.44,10.45,221.8,530.1,666
20200324,150700,5343,24.09,10.22,221.8,530,656
20200324,150800,5292,23.58,10.03,221.5,528.5,651
20200324,150900,5225,23.57,9.98,221.7,527.8,648
20200324,151000,660,3.07,1.34,216.5,515.6,97
20200324,151100,726,3.35,1.54,216.8,492.8,95
20200324,151200,726,3.37,1.52,216.9,497.2,95
20200324,151300,816,3.8,1.69,216.3,505.7,106
20200324,151400,1188,5.49,2.36,216.8,524.7,170
20200324,151500,4249,19.29,7.85,220.7,534.5,503
20200324,151600,1569,7.21,2.98,217.6,532.3,188
20200324,151700,3444,15.61,6.72,219.6,549.8,474
20200324,151800,5157,23.27,9.68,221.6,540.7,622
20200324,151900,5070,22.83,9.6,221.9,538.4,615
20200324,152000,4986,22.45,9.43,221.8,537.4,607
20200324,152100,4857,21.9,9.26,221.7,534,593
20200324,152200,4788,21.62,9.06,221.4,533.2,587
20200324,152300,4728,21.37,9.03,221.1,532.4,583
20200324,152400,4710,21.25,8.99,221.5,530,580
20200324,152500,4683,21.16,9.03,221.4,528.6,578
20200324,152600,4659,21.04,8.9,221.3,527.2,576
20200324,152700,4698,21.21,8.93,221.2,535.1,580
20200324,152800,4663,21.11,8.84,221,531,575
20200324,152900,4602,20.81,8.7,221.3,531.7,567
20200324,153000,4570,20.65,8.73,221.3,532.5,563
20200324,153100,4531,20.48,8.66,221.3,531.6,557
20200324,153200,4485,20.27,8.47,220.8,534,554
20200324,153300,4414,20,8.41,220.8,531,545
20200324,153400,4348,19.68,8.26,220.8,534.8,538
20200324,153500,4290,19.43,8.21,220.6,529.5,529
20200324,153600,4241,19.21,8.05,220.6,532.4,526
20200324,153700,4206,19.07,8.01,220.5,533.2,522
20200324,153800,4158,18.88,7.91,220.3,533,514
20200324,153900,4101,18.59,7.81,220.6,528.4,508
20200324,154000,4020,18.22,7.61,220.6,533.6,497
20200324,154100,3831,17.37,7.05,220.5,551.1,491
20200324,154200,3547,16.13,6.32,219.9,563.3,484
20200324,154300,3789,17.19,7.34,220.3,528.5,478
20200324,154400,3747,17.02,7.18,220.3,525,471
20200324,154500,3716,16.86,7.19,220.3,525.4,470
20200324,154600,3690,16.77,7.09,220.1,523.2,467
20200324,154700,3609,16.4,6.94,220.1,527.1,456
20200324,154800,3519,15.97,6.8,220.2,522,447
20200324,154900,3540,16.07,6.84,220.3,526.2,449
20200324,155000,3541,16.07,6.84,220.3,526.2,450
20200324,155100,3516,16,6.82,219.8,526,446
20200324,155200,3492,15.87,6.6,220,523.9,443
20200324,155300,3450,15.67,6.69,220.1,523.9,438
20200324,155400,3405,15.5,6.6,219.9,526.2,433
20200324,155500,3357,15.27,6.48,220,527.1,426
20200324,155600,3247,14.8,6.27,219.5,522.2,412
20200324,155700,3231,14.72,6.23,219.7,528.3,412
20200324,155800,3210,14.68,6.04,219.9,532.1,412
20200324,155900,3193,14.53,6.12,219.9,526.9,406
20200324,160000,3156,14.38,6.02,219.4,527.4,403
20200324,160100,3103,14.17,5.91,219.2,536.1,397
20200324,160200,3000,13.68,5.82,219.3,520.1,389
20200324,160300,2971,13.57,5.83,219,518.8,386
20200324,160400,2934,13.4,5.7,219.1,520.6,382
20200324,160500,2898,13.24,5.67,218.7,517.7,377
20200324,160600,2859,13.06,5.6,219,519.9,372
20200324,160700,2811,12.84,5.5,218.9,519,366
20200324,160800,2777,12.67,5.43,218.8,518.5,362
20200324,160900,2736,12.52,5.26,218.6,517.9,357
20200324,161000,2703,12.37,5.27,218.5,522.5,353
20200324,161100,2646,12.11,5.22,218.7,517.6,348
20200324,161200,2620,11.99,5.09,218.6,519.1,344
20200324,161300,2577,11.79,5.06,218.8,520.1,337
20200324,161400,2538,11.79,5.06,218.8,520.1,333
20200324,161500,2472,11.3,4.8,218.8,522.2,325
20200324,161600,2055,9.83,4.65,218.5,507.5,321
20200324,161700,2411,11.03,4.68,218.8,520.4,318
20200324,161800,2385,10.91,4.54,218.6,522.3,315
20200324,161900,2304,10.56,4.52,218.3,513.8,310
20200324,162000,2241,10.28,4.45,218.3,513.5,302
20200324,162100,2195,10.06,4.36,218.2,513.4,296
20200324,162200,2141,9.81,4.25,218.3,508.5,290
20200324,162300,2095,9.63,4.18,217.9,511.9,284
20200324,162400,2061,9.45,3.99,218.3,518.3,280
20200324,162500,2037,9.34,4.02,218.3,513.7,277
20200324,162600,1992,9.13,3.95,218.3,517.6,270
20200324,162700,1956,8.97,3.85,218.1,514.8,266
20200324,162800,1911,8.77,3.75,218.1,514.7,261
20200324,162900,1878,8.61,3.68,218.1,515,257
20200324,163000,1815,8.3,3.51,217.9,523.7,252
20200324,163100,1774,8.15,3.54,217.8,506.5,249
20200324,163200,1740,8.01,3.51,217.4,506.3,246
20200324,163300,1698,7.78,3.39,217.8,508.1,239
20200324,163400,1644,7.57,3.32,217.7,504.8,232
20200324,163500,1596,7.33,3.2,217.6,508.9,226
20200324,163600,1551,7.13,3.12,217.3,508.4,220
20200324,163700,1523,7.01,3.05,217.4,505.6,216
20200324,163800,1494,6.86,2.99,217.6,506.1,213
20200324,163900,1443,6.62,2.97,217.5,496.1,210
20200324,164000,1401,6.45,2.87,217.4,497.2,205
20200324,164100,1363,6.28,2.82,217.4,497.3,200
20200324,164200,1323,6.1,2.74,217.4,492.9,194
20200324,164300,1281,5.89,2.64,217.6,492.9,190
20200324,164400,1230,5.66,2.56,217.8,496.1,182
20200324,164500,1200,5.5,2.47,217.8,494.5,179
20200324,164700,1116,5.1,2.28,217.6,497.6,168
20200324,164800,1068,4.91,2.25,217.6,485.9,164
20200324,164900,1029,4.74,2.16,217.4,484.4,158
20200324,165000,954,4.39,2.14,217.1,469.6,155
20200324,165100,858,3.96,1.92,216.9,461.5,149
20200324,165200,762,3.52,1.75,217.3,454.2,144
20200324,165300,669,3.09,1.56,217.3,441,140
20200324,165400,549,2.54,1.21,217.2,469.9,130
20200324,165500,507,2.35,1.19,216.9,443.6,129
20200324,165600,444,2.04,1.05,217,434.9,124
20200324,165700,264,1.23,0.7,216.8,403.3,70
20200324,165800,222,1.04,0.5,216.8,493,35
20200324,165900,225,1.05,0.48,216.6,513.2,41
20200324,170000,218,1.01,0.47,216.6,518.1,41
20200324,170100,207,0.97,0.45,216.8,506.1,35
20200324,170200,198,0.93,0.44,216.8,507,30
20200324,170300,189,0.89,0.42,217.1,499,27
20200324,170400,183,0.86,0.41,216.9,500.1,27
20200324,170500,180,0.84,0.41,217.2,497.5,27
20200324,170600,174,0.81,0.39,217.3,502.7,27
20200324,170700,171,0.8,0.38,217.2,504.4,27
20200324,170800,168,0.79,0.38,216.7,498.5,24
20200324,170900,165,0.77,0.38,216.6,501.7,25
20200324,171100,151,0.71,0.34,217,499.9,22
20200324,171200,147,0.68,0.34,217.1,493.4,21
20200324,171300,141,0.66,0.33,216.6,494.1,21
20200324,171400,135,0.64,0.33,216.8,495.7,19
20200324,171500,132,0.61,0.32,216.8,495.1,19
20200324,171600,123,0.58,0.29,217.2,492.8,21
20200324,171700,119,0.56,0.29,216.9,497,18
20200324,171800,114,0.54,0.28,217,492.8,19
20200324,171900,108,0.51,0.27,217.4,488.1,16
20200324,172000,102,0.49,0.26,217.5,483.9,15
20200324,172100,98,0.46,0.25,217.6,490.9,16
20200324,172200,90,0.43,0.23,217.4,490.5,15
20200324,172300,86,0.41,0.22,217.7,498.9,13
20200324,172400,81,0.38,0.21,217.7,498,13
20200324,172500,73,0.35,0.2,217.8,495.4,12
20200324,172600,69,0.33,0.19,217.2,496,12
20200324,172700,66,0.31,0.19,217.1,487.5,10
20200324,172800,60,0.29,0.18,217.6,491.1,10
20200324,172900,57,0.27,0.16,217.6,490,10
20200324,173000,49,0.25,0.16,215.2,482.6,9
20200324,173100,47,0.23,0.15,215.1,462.7,9
20200324,173200,39,0.21,0.15,215.3,462.3,9
20200324,173300,36,0.19,0.14,215.2,457.7,7
20200324,173400,33,0.17,0.12,215.3,466.8,7
20200324,173500,28,0.16,0.11,215,472.6,7
20200324,173600,24,0.14,0.11,214.3,469.4,6
20200324,173700,20,0.12,0.1,214.6,462.8,6
20200324,173800,15,0.11,0.09,214.7,463.1,6
20200324,173900,12,0.11,0.09,214.4,446.3,4
20200324,174000,6,0.08,0.07,214.5,434.5,4
20200324,174100,3,0.08,0.07,214.8,418.3,3
20200324,174200,0,0.08,0.06,214.6,447.4,3
20200324,174300,0,0.07,0.05,214.5,430.4,1
20200324,174400,0,0.07,0.05,214,419.9,0
20200324,174500,0,0.07,0.04,214.1,420.3,1
20200324,174600,0,0.08,0.03,214.2,431,0
20200324,174700,0,0.08,0.03,214.3,411.6,0
20200324,174800,0,0.09,0.02,213.9,417.2,0
20200324,174900,0,0.09,0,213.9,515.4,0
20200324,175000,0,0.09,0,213.9,515.4,0
20200324,175100,0,0.09,0,213.9,501.6,0
20200324,175200,0,0.09,0,213.9,501.6,0
20200324,175300,0,0.09,0,213.9,485.7,0
20200324,175400,0,0.09,0,213.9,475.7,0
20200324,175500,0,0.09,0,213.9,465.4,0
20200324,175600,0,0.09,0,213.9,452.6,0
20200324,175700,0,0.09,0,213.9,452.6,0
20200324,175800,0,0.09,0,213.9,422,0
20200324,175900,0,0.09,0,213.9,422,0
20200324,180000,0,0.09,0,213.9,378.6,0
20200324,180100,0,0.09,0,213.9,378.6,0
20200324,180200,0,0.09,0,213.9,312.6,0
20200324,180300,0,0.09,0,213.9,264.6,0
20200324,180400,0,0.09,0,213.9,206.9,0
20200324,180500,0,0.09,0,213.9,138.9,0
20200324,180600,0,0.09,0,213.9,105.4,0
20200324,180700,0,0.09,0,213.9,105.4,0
20200324,180800,0,0.09,0,213.9,69.3,0
20200324,180900,0,0.09,0,213.9,69.3,0
20200324,181000,0,0.09,0,213.9,52.6,0
20200324,181100,0,0.09,0,213.9,52.6,0
20200324,181200,0,0.09,0,213.9,49.8,0
20200324,181300,0,0.09,0,213.9,49.8,0
20200324,181400,0,0.09,0,213.9,48,0
20200324,181500,0,0.09,0,213.9,48,0
20200324,181600,0,0.09,0,213.9,46.7,0
20200324,181700,0,0.09,0,213.9,46.7,0
20200324,181800,0,0.09,0,213.9,45.7,0
20200324,181900,0,0.09,0,213.9,45.4,0
20200324,182000,0,0.09,0,213.9,45.2,0
20200324,182100,0,0.09,0,213.9,45.1,0
20200324,182200,0,0.09,0,213.9,45,0
20200324,182300,0,0.09,0,213.9,45,0
20200324,182400,0,0.09,0,213.9,44.8,0
20200324,182500,0,0.09,0,213.9,44.4,0
20200324,182600,0,0.09,0,213.9,44.2,0
20200324,182700,0,0.09,0,213.9,43.5,0
20200324,182800,0,0.09,0,213.9,42.7,0
20200324,182900,0,0.09,0,213.9,42.3,0
20200324,183000,0,0.09,0,213.9,42,0
20200324,183100,0,0.09,0,213.9,41.9,0
20200324,183200,0,0.09,0,213.9,41.8,0
20200324,183300,0,0.09,0,213.9,41.8,0
20200324,183400,0,0.09,0,213.9,41.7,0
20200324,183500,0,0.09,0,213.9,41.7,0
20200324,183600,0,0.09,0,213.9,41.7,0
20200324,183700,0,0.09,0,213.9,41.5,0
20200324,183800,0,0.09,0,213.9,41.5,0
20200324,183900,0,0.09,0,213.9,41.5,0
20200324,184000,0,0.09,0,213.9,41.5,0
20200324,184100,0,0.09,0,213.9,41.8,0
20200324,184200,0,0.09,0,213.9,41.8,0
20200324,184300,0,0.09,0,213.9,42.1,0
20200324,184400,0,0.09,0,213.9,42.1,0
20200324,184500,0,0.09,0,213.9,42.3,0
20200324,184600,0,0.09,0,213.9,42.3,0
20200324,184700,0,0.09,0,213.9,42.2,0
20200324,184800,0,0.09,0,213.9,42.2,0
20200324,184900,0,0.09,0,213.9,42.1,0
20200324,185000,0,0.09,0,213.9,42.1,0
20200324,185100,0,0.09,0,213.9,42,0
20200324,185200,0,0.09,0,213.9,42,0
20200324,185300,0,0.09,0,213.9,41.9,0
20200324,185400,0,0.09,0,213.9,41.9,0
20200324,185500,0,0.09,0,213.9,41.7,0
20200324,185600,0,0.09,0,213.9,41.7,0
20200324,185700,0,0.09,0,213.9,41.7,0
20200324,185800,0,0.09,0,213.9,41.7,0
20200324,185900,0,0.09,0,213.9,41.9,0
20200324,190000,0,0.09,0,213.9,42.1,0
20200324,190100,0,0.09,0,213.9,42.4,0
20200324,190200,0,0.09,0,213.9,42.4,0
20200324,190300,0,0.09,0,213.9,42.4,0
20200324,190400,0,0.09,0,213.9,42.3,0
20200324,190500,0,0.09,0,213.9,42.3,0
20200324,190600,0,0.09,0,213.9,42.3,0
20200324,190700,0,0.09,0,213.9,42.2,0
20200324,190800,0,0.09,0,213.9,42.3,0
20200324,190900,0,0.09,0,213.9,42.3,0
20200324,191000,0,0.09,0,213.9,42.4,0
20200324,191100,0,0.09,0,213.9,42.4,0
20200324,191200,0,0.09,0,213.9,42.4,0
20200324,191300,0,0.09,0,213.9,42.5,0
20200324,191400,0,0.09,0,213.9,42.5,0
20200324,191500,0,0.09,0,213.9,42.5,0
20200324,191600,0,0.09,0,213.9,42.4,0
20200324,191700,0,0.09,0,213.9,42.4,0
20200324,191800,0,0.09,0,213.9,42.6,0
20200324,191900,0,0.09,0,213.9,42.6,0
20200324,192000,0,0.09,0,213.9,42.6,0
20200324,192100,0,0.09,0,213.9,42.6,0
20200324,192200,0,0.09,0,213.9,42.8,0
20200324,192300,0,0.09,0,213.9,42.8,0
20200324,192400,0,0.09,0,213.9,42.9,0
20200324,192500,0,0.09,0,213.9,42.9,0
20200324,192600,0,0.09,0,213.9,42.9,0
20200324,192700,0,0.09,0,213.9,42.9,0
20200324,192800,0,0.09,0,213.9,42.5,0
20200324,192900,0,0.09,0,213.9,42.5,0
20200324,193000,0,0.09,0,213.9,42.3,0
20200324,193100,0,0.09,0,213.9,42.3,0
20200324,193200,0,0.09,0,213.9,42,0
20200324,193300,0,0.09,0,213.9,42,0
20200324,193400,0,0.09,0,213.9,41.7,0
20200324,193500,0,0.09,0,213.9,41.7,0
20200324,193600,0,0.09,0,213.9,41.5,0
20200324,193700,0,0.09,0,213.9,41.5,0
20200324,193800,0,0.09,0,213.9,41.6,0
20200324,193900,0,0.09,0,213.9,41.6,0
20200324,194000,0,0.09,0,213.9,41.7,0
20200324,194100,0,0.09,0,213.9,41.6,0
20200324,194200,0,0.09,0,213.9,41.4,0
20200324,194300,0,0.09,0,213.9,41.3,0
20200324,194400,0,0.09,0,213.9,41.3,0
20200324,194500,0,0.09,0,213.9,41.3,0
20200324,194600,0,0.09,0,213.9,41.2,0
20200324,194700,0,0.09,0,213.9,41.3,0
20200324,194800,0,0.09,0,213.9,41.4,0
20200324,194900,0,0.09,0,213.9,41.4,0
20200324,195000,0,0.09,0,213.9,41.4,0
20200324,195100,0,0.09,0,213.9,41.4,0
20200324,195200,0,0.09,0,213.9,41.3,0
20200324,195300,0,0.09,0,213.9,41.3,0
20200324,195400,0,0.09,0,213.9,41.4,0
20200324,195500,0,0.09,0,213.9,41.3,0
20200324,195600,0,0.09,0,213.9,41.3,0
20200324,195700,0,0.09,0,213.9,41.4,0
20200324,195800,0,0.09,0,213.9,41.4,0
20200324,195900,0,0.09,0,213.9,41.5,0
20200324,200000,0,0.09,0,213.9,41.5,0
20200324,200100,0,0.09,0,213.9,41.6,0
20200324,200200,0,0.09,0,213.9,41.6,0
20200324,200300,0,0.09,0,213.9,41.6,0
20200324,200400,0,0.09,0,213.9,41.6,0
20200324,200500,0,0.09,0,213.9,41.6,0
20200324,200600,0,0.09,0,213.9,41.6,0
20200324,200700,0,0.09,0,213.9,41.4,0
20200324,200800,0,0.09,0,213.9,41.4,0
20200324,200900,0,0.09,0,213.9,41.4,0
20200324,201000,0,0.09,0,213.9,41.4,0
20200324,201100,0,0.09,0,213.9,41.4,0
20200324,201200,0,0.09,0,213.9,41.4,0
20200324,201300,0,0.09,0,213.9,41.4,0
20200324,201400,0,0.09,0,213.9,41.4,0
20200324,201500,0,0.09,0,213.9,41.3,0
20200324,201600,0,0.09,0,213.9,41.3,0
20200324,201700,0,0.09,0,213.9,41.1,0
20200324,201800,0,0.09,0,213.9,41.1,0
20200324,201900,0,0.09,0,213.9,41.1,0
20200324,202000,0,0.09,0,213.9,41,0
20200324,202100,0,0.09,0,213.9,40.9,0
20200324,202200,0,0.09,0,213.9,40.9,0
20200324,202300,0,0.09,0,213.9,41,0
20200324,202400,0,0.09,0,213.9,41.2,0
20200324,202500,0,0.09,0,213.9,41.2,0
20200324,202600,0,0.09,0,213.9,41.3,0
20200324,202700,0,0.09,0,213.9,41.4,0
20200324,202800,0,0.09,0,213.9,41.4,0
20200324,202900,0,0.09,0,213.9,41.3,0
20200324,203000,0,0.09,0,213.9,41.3,0
20200324,203100,0,0.09,0,213.9,41.3,0
20200324,203200,0,0.09,0,213.9,41.3,0
20200324,203300,0,0.09,0,213.9,41.3,0
20200324,203400,0,0.09,0,213.9,41.3,0
20200324,203500,0,0.09,0,213.9,41.2,0
20200324,203600,0,0.09,0,213.9,41.1,0
20200324,203700,0,0.09,0,213.9,41.1,0
20200324,203800,0,0.09,0,213.9,40.9,0
20200324,203900,0,0.09,0,213.9,40.9,0
20200324,204000,0,0.09,0,213.9,40.8,0
20200324,204100,0,0.09,0,213.9,40.8,0
20200324,204200,0,0.09,0,213.9,40.7,0
20200324,204300,0,0.09,0,213.9,40.7,0
20200324,204400,0,0.09,0,213.9,40.6,0
20200324,204500,0,0.09,0,213.9,40.6,0
20200324,204600,0,0.09,0,213.9,40.6,0
20200324,204700,0,0.09,0,213.9,40.6,0
20200324,204800,0,0.09,0,213.9,40.7,0
20200324,204900,0,0.09,0,213.9,40.7,0
20200324,205000,0,0.09,0,213.9,40.8,0
20200324,205100,0,0.09,0,213.9,40.8,0
20200324,205200,0,0.09,0,213.9,40.7,0
20200324,205300,0,0.09,0,213.9,40.7,0
20200324,205400,0,0.09,0,213.9,40.6,0
20200324,205500,0,0.09,0,213.9,40.6,0
20200324,205600,0,0.09,0,213.9,40.7,0
20200324,205700,0,0.09,0,213.9,40.7,0
20200324,205800,0,0.09,0,213.9,40.5,0
20200324,205900,0,0.09,0,213.9,40.5,0
20200324,210000,0,0.09,0,213.9,40.3,0
20200324,210100,0,0.09,0,213.9,40.3,0
20200324,210200,0,0.09,0,213.9,40.3,0
20200324,210300,0,0.09,0,213.9,40.4,0
20200324,210400,0,0.09,0,213.9,40.4,0
20200324,210500,0,0.09,0,213.9,40.4,0
20200324,210600,0,0.09,0,213.9,40.4,0
20200324,210700,0,0.09,0,213.9,40.4,0
20200324,210800,0,0.09,0,213.9,40.5,0
20200324,210900,0,0.09,0,213.9,40.5,0
20200324,211000,0,0.09,0,213.9,40.4,0
20200324,211100,0,0.09,0,213.9,40.4,0
20200324,211200,0,0.09,0,213.9,40.4,0
20200324,211300,0,0.09,0,213.9,40.5,0
20200324,211400,0,0.09,0,213.9,40.6,0
20200324,211500,0,0.09,0,213.9,40.6,0
20200324,211600,0,0.09,0,213.9,40.6,0
20200324,211700,0,0.09,0,213.9,40.4,0
20200324,211800,0,0.09,0,213.9,40.4,0
20200324,211900,0,0.09,0,213.9,40.2,0
20200324,212000,0,0.09,0,213.9,40.2,0
20200324,212100,0,0.09,0,213.9,40.2,0
20200324,212200,0,0.09,0,213.9,40.2,0
20200324,212300,0,0.09,0,213.9,40.2,0
20200324,212400,0,0.09,0,213.9,40.2,0
20200324,212500,0,0.09,0,213.9,40.3,0
20200324,212600,0,0.09,0,213.9,40.3,0
20200324,212700,0,0.09,0,213.9,40.4,0
20200324,212800,0,0.09,0,213.9,40.4,0
20200324,212900,0,0.09,0,213.9,40.2,0
20200324,213000,0,0.09,0,213.9,40.2,0
20200324,213100,0,0.09,0,213.9,40.2,0
20200324,213200,0,0.09,0,213.9,40.2,0
20200324,213300,0,0.09,0,213.9,40.2,0
20200324,213400,0,0.09,0,213.9,40.2,0
20200324,213500,0,0.09,0,213.9,40.2,0
20200324,213600,0,0.09,0,213.9,40.2,0
20200324,213700,0,0.09,0,213.9,40.1,0
20200324,213800,0,0.09,0,213.9,40.1,0
20200324,213900,0,0.09,0,213.9,39.8,0
20200324,214000,0,0.09,0,213.9,39.8,0
20200324,214100,0,0.09,0,213.9,39.8,0
20200324,214200,0,0.09,0,213.9,39.8,0
20200324,214300,0,0.09,0,213.9,39.9,0
20200324,214400,0,0.09,0,213.9,39.9,0
20200324,214500,0,0.09,0,213.9,39.8,0
20200324,214600,0,0.09,0,213.9,39.7,0
20200324,214700,0,0.09,0,213.9,39.8,0
20200324,214800,0,0.09,0,213.9,39.8,0
20200324,214900,0,0.09,0,213.9,39.8,0
20200324,215000,0,0.09,0,213.9,39.8,0
20200324,215100,0,0.09,0,213.9,39.8,0
20200324,215200,0,0.09,0,213.9,39.9,0
20200324,215300,0,0.09,0,213.9,39.8,0
20200324,215400,0,0.09,0,213.9,39.8,0
20200324,215500,0,0.09,0,213.9,39.8,0
20200324,215600,0,0.09,0,213.9,39.8,0
20200324,215700,0,0.09,0,213.9,39.8,0
20200324,215800,0,0.09,0,213.9,39.8,0
20200324,215900,0,0.09,0,213.9,39.8,0
20200324,220000,0,0.09,0,213.9,39.8,0
20200324,220100,0,0.09,0,213.9,39.8,0
20200324,220200,0,0.09,0,213.9,39.8,0
20200324,220300,0,0.09,0,213.9,39.8,0
20200324,220400,0,0.09,0,213.9,40,0
20200324,220500,0,0.09,0,213.9,40,0
20200324,220600,0,0.09,0,213.9,40,0
20200324,220700,0,0.09,0,213.9,40,0
20200324,220800,0,0.09,0,213.9,39.9,0
20200324,220900,0,0.09,0,213.9,39.9,0
20200324,221000,0,0.09,0,213.9,39.8,0
20200324,221100,0,0.09,0,213.9,39.8,0
20200324,221200,0,0.09,0,213.9,39.9,0
20200324,221300,0,0.09,0,213.9,39.9,0
20200324,221400,0,0.09,0,213.9,40.1,0
20200324,221500,0,0.09,0,213.9,40.1,0
20200324,221600,0,0.09,0,213.9,40.2,0
20200324,221700,0,0.09,0,213.9,40.2,0
20200324,221800,0,0.09,0,213.9,40.3,0
20200324,221900,0,0.09,0,213.9,40.3,0
20200324,222000,0,0.09,0,213.9,40.2,0
20200324,222100,0,0.09,0,213.9,40.1,0
20200324,222200,0,0.09,0,213.9,40.1,0
20200324,222300,0,0.09,0,213.9,40.1,0
20200324,222400,0,0.09,0,213.9,40.1,0
20200324,222500,0,0.09,0,213.9,40,0
20200324,222600,0,0.09,0,213.9,40,0
20200324,222700,0,0.09,0,213.9,40,0
20200324,222800,0,0.09,0,213.9,40,0
20200324,222900,0,0.09,0,213.9,40,0
20200324,223000,0,0.09,0,213.9,40,0
20200324,223100,0,0.09,0,213.9,40,0
20200324,223200,0,0.09,0,213.9,40,0
20200324,223300,0,0.09,0,213.9,40,0
20200324,223400,0,0.09,0,213.9,40,0
20200324,223500,0,0.09,0,213.9,40.1,0
20200324,223600,0,0.09,0,213.9,40.1,0
20200324,223700,0,0.09,0,213.9,40.1,0
20200324,223800,0,0.09,0,213.9,40.1,0
20200324,223900,0,0.09,0,213.9,40,0
20200324,224000,0,0.09,0,213.9,40,0
20200324,224100,0,0.09,0,213.9,40,0
20200324,224200,0,0.09,0,213.9,40,0
20200324,224300,0,0.09,0,213.9,40.2,0
20200324,224400,0,0.09,0,213.9,40.2,0
20200324,224500,0,0.09,0,213.9,40.3,0
20200324,224600,0,0.09,0,213.9,40.3,0
20200324,224700,0,0.09,0,213.9,40.3,0
20200324,224800,0,0.09,0,213.9,40.3,0
20200324,224900,0,0.09,0,213.9,40.2,0
20200324,225000,0,0.09,0,213.9,40.2,0
20200324,225100,0,0.09,0,213.9,40.1,0
20200324,225200,0,0.09,0,213.9,40.1,0
20200324,225300,0,0.09,0,213.9,40.1,0
20200324,225400,0,0.09,0,213.9,40.1,0
20200324,225500,0,0.09,0,213.9,40.2,0
20200324,225600,0,0.09,0,213.9,40.2,0
20200324,225700,0,0.09,0,213.9,40.1,0
20200324,225800,0,0.09,0,213.9,40.1,0
20200324,225900,0,0.09,0,213.9,40,0
20200324,230000,0,0.09,0,213.9,40,0
20200324,230100,0,0.09,0,213.9,40,0
20200324,230200,0,0.09,0,213.9,40.1,0
20200324,230300,0,0.09,0,213.9,40.1,0
20200324,230400,0,0.09,0,213.9,40.1,0
20200324,230500,0,0.09,0,213.9,40.2,0
20200324,230600,0,0.09,0,213.9,40.2,0
20200324,230700,0,0.09,0,213.9,40.2,0
20200324,230800,0,0.09,0,213.9,40.2,0
20200324,230900,0,0.09,0,213.9,40.1,0
20200324,231000,0,0.09,0,213.9,40.1,0
20200324,231100,0,0.09,0,213.9,40.1,0
20200324,231200,0,0.09,0,213.9,40,0
20200324,231300,0,0.09,0,213.9,40,0
20200324,231400,0,0.09,0,213.9,39.9,0
20200324,231500,0,0.09,0,213.9,39.8,0
20200324,231600,0,0.09,0,213.9,39.8,0
20200324,231700,0,0.09,0,213.9,39.8,0
20200324,231800,0,0.09,0,213.9,39.9,0
20200324,231900,0,0.09,0,213.9,39.9,0
20200324,232000,0,0.09,0,213.9,40,0
20200324,232100,0,0.09,0,213.9,40,0
20200324,232200,0,0.09,0,213.9,40.1,0
20200324,232300,0,0.09,0,213.9,40.1,0
20200324,232400,0,0.09,0,213.9,40.2,0
20200324,232500,0,0.09,0,213.9,40.2,0
20200324,232600,0,0.09,0,213.9,40.1,0
20200324,232700,0,0.09,0,213.9,40.1,0
20200324,232800,0,0.09,0,213.9,40.2,0
20200324,232900,0,0.09,0,213.9,40.2,0
20200324,233000,0,0.09,0,213.9,40.3,0
20200324,233100,0,0.09,0,213.9,40.3,0
20200324,233200,0,0.09,0,213.9,40.2,0
20200324,233300,0,0.09,0,213.9,40.2,0
20200324,233400,0,0.09,0,213.9,40.1,0
20200324,233500,0,0.09,0,213.9,40.1,0
20200324,233600,0,0.09,0,213.9,40.1,0
20200324,233700,0,0.09,0,213.9,40.1,0
20200324,233800,0,0.09,0,213.9,40.1,0
20200324,233900,0,0.09,0,213.9,40.1,0
20200324,234000,0,0.09,0,213.9,40.1,0
20200324,234100,0,0.09,0,213.9,40.1,0
20200324,234200,0,0.09,0,213.9,40.2,0
20200324,234300,0,0.09,0,213.9,40.2,0
20200324,234400,0,0.09,0,213.9,40.4,0
20200324,234500,0,0.09,0,213.9,40.4,0
20200324,234600,0,0.09,0,213.9,40.4,0
20200324,234700,0,0.09,0,213.9,40.4,0
20200324,234800,0,0.09,0,213.9,40.4,0
20200324,234900,0,0.09,0,213.9,40.4,0
20200324,235000,0,0.09,0,213.9,40.4,0
20200324,235100,0,0.09,0,213.9,40.5,0
20200324,235200,0,0.09,0,213.9,40.5,0
20200324,235300,0,0.09,0,213.9,40.6,0
20200324,235400,0,0.09,0,213.9,40.6,0
20200324,235500,0,0.09,0,213.9,40.6,0
20200324,235600,0,0.09,0,213.9,40.6,0
20200324,235700,0,0.09,0,213.9,40.6,0