tipo,P_AC,I_DC,IRR,I_AC,V_AC,dia_mes_ano,V_DC,hora_minuto
inverter,0.0,0.0,0.0,0.1,212.1,20191021.0,42.7,000000
inverter,0.0,0.0,0.0,0.1,212.1,20191021.0,42.8,000100
inverter,0.0,0.0,0.0,0.1,212.1,20191021.0,42.9,000200
inverter,0.0,0.0,0.0,0.1,212.1,20191021.0,43.0,000300
inverter,0.0,0.0,0.0,0.1,212.1,20191021.0,43.1,000400
inverter,0.0,0.0,0.0,0.1,212.1,20191021.0,43.1,000500
inverter,0.0,0.0,0.0,0.1,212.1,20191021.0,43.2,000600
inverter,0.0,0.0,0.0,0.1,212.1,20191021.0,43.3,000700
inverter,0.0,0.0,0.0,0.1,212.1,20191021.0,43.3,000800
inverter,0.0,0.0,0.0,0.1,212.1,20191021.0,43.4,000900
inverter,0.0,0.0,0.0,0.1,212.1,20191021.0,43.4,001000
inverter,0.0,0.0,0.0,0.1,212.1,20191021.0,43.4,001100
inverter,0.0,0.0,0.0,0.1,212.1,20191021.0,43.5,001200
inverter,0.0,0.0,0.0,0.1,212.1,20191021.0,43.6,001300
inverter,0.0,0.0,0.0,0.1,212.1,20191021.0,43.6,001400
inverter,0.0,0.0,0.0,0.1,212.1,20191021.0,43.8,001500
inverter,0.0,0.0,0.0,0.1,212.1,20191021.0,43.8,001600
inverter,0.0,0.0,0.0,0.1,212.1,20191021.0,43.8,001700
inverter,0.0,0.0,0.0,0.1,212.1,20191021.0,43.8,001800
inverter,0.0,0.0,0.0,0.1,212.1,20191021.0,43.9,001900
inverter,0.0,0.0,0.0,0.1,212.1,20191021.0,43.9,002000
inverter,0.0,0.0,0.0,0.1,212.1,20191021.0,44.1,002100
inverter,0.0,0.0,0.0,0.1,212.1,20191021.0,44.1,002200
inverter,0.0,0.0,0.0,0.1,212.1,20191021.0,44.2,002300
inverter,0.0,0.0,0.0,0.1,212.1,20191021.0,44.2,002400
inverter,0.0,0.0,0.0,0.1,212.1,20191021.0,44.8,002500
inverter,0.0,0.0,0.0,0.1,212.1,20191021.0,44.8,002600
inverter,0.0,0.0,0.0,0.1,212.1,20191021.0,45.2,002700
inverter,0.0,0.0,0.0,0.1,212.1,20191021.0,45.2,002800
inverter,0.0,0.0,0.0,0.1,212.1,20191021.0,45.2,002900
inverter,0.0,0.0,0.0,0.1,212.1,20191021.0,45.2,003000
inverter,0.0,0.0,0.0,0.1,212.1,20191021.0,45.4,003100
inverter,0.0,0.0,0.0,0.1,212.1,20191021.0,45.4,003200
inverter,0.0,0.0,0.0,0.1,212.1,20191021.0,45.8,003300
inverter,0.0,0.0,0.0,0.1,212.1,20191021.0,45.8,003400
inverter,0.0,0.0,0.0,0.1,212.1,20191021.0,45.9,003500
inverter,0.0,0.0,0.0,0.1,212.1,20191021.0,45.9,003600
inverter,0.0,0.0,0.0,0.1,212.1,20191021.0,45.9,003700
inverter,0.0,0.0,0.0,0.1,212.1,20191021.0,45.9,003800
inverter,0.0,0.0,0.0,0.1,212.1,20191021.0,45.7,003900
inverter,0.0,0.0,0.0,0.1,212.1,20191021.0,45.5,004000
inverter,0.0,0.0,0.0,0.1,212.1,20191021.0,45.3,004100
inverter,0.0,0.0,0.0,0.1,212.1,20191021.0,44.9,004200
inverter,0.0,0.0,0.0,0.1,212.1,20191021.0,44.3,004300
inverter,0.0,0.0,0.0,0.1,212.1,20191021.0,43.9,004400
inverter,0.0,0.0,0.0,0.1,212.1,20191021.0,43.6,004500
inverter,0.0,0.0,0.0,0.1,212.1,20191021.0,43.4,004600
inverter,0.0,0.0,0.0,0.1,212.1,20191021.0,43.3,004700
inverter,0.0,0.0,0.0,0.1,212.1,20191021.0,43.0,004800
inverter,0.0,0.0,0.0,0.1,212.1,20191021.0,42.8,004900
inverter,0.0,0.0,0.0,0.1,212.1,20191021.0,42.6,005000
inverter,0.0,0.0,0.0,0.1,212.1,20191021.0,42.5,005100
inverter,0.0,0.0,0.0,0.1,212.1,20191021.0,42.5,005200
inverter,0.0,0.0,0.0,0.1,212.1,20191021.0,42.7,005300
inverter,0.0,0.0,0.0,0.1,212.1,20191021.0,43.0,005400
inverter,0.0,0.0,0.0,0.1,212.1,20191021.0,43.0,005500
inverter,0.0,0.0,0.0,0.1,212.1,20191021.0,43.5,005600
inverter,0.0,0.0,0.0,0.1,212.1,20191021.0,43.5,005700
inverter,0.0,0.0,0.0,0.1,212.1,20191021.0,43.5,005800
inverter,0.0,0.0,0.0,0.1,212.1,20191021.0,43.5,005900
inverter,15.0,0.09,6.0,0.12,216.8,20191021.0,467.9,061000
inverter,24.0,0.11,7.0,0.15,216.9,20191021.0,469.0,061100
inverter,33.0,0.13,7.0,0.18,216.7,20191021.0,489.8,061200
inverter,42.0,0.15,9.0,0.22,216.9,20191021.0,486.6,061300
inverter,54.0,0.17,10.0,0.26,217.0,20191021.0,494.9,061400
inverter,63.0,0.18,10.0,0.3,217.0,20191021.0,501.6,061500
inverter,72.0,0.2,12.0,0.34,217.0,20191021.0,505.1,061600
inverter,78.0,0.21,12.0,0.38,216.8,20191021.0,501.6,061700
inverter,87.0,0.23,13.0,0.42,216.8,20191021.0,502.0,061800
inverter,95.0,0.25,13.0,0.45,218.2,20191021.0,499.8,061900
inverter,105.0,0.26,15.0,0.49,218.6,20191021.0,510.8,062000
inverter,111.0,0.28,16.0,0.52,218.4,20191021.0,498.1,062100
inverter,117.0,0.29,16.0,0.55,218.6,20191021.0,506.5,062200
inverter,126.0,0.3,16.0,0.59,218.5,20191021.0,507.5,062300
inverter,138.0,0.32,18.0,0.64,218.5,20191021.0,510.9,062400
inverter,150.0,0.34,19.0,0.71,218.4,20191021.0,513.4,062500
inverter,165.0,0.37,21.0,0.76,218.4,20191021.0,521.4,062600
inverter,174.0,0.39,21.0,0.82,218.2,20191021.0,521.5,062700
inverter,187.0,0.41,22.0,0.87,218.4,20191021.0,526.5,062800
inverter,207.0,0.45,24.0,0.96,218.4,20191021.0,526.5,062900
inverter,231.0,0.49,25.0,1.08,218.5,20191021.0,530.3,063000
inverter,264.0,0.55,30.0,1.22,218.5,20191021.0,535.7,063100
inverter,296.0,0.59,33.0,1.36,218.5,20191021.0,542.8,063200
inverter,317.0,0.64,35.0,1.46,218.4,20191021.0,544.0,063300
inverter,338.0,0.68,36.0,1.56,218.3,20191021.0,536.8,063400
inverter,372.0,0.74,39.0,1.71,218.5,20191021.0,546.2,063500
inverter,423.0,0.82,45.0,1.95,218.4,20191021.0,549.0,063600
inverter,480.0,0.92,51.0,2.21,218.5,20191021.0,551.8,063700
inverter,542.0,1.02,57.0,2.5,217.3,20191021.0,557.3,063800
inverter,600.0,1.12,63.0,2.79,217.6,20191021.0,563.2,063900
inverter,669.0,1.23,71.0,3.08,217.6,20191021.0,567.6,064000
inverter,730.0,1.33,77.0,3.38,217.5,20191021.0,568.7,064100
inverter,798.0,1.44,85.0,3.69,217.6,20191021.0,571.5,064200
inverter,861.0,1.55,91.0,3.96,217.8,20191021.0,573.5,064300
inverter,920.0,1.65,97.0,4.23,218.0,20191021.0,573.3,064400
inverter,969.0,1.76,103.0,4.46,218.0,20191021.0,571.5,064500
inverter,1017.0,1.83,108.0,4.68,218.0,20191021.0,574.7,064600
inverter,1074.0,1.93,115.0,4.94,217.9,20191021.0,570.6,064700
inverter,1111.0,2.0,120.0,5.11,218.0,20191021.0,574.5,064800
inverter,1131.0,2.02,124.0,5.2,217.8,20191021.0,571.4,064900
inverter,1128.0,2.03,124.0,5.19,217.7,20191021.0,573.6,065000
inverter,1122.0,2.01,124.0,5.16,217.8,20191021.0,575.1,065100
inverter,1131.0,2.03,127.0,5.19,217.9,20191021.0,574.3,065200
inverter,1142.0,2.03,129.0,5.25,217.8,20191021.0,580.8,065300
inverter,1164.0,2.12,132.0,5.37,217.8,20191021.0,562.8,065400
inverter,1170.0,2.13,133.0,5.37,217.8,20191021.0,567.1,065500
inverter,1151.0,2.1,132.0,5.3,217.8,20191021.0,561.4,065600
inverter,1113.0,2.03,127.0,5.09,217.8,20191021.0,558.0,065700
inverter,1080.0,1.95,123.0,4.98,217.8,20191021.0,567.7,065800
inverter,1107.0,1.97,129.0,5.08,217.6,20191021.0,573.8,065900
inverter,1143.0,2.1,133.0,5.27,217.3,20191021.0,553.6,070000
inverter,1140.0,2.11,133.0,5.25,217.4,20191021.0,552.8,070100
inverter,1104.0,2.05,133.0,5.07,218.3,20191021.0,562.4,070200
inverter,960.0,1.78,114.0,4.41,218.1,20191021.0,551.3,070300
inverter,693.0,1.3,77.0,3.16,217.7,20191021.0,547.8,070400
inverter,663.0,1.26,74.0,3.07,217.6,20191021.0,552.3,070500
inverter,675.0,1.28,74.0,3.11,217.4,20191021.0,547.5,070600
inverter,784.0,1.45,89.0,3.61,217.3,20191021.0,557.4,070700
inverter,945.0,1.76,111.0,4.35,217.4,20191021.0,553.0,070800
inverter,924.0,1.75,109.0,4.24,217.5,20191021.0,540.4,070900
inverter,966.0,1.85,114.0,4.45,217.5,20191021.0,538.4,071000
inverter,1048.0,1.99,123.0,4.84,217.8,20191021.0,547.9,071100
inverter,897.0,1.65,105.0,4.18,217.8,20191021.0,564.7,071200
inverter,798.0,1.47,92.0,3.67,217.4,20191021.0,557.6,071300
inverter,779.0,1.43,88.0,3.59,217.2,20191021.0,562.0,071400
inverter,848.0,1.56,95.0,3.91,217.3,20191021.0,562.5,071500
inverter,984.0,1.79,114.0,4.55,217.3,20191021.0,570.4,071600
inverter,1095.0,1.96,127.0,5.03,217.2,20191021.0,577.0,071700
inverter,1119.0,2.03,129.0,5.18,217.5,20191021.0,576.7,071800
inverter,1449.0,2.7,162.0,6.64,218.2,20191021.0,552.1,071900
inverter,1695.0,3.14,193.0,7.74,218.5,20191021.0,552.1,072000
inverter,1422.0,2.77,161.0,5.87,218.1,20191021.0,489.4,072100
inverter,1779.0,3.3,202.0,8.17,217.4,20191021.0,551.4,072200
inverter,1311.0,2.39,141.0,6.05,216.9,20191021.0,570.7,072300
inverter,1374.0,2.45,149.0,6.34,216.9,20191021.0,576.7,072400
inverter,1224.0,2.23,127.0,5.65,216.7,20191021.0,561.5,072500
inverter,1401.0,2.55,146.0,6.47,216.7,20191021.0,565.9,072600
inverter,2331.0,4.22,255.0,10.72,217.8,20191021.0,565.2,072700
inverter,2346.0,4.25,257.0,10.77,218.0,20191021.0,558.4,072800
inverter,2399.0,4.34,263.0,11.02,218.1,20191021.0,563.4,072900
inverter,2496.0,4.41,269.0,11.44,218.3,20191021.0,577.1,073000
inverter,2568.0,4.55,277.0,11.77,218.2,20191021.0,572.5,073100
inverter,2634.0,4.73,284.0,12.06,218.5,20191021.0,563.6,073200
inverter,2694.0,4.8,290.0,12.34,218.3,20191021.0,568.2,073300
inverter,2745.0,4.89,295.0,12.59,218.3,20191021.0,572.3,073400
inverter,2814.0,5.01,302.0,12.91,218.4,20191021.0,567.9,073500
inverter,2892.0,5.14,312.0,13.26,218.5,20191021.0,568.0,073600
inverter,2985.0,5.29,321.0,13.67,218.9,20191021.0,569.1,073700
inverter,3111.0,5.6,336.0,14.23,218.8,20191021.0,569.4,073800
inverter,3153.0,5.68,339.0,14.41,218.9,20191021.0,567.7,073900
inverter,3264.0,5.85,348.0,14.91,219.0,20191021.0,563.3,074000
inverter,3429.0,6.18,366.0,15.63,219.3,20191021.0,565.4,074100
inverter,3075.0,5.51,325.0,14.06,218.9,20191021.0,566.0,074200
inverter,3174.0,5.66,339.0,14.49,219.1,20191021.0,567.0,074300
inverter,3093.0,5.64,330.0,14.17,218.9,20191021.0,561.3,074400
inverter,3366.0,6.02,362.0,15.32,219.2,20191021.0,562.6,074500
inverter,3408.0,6.12,366.0,15.54,219.3,20191021.0,561.8,074600
inverter,3375.0,6.08,363.0,15.4,219.3,20191021.0,562.9,074700
inverter,3225.0,5.82,348.0,14.73,219.0,20191021.0,562.7,074800
inverter,2976.0,5.45,322.0,13.61,218.6,20191021.0,554.8,074900
inverter,2682.0,4.89,290.0,12.23,218.2,20191021.0,552.6,075000
inverter,2232.0,4.06,240.0,10.11,219.0,20191021.0,548.3,075100
inverter,1851.0,3.54,207.0,8.82,218.5,20191021.0,549.5,075200
inverter,1809.0,3.36,193.0,8.28,218.4,20191021.0,549.2,075300
inverter,1806.0,3.33,193.0,8.28,218.5,20191021.0,548.2,075400
inverter,1752.0,3.24,187.0,8.04,218.3,20191021.0,552.7,075500
inverter,1761.0,3.26,187.0,8.07,218.3,20191021.0,547.6,075600
inverter,1800.0,3.33,191.0,8.25,218.4,20191021.0,548.5,075700
inverter,1755.0,3.25,187.0,8.03,218.3,20191021.0,551.3,075800
inverter,1667.0,3.07,178.0,7.65,218.1,20191021.0,549.4,075900
inverter,1641.0,3.05,175.0,7.52,218.2,20191021.0,549.6,080000
inverter,1605.0,2.96,172.0,7.37,218.0,20191021.0,551.9,080100
inverter,1591.0,2.94,170.0,7.3,218.2,20191021.0,552.2,080200
inverter,1561.0,2.88,167.0,7.15,217.9,20191021.0,555.2,080300
inverter,1481.0,2.73,158.0,6.81,217.8,20191021.0,550.5,080400
inverter,1420.0,2.64,152.0,6.52,217.5,20191021.0,553.5,080500
inverter,1374.0,2.53,147.0,6.34,217.1,20191021.0,552.6,080600
inverter,1314.0,2.46,141.0,6.07,217.0,20191021.0,545.0,080700
inverter,1269.0,2.38,135.0,5.86,216.6,20191021.0,549.4,080800
inverter,1227.0,2.3,132.0,5.65,216.6,20191021.0,548.2,080900
inverter,1187.0,2.22,127.0,5.48,216.6,20191021.0,547.7,081000
inverter,1148.0,2.15,123.0,5.32,215.4,20191021.0,546.2,081100
inverter,1110.0,2.07,118.0,5.16,215.3,20191021.0,549.2,081200
inverter,1074.0,2.01,115.0,5.0,215.2,20191021.0,549.5,081300
inverter,1042.0,1.95,111.0,4.84,215.3,20191021.0,545.4,081400
inverter,1011.0,1.9,108.0,4.7,215.3,20191021.0,549.9,081500
inverter,978.0,1.85,105.0,4.53,215.9,20191021.0,545.2,081600
inverter,948.0,1.8,101.0,4.42,215.7,20191021.0,544.5,081700
inverter,942.0,1.79,98.0,4.36,215.8,20191021.0,545.1,081800
inverter,947.0,1.79,100.0,4.39,215.7,20191021.0,545.1,081900
inverter,958.0,1.8,101.0,4.45,215.6,20191021.0,549.9,082000
inverter,971.0,1.82,103.0,4.51,215.5,20191021.0,545.0,082100
inverter,979.0,1.85,105.0,4.55,215.4,20191021.0,549.7,082200
inverter,984.0,1.84,105.0,4.57,215.4,20191021.0,545.9,082300
inverter,981.0,1.85,105.0,4.57,215.2,20191021.0,548.1,082400
inverter,969.0,1.81,103.0,4.5,215.1,20191021.0,548.6,082500
inverter,948.0,1.77,100.0,4.43,215.1,20191021.0,549.2,082600
inverter,927.0,1.74,98.0,4.32,215.2,20191021.0,550.0,082700
inverter,909.0,1.73,97.0,4.22,215.4,20191021.0,542.6,082800
inverter,882.0,1.67,95.0,4.09,216.3,20191021.0,543.4,082900
inverter,843.0,1.61,91.0,3.9,216.2,20191021.0,540.5,083000
inverter,795.0,1.51,86.0,3.68,216.1,20191021.0,544.9,083100
inverter,732.0,1.41,82.0,3.39,215.9,20191021.0,537.3,083200
inverter,651.0,1.25,73.0,3.02,215.6,20191021.0,538.9,083300
inverter,594.0,1.16,66.0,2.76,215.4,20191021.0,535.1,083400
inverter,570.0,1.12,63.0,2.65,215.3,20191021.0,534.8,083500
inverter,573.0,1.12,63.0,2.67,215.3,20191021.0,530.6,083600
inverter,603.0,1.17,65.0,2.81,215.3,20191021.0,538.9,083700
inverter,660.0,1.28,71.0,3.09,215.3,20191021.0,539.6,083800
inverter,705.0,1.36,76.0,3.29,215.3,20191021.0,539.7,083900
inverter,675.0,1.29,73.0,3.11,216.4,20191021.0,535.8,084000
inverter,588.0,1.15,63.0,2.71,216.3,20191021.0,531.0,084100
inverter,495.0,0.98,56.0,2.3,216.4,20191021.0,534.7,084200
inverter,426.0,0.86,48.0,1.98,216.3,20191021.0,520.5,084300
inverter,327.0,0.68,41.0,1.53,216.0,20191021.0,524.0,084400
inverter,204.0,0.46,28.0,0.96,215.9,20191021.0,504.1,084500
inverter,114.0,0.28,16.0,0.53,215.9,20191021.0,493.0,084600
inverter,54.0,0.16,10.0,0.25,215.8,20191021.0,475.6,084700
inverter,15.0,0.09,6.0,0.11,215.8,20191021.0,459.7,084800
inverter,4.0,0.07,4.0,0.08,215.4,20191021.0,444.6,084900
inverter,3.0,0.07,3.0,0.09,215.4,20191021.0,436.9,085000
inverter,18.0,0.11,6.0,0.13,215.3,20191021.0,449.4,085100
inverter,21.0,0.11,6.0,0.13,215.4,20191021.0,465.5,085200
inverter,22.0,0.11,6.0,0.14,215.8,20191021.0,465.0,085300
inverter,15.0,0.1,6.0,0.11,215.8,20191021.0,441.1,085400
inverter,9.0,0.09,4.0,0.1,215.8,20191021.0,429.3,085500
inverter,18.0,0.1,6.0,0.12,215.1,20191021.0,468.4,085600
inverter,30.0,0.13,7.0,0.16,215.3,20191021.0,467.4,085700
inverter,52.0,0.17,9.0,0.26,215.4,20191021.0,486.1,085800
inverter,102.0,0.27,15.0,0.52,214.1,20191021.0,499.6,085900
inverter,196.0,0.43,22.0,0.92,214.4,20191021.0,514.9,090000
inverter,283.0,0.6,33.0,1.34,215.3,20191021.0,520.1,090100
inverter,297.0,0.6,33.0,1.38,215.0,20191021.0,524.2,090200
inverter,290.0,0.6,33.0,1.36,214.9,20191021.0,520.0,090300
inverter,279.0,0.59,33.0,1.2,214.8,20191021.0,492.6,090400
inverter,198.0,0.41,24.0,0.92,215.0,20191021.0,520.0,090500
inverter,150.0,0.35,19.0,0.71,215.1,20191021.0,510.1,090600
inverter,156.0,0.36,21.0,0.74,215.2,20191021.0,510.4,090700
inverter,162.0,0.37,21.0,0.77,215.1,20191021.0,510.4,090800
inverter,189.0,0.41,22.0,0.88,215.2,20191021.0,510.7,090900
inverter,210.0,0.46,25.0,0.99,213.6,20191021.0,510.1,091000
inverter,213.0,0.45,25.0,0.99,213.4,20191021.0,522.7,091100
inverter,189.0,0.4,24.0,0.88,213.5,20191021.0,520.1,091200
inverter,147.0,0.34,19.0,0.7,213.4,20191021.0,513.9,091300
inverter,146.0,0.32,18.0,0.64,213.5,20191021.0,500.4,091510
inverter,230.0,0.49,25.0,1.09,213.6,20191021.0,534.3,091600
inverter,391.0,0.8,44.0,1.86,213.8,20191021.0,536.0,091700
inverter,327.0,0.65,38.0,1.52,213.6,20191021.0,533.3,091910
inverter,279.0,0.57,33.0,1.31,213.7,20191021.0,531.4,092000
inverter,249.0,0.52,30.0,1.16,216.4,20191021.0,529.0,092100
inverter,192.0,0.42,24.0,0.9,216.4,20191021.0,517.5,092200
inverter,144.0,0.34,19.0,0.68,216.4,20191021.0,506.2,092300
inverter,123.0,0.3,16.0,0.59,214.7,20191021.0,505.1,092400
inverter,105.0,0.26,15.0,0.49,214.6,20191021.0,500.0,092500
inverter,72.0,0.2,12.0,0.35,214.6,20191021.0,495.0,092600
inverter,39.0,0.14,7.0,0.2,214.6,20191021.0,480.4,092700
inverter,24.0,0.11,7.0,0.14,216.3,20191021.0,469.3,092800
inverter,30.0,0.12,7.0,0.16,216.1,20191021.0,467.6,092900
inverter,39.0,0.14,9.0,0.22,215.9,20191021.0,480.1,093000
inverter,57.0,0.17,10.0,0.27,216.0,20191021.0,486.0,093100
inverter,57.0,0.17,10.0,0.29,214.5,20191021.0,500.1,093200
inverter,42.0,0.14,9.0,0.22,214.4,20191021.0,482.7,093300
inverter,59.0,0.18,10.0,0.3,214.5,20191021.0,490.1,093400
inverter,54.0,0.18,10.0,0.28,216.1,20191021.0,479.8,093500
inverter,57.0,0.17,10.0,0.29,216.5,20191021.0,495.0,093600
inverter,69.0,0.2,12.0,0.34,216.4,20191021.0,496.9,093700
inverter,96.0,0.25,13.0,0.46,216.4,20191021.0,505.0,093800
inverter,138.0,0.32,18.0,0.65,215.0,20191021.0,510.8,093900
inverter,171.0,0.38,21.0,0.81,215.2,20191021.0,522.7,094000
inverter,186.0,0.4,24.0,0.87,214.2,20191021.0,521.7,094100
inverter,177.0,0.4,21.0,0.84,215.7,20191021.0,520.4,094200
inverter,177.0,0.39,21.0,0.83,215.6,20191021.0,525.0,094300
inverter,184.0,0.4,22.0,0.87,215.6,20191021.0,520.3,094400
inverter,180.0,0.39,22.0,0.85,213.9,20191021.0,519.8,094500
inverter,159.0,0.35,19.0,0.76,213.8,20191021.0,524.0,094600
inverter,144.0,0.33,19.0,0.69,213.8,20191021.0,513.1,094700
inverter,138.0,0.32,18.0,0.66,215.4,20191021.0,519.4,094800
inverter,151.0,0.34,19.0,0.72,215.4,20191021.0,524.4,094900
inverter,183.0,0.4,22.0,0.86,215.3,20191021.0,526.5,095000
inverter,215.0,0.46,25.0,1.2,214.2,20191021.0,525.0,095100
inverter,246.0,0.52,28.0,1.18,214.0,20191021.0,530.8,095200
inverter,284.0,0.58,33.0,1.33,214.2,20191021.0,531.8,095300
inverter,297.0,0.59,35.0,1.39,214.2,20191021.0,540.1,095400
inverter,270.0,0.56,31.0,1.27,215.6,20191021.0,533.1,095500
inverter,255.0,0.53,30.0,1.19,215.6,20191021.0,526.5,095600
inverter,255.0,0.53,30.0,1.19,215.7,20191021.0,534.7,095700
inverter,270.0,0.56,30.0,1.28,214.1,20191021.0,535.1,095800
inverter,309.0,0.62,35.0,1.45,214.3,20191021.0,538.4,095900
inverter,354.0,0.71,39.0,1.65,215.6,20191021.0,540.0,100000
inverter,420.0,0.82,45.0,1.94,217.5,20191021.0,542.5,100100
inverter,485.0,0.93,53.0,2.23,217.6,20191021.0,545.0,100200
inverter,538.0,1.03,59.0,2.48,217.5,20191021.0,545.7,100300
inverter,585.0,1.12,62.0,2.7,217.2,20191021.0,548.1,100400
inverter,629.0,1.19,66.0,2.9,217.4,20191021.0,550.2,100500
inverter,659.0,1.24,70.0,3.04,217.3,20191021.0,555.2,100600
inverter,681.0,1.28,73.0,3.15,217.6,20191021.0,555.4,100700
inverter,702.0,1.31,74.0,3.24,217.6,20191021.0,559.8,100800
inverter,726.0,1.36,77.0,3.36,217.8,20191021.0,559.5,100900
inverter,762.0,1.42,80.0,3.51,218.0,20191021.0,560.1,101000
inverter,804.0,1.49,85.0,3.71,218.1,20191021.0,560.1,101100
inverter,825.0,1.52,86.0,3.79,218.1,20191021.0,560.5,101200
inverter,831.0,1.53,88.0,3.83,218.1,20191021.0,558.9,101300
inverter,865.0,1.58,91.0,3.97,218.6,20191021.0,560.0,101400
inverter,855.0,1.58,89.0,3.9,218.5,20191021.0,555.4,101500
inverter,843.0,1.56,88.0,3.86,218.5,20191021.0,562.6,101600
inverter,861.0,1.6,91.0,3.95,218.7,20191021.0,560.7,101700
inverter,909.0,1.68,95.0,4.17,218.8,20191021.0,561.3,101800
inverter,957.0,1.75,100.0,4.41,217.6,20191021.0,561.0,101900
inverter,1012.0,1.86,105.0,4.67,217.6,20191021.0,565.7,102000
inverter,1104.0,2.01,114.0,5.09,217.6,20191021.0,567.2,102100
inverter,1122.0,2.03,115.0,5.16,217.6,20191021.0,565.9,102200
inverter,1149.0,2.08,118.0,5.31,217.6,20191021.0,570.8,102300
inverter,1218.0,2.2,124.0,5.6,217.6,20191021.0,566.8,102400
inverter,1275.0,2.31,129.0,5.86,217.8,20191021.0,566.8,102500
inverter,1254.0,2.26,127.0,5.77,217.8,20191021.0,569.1,102600
inverter,1221.0,2.19,124.0,5.61,217.8,20191021.0,568.4,102700
inverter,1211.0,2.19,123.0,5.58,217.8,20191021.0,569.2,102800
inverter,1304.0,2.36,130.0,5.98,218.0,20191021.0,566.9,102900
inverter,1257.0,2.26,129.0,5.78,217.9,20191021.0,565.8,103000
inverter,1070.0,1.93,109.0,4.93,216.1,20191021.0,563.7,103100
inverter,1091.0,2.01,111.0,5.08,216.1,20191021.0,562.4,103200
inverter,1212.0,2.19,124.0,5.62,216.0,20191021.0,569.4,103300
inverter,927.0,1.71,95.0,4.3,215.8,20191021.0,558.2,103400
inverter,753.0,1.4,79.0,3.5,215.5,20191021.0,551.4,103500
inverter,810.0,1.5,85.0,3.77,215.6,20191021.0,557.0,103600
inverter,600.0,1.12,63.0,2.76,215.3,20191021.0,550.1,103700
inverter,471.0,0.91,51.0,2.15,218.0,20191021.0,535.9,103800
inverter,351.0,0.68,39.0,1.6,218.0,20191021.0,535.3,103900
inverter,328.0,0.68,38.0,1.54,218.0,20191021.0,532.0,104000
inverter,429.0,0.84,47.0,1.98,216.3,20191021.0,538.7,104100
inverter,435.0,0.85,47.0,2.01,216.4,20191021.0,541.2,104200
inverter,517.0,1.0,56.0,2.41,216.5,20191021.0,546.0,104300
inverter,504.0,0.97,54.0,2.34,216.4,20191021.0,542.5,104400
inverter,558.0,1.07,60.0,2.58,218.1,20191021.0,550.4,104500
inverter,543.0,1.03,57.0,2.48,218.1,20191021.0,545.9,104600
inverter,453.0,0.92,50.0,2.0,218.2,20191021.0,515.5,104700
inverter,453.0,0.87,50.0,2.1,216.2,20191021.0,546.0,104800
inverter,390.0,0.76,44.0,1.81,216.4,20191021.0,538.9,104900
inverter,371.0,0.73,42.0,1.72,216.3,20191021.0,536.9,105000
inverter,314.0,0.64,36.0,1.47,215.9,20191021.0,535.9,105100
inverter,255.0,0.53,30.0,1.17,217.7,20191021.0,531.0,105200
inverter,195.0,0.41,24.0,0.9,217.3,20191021.0,520.9,105300
inverter,156.0,0.36,19.0,0.72,217.1,20191021.0,511.2,105400
inverter,138.0,0.32,18.0,0.65,215.6,20191021.0,509.7,105500
inverter,108.0,0.26,16.0,0.51,215.5,20191021.0,510.9,105600
inverter,102.0,0.26,15.0,0.49,215.4,20191021.0,505.4,105700
inverter,99.0,0.25,15.0,0.47,216.1,20191021.0,491.8,105800
inverter,45.0,0.15,10.0,0.23,215.9,20191021.0,490.8,105900
inverter,18.0,0.1,7.0,0.12,216.0,20191021.0,462.7,110000
inverter,6.0,0.08,4.0,0.09,214.6,20191021.0,451.3,110100
inverter,12.0,0.09,6.0,0.1,214.8,20191021.0,458.9,110200
inverter,15.0,0.09,6.0,0.11,214.9,20191021.0,465.8,110300
inverter,15.0,0.1,6.0,0.13,216.5,20191021.0,475.9,110400
inverter,24.0,0.11,7.0,0.14,216.6,20191021.0,471.0,110500
inverter,33.0,0.12,7.0,0.17,216.7,20191021.0,482.2,110600
inverter,42.0,0.15,9.0,0.22,216.7,20191021.0,483.1,110700
inverter,54.0,0.17,10.0,0.27,215.2,20191021.0,490.3,110800
inverter,90.0,0.24,13.0,0.44,215.3,20191021.0,504.6,110900
inverter,135.0,0.31,18.0,0.64,215.2,20191021.0,510.9,111000
inverter,102.0,0.25,15.0,0.47,216.8,20191021.0,502.8,111100
inverter,99.0,0.25,15.0,0.47,216.9,20191021.0,504.9,111200
inverter,69.0,0.19,12.0,0.33,216.7,20191021.0,505.4,111300
inverter,57.0,0.17,10.0,0.29,215.2,20191021.0,505.8,111400
inverter,48.0,0.16,10.0,0.25,215.4,20191021.0,489.7,111500
inverter,48.0,0.16,10.0,0.24,216.4,20191021.0,496.8,111600
inverter,52.0,0.16,10.0,0.26,218.0,20191021.0,496.4,111700
inverter,60.0,0.19,12.0,0.32,218.0,20191021.0,496.7,111800
inverter,75.0,0.2,12.0,0.36,217.9,20191021.0,505.4,111900
inverter,72.0,0.2,12.0,0.35,216.6,20191021.0,491.9,112000
inverter,57.0,0.17,10.0,0.29,216.7,20191021.0,489.1,112100
inverter,39.0,0.14,9.0,0.2,216.7,20191021.0,486.5,112200
inverter,24.0,0.11,7.0,0.14,218.4,20191021.0,466.6,112300
inverter,39.0,0.13,9.0,0.2,218.6,20191021.0,493.2,112400
inverter,48.0,0.15,9.0,0.24,218.7,20191021.0,494.2,112500
inverter,48.0,0.15,9.0,0.24,216.7,20191021.0,491.2,112600
inverter,39.0,0.15,9.0,0.21,216.9,20191021.0,467.4,112700
inverter,39.0,0.14,9.0,0.21,216.8,20191021.0,491.2,112800
inverter,45.0,0.15,9.0,0.22,218.9,20191021.0,491.0,112900
inverter,69.0,0.2,12.0,0.33,219.1,20191021.0,491.4,113000
inverter,81.0,0.22,13.0,0.38,219.1,20191021.0,504.7,113100
inverter,86.0,0.22,13.0,0.41,219.1,20191021.0,503.6,113200
inverter,84.0,0.23,13.0,0.4,217.4,20191021.0,501.3,113300
inverter,81.0,0.22,13.0,0.39,217.6,20191021.0,505.4,113400
inverter,81.0,0.22,13.0,0.39,216.4,20191021.0,500.9,113500
inverter,81.0,0.21,12.0,0.38,217.9,20191021.0,501.7,113600
inverter,71.0,0.19,12.0,0.33,219.1,20191021.0,501.2,113700
inverter,66.0,0.18,12.0,0.31,219.1,20191021.0,501.1,113800
inverter,75.0,0.21,12.0,0.36,217.5,20191021.0,489.0,113900
inverter,78.0,0.22,13.0,0.38,217.4,20191021.0,496.2,114000
inverter,87.0,0.23,13.0,0.41,217.5,20191021.0,505.1,114100
inverter,78.0,0.21,12.0,0.37,219.3,20191021.0,502.8,114200
inverter,69.0,0.19,12.0,0.32,219.2,20191021.0,494.5,114300
inverter,60.0,0.17,10.0,0.29,219.4,20191021.0,504.7,114400
inverter,96.0,0.25,15.0,0.45,219.6,20191021.0,501.6,114500
inverter,114.0,0.28,16.0,0.53,218.2,20191021.0,516.3,114600
inverter,141.0,0.33,19.0,0.67,218.1,20191021.0,519.2,114700
inverter,162.0,0.37,21.0,0.74,218.5,20191021.0,524.9,114800
inverter,171.0,0.38,21.0,0.8,220.0,20191021.0,525.1,114900
inverter,173.0,0.38,22.0,0.8,219.6,20191021.0,525.6,115000
inverter,177.0,0.39,22.0,0.82,218.4,20191021.0,524.8,115100
inverter,175.0,0.38,22.0,0.82,217.3,20191021.0,522.3,115200
inverter,183.0,0.4,22.0,0.85,217.1,20191021.0,522.6,115300
inverter,185.0,0.4,22.0,0.86,217.2,20191021.0,524.2,115400
inverter,198.0,0.43,24.0,0.93,217.2,20191021.0,521.6,115500
inverter,207.0,0.45,25.0,0.97,217.3,20191021.0,528.2,115600
inverter,213.0,0.46,25.0,1.0,217.3,20191021.0,525.5,115700
inverter,220.0,0.47,25.0,1.03,217.3,20191021.0,529.5,115800
inverter,222.0,0.47,25.0,1.03,216.5,20191021.0,530.2,115900
inverter,225.0,0.48,27.0,1.05,216.4,20191021.0,533.6,120000
inverter,225.0,0.49,27.0,1.13,215.4,20191021.0,532.4,120100
inverter,237.0,0.51,28.0,1.12,216.4,20191021.0,525.4,120200
inverter,252.0,0.52,30.0,1.17,217.3,20191021.0,535.5,120300
inverter,264.0,0.54,30.0,1.22,216.6,20191021.0,535.5,120400
inverter,279.0,0.58,31.0,1.31,216.6,20191021.0,535.4,120500
inverter,300.0,0.61,33.0,1.39,217.5,20191021.0,535.8,120600
inverter,318.0,0.64,35.0,1.47,217.4,20191021.0,544.0,120700
inverter,337.0,0.67,38.0,1.56,217.6,20191021.0,535.7,120800
inverter,354.0,0.69,38.0,1.63,217.5,20191021.0,543.9,120900
inverter,369.0,0.73,41.0,1.71,217.5,20191021.0,543.5,121000
inverter,381.0,0.75,41.0,1.76,217.5,20191021.0,541.5,121100
inverter,384.0,0.76,42.0,1.77,217.4,20191021.0,541.6,121200
inverter,396.0,0.79,44.0,1.84,217.5,20191021.0,540.8,121300
inverter,408.0,0.8,45.0,1.87,218.9,20191021.0,539.8,121400
inverter,414.0,0.81,45.0,1.91,218.8,20191021.0,546.5,121500
inverter,420.0,0.82,47.0,1.93,218.8,20191021.0,544.5,121600
inverter,420.0,0.83,45.0,1.93,218.7,20191021.0,544.2,121700
inverter,420.0,0.81,45.0,1.92,218.8,20191021.0,549.0,121800
inverter,414.0,0.81,45.0,1.9,218.7,20191021.0,542.3,121900
inverter,405.0,0.79,44.0,1.86,218.8,20191021.0,540.0,122000
inverter,396.0,0.78,44.0,1.82,219.0,20191021.0,539.7,122100
inverter,393.0,0.78,44.0,1.8,218.9,20191021.0,541.6,122200
inverter,390.0,0.76,44.0,1.8,219.1,20191021.0,542.4,122300
inverter,393.0,0.78,44.0,1.8,219.0,20191021.0,540.2,122400
inverter,396.0,0.79,44.0,1.82,219.0,20191021.0,539.7,122500
inverter,402.0,0.79,44.0,1.84,219.3,20191021.0,543.9,122600
inverter,405.0,0.8,45.0,1.86,219.2,20191021.0,543.6,122700
inverter,408.0,0.8,45.0,1.87,219.0,20191021.0,540.5,122800
inverter,411.0,0.8,45.0,1.87,219.3,20191021.0,548.7,122900
inverter,414.0,0.81,45.0,1.9,219.2,20191021.0,544.3,123000
inverter,423.0,0.84,47.0,1.95,219.2,20191021.0,543.1,123100
inverter,438.0,0.86,48.0,2.0,219.3,20191021.0,539.5,123200
inverter,453.0,0.88,48.0,2.08,218.3,20191021.0,546.7,123300
inverter,468.0,0.91,51.0,2.17,217.3,20191021.0,545.6,123400
inverter,481.0,0.93,53.0,2.21,218.1,20191021.0,544.4,123500
inverter,495.0,0.94,54.0,2.27,218.2,20191021.0,550.8,123600
inverter,504.0,0.97,54.0,2.33,218.0,20191021.0,551.4,123700
inverter,514.0,0.98,56.0,2.37,217.9,20191021.0,549.8,123800
inverter,519.0,0.99,57.0,2.39,218.1,20191021.0,553.7,123900
inverter,522.0,0.99,57.0,2.4,218.3,20191021.0,549.1,124000
inverter,519.0,0.99,57.0,2.38,218.4,20191021.0,547.5,124100
inverter,515.0,0.99,56.0,2.37,218.4,20191021.0,553.8,124200
inverter,507.0,0.98,56.0,2.33,218.3,20191021.0,544.1,124300
inverter,501.0,0.96,54.0,2.3,218.4,20191021.0,549.1,124400
inverter,488.0,0.94,54.0,2.23,218.5,20191021.0,544.5,124500
inverter,476.0,0.92,53.0,2.18,218.6,20191021.0,545.1,124600
inverter,462.0,0.89,51.0,2.12,218.6,20191021.0,545.7,124700
inverter,444.0,0.87,50.0,2.04,218.5,20191021.0,546.4,124800
inverter,423.0,0.83,48.0,1.94,219.6,20191021.0,540.0,124900
inverter,405.0,0.8,45.0,1.84,219.8,20191021.0,542.9,125000
inverter,381.0,0.75,44.0,1.75,219.7,20191021.0,543.8,125100
inverter,359.0,0.72,41.0,1.64,219.6,20191021.0,536.0,125200
inverter,339.0,0.68,39.0,1.55,219.8,20191021.0,543.1,125300
inverter,321.0,0.65,38.0,1.47,219.8,20191021.0,538.6,125400
inverter,303.0,0.61,36.0,1.39,219.9,20191021.0,539.2,125500
inverter,291.0,0.59,35.0,1.34,219.7,20191021.0,534.1,125600
inverter,281.0,0.56,33.0,1.29,219.6,20191021.0,543.7,125700
inverter,276.0,0.57,33.0,1.26,219.5,20191021.0,534.2,125800
inverter,270.0,0.56,31.0,1.24,219.6,20191021.0,533.7,125900
inverter,267.0,0.55,31.0,1.24,218.0,20191021.0,530.4,130000
inverter,198.0,0.55,31.0,1.11,219.6,20191021.0,515.8,130100
inverter,263.0,0.54,31.0,1.2,219.7,20191021.0,534.0,130200
inverter,259.0,0.54,31.0,1.19,219.7,20191021.0,539.1,130300
inverter,261.0,0.54,31.0,1.2,219.5,20191021.0,530.1,130400
inverter,258.0,0.54,31.0,1.19,219.6,20191021.0,534.3,130500
inverter,252.0,0.52,30.0,1.15,219.7,20191021.0,534.4,130600
inverter,246.0,0.51,30.0,1.14,219.8,20191021.0,528.9,130700
inverter,246.0,0.52,28.0,1.14,218.3,20191021.0,524.4,130800
inverter,246.0,0.52,30.0,1.14,218.4,20191021.0,531.7,130900
inverter,252.0,0.52,30.0,1.16,218.5,20191021.0,533.4,131000
inverter,255.0,0.53,30.0,1.17,218.6,20191021.0,528.5,131100
inverter,256.0,0.53,31.0,1.19,218.6,20191021.0,536.4,131200
inverter,258.0,0.53,31.0,1.19,218.6,20191021.0,537.0,131300
inverter,258.0,0.53,30.0,1.19,218.7,20191021.0,528.8,131400
inverter,264.0,0.53,30.0,1.2,218.7,20191021.0,539.4,131500
inverter,266.0,0.55,31.0,1.23,218.6,20191021.0,531.7,131600
inverter,270.0,0.55,30.0,1.24,218.5,20191021.0,539.5,131700
inverter,276.0,0.56,31.0,1.26,218.7,20191021.0,544.0,131800
inverter,285.0,0.58,31.0,1.31,218.8,20191021.0,535.7,131900
inverter,297.0,0.6,33.0,1.36,218.6,20191021.0,536.6,132000
inverter,303.0,0.62,35.0,1.41,218.6,20191021.0,533.8,132100
inverter,309.0,0.64,35.0,1.43,218.6,20191021.0,532.2,132200
inverter,309.0,0.63,35.0,1.43,218.7,20191021.0,533.2,132300
inverter,312.0,0.63,35.0,1.44,218.9,20191021.0,533.8,132400
inverter,318.0,0.64,36.0,1.45,220.2,20191021.0,533.6,132500
inverter,326.0,0.66,36.0,1.49,220.1,20191021.0,536.9,132600
inverter,333.0,0.67,38.0,1.52,220.1,20191021.0,535.5,132700
inverter,341.0,0.68,38.0,1.56,220.1,20191021.0,538.7,132800
inverter,345.0,0.7,38.0,1.59,220.2,20191021.0,534.0,132900
inverter,354.0,0.71,39.0,1.63,220.2,20191021.0,541.1,133000
inverter,365.0,0.73,41.0,1.67,220.2,20191021.0,540.4,133100
inverter,378.0,0.75,41.0,1.73,220.2,20191021.0,542.3,133200
inverter,396.0,0.78,42.0,1.81,220.3,20191021.0,546.3,133300
inverter,420.0,0.81,45.0,1.91,220.4,20191021.0,545.4,133400
inverter,449.0,0.87,48.0,2.04,220.6,20191021.0,546.4,133500
inverter,489.0,0.93,51.0,2.22,220.5,20191021.0,549.1,133600
inverter,530.0,1.02,54.0,2.42,220.7,20191021.0,550.8,133700
inverter,576.0,1.1,59.0,2.63,220.8,20191021.0,553.0,133800
inverter,621.0,1.17,63.0,2.82,220.9,20191021.0,557.5,133900
inverter,648.0,1.21,66.0,2.93,221.0,20191021.0,554.8,134000
inverter,657.0,1.24,68.0,2.98,220.8,20191021.0,555.4,134100
inverter,652.0,1.23,68.0,2.96,220.9,20191021.0,556.6,134200
inverter,642.0,1.2,66.0,2.92,220.8,20191021.0,557.2,134300
inverter,639.0,1.2,66.0,2.92,219.5,20191021.0,553.6,134400
inverter,645.0,1.21,66.0,2.94,219.5,20191021.0,557.5,134500
inverter,659.0,1.24,66.0,3.01,219.3,20191021.0,558.8,134600
inverter,684.0,1.27,68.0,3.13,219.6,20191021.0,562.5,134700
inverter,732.0,1.36,73.0,3.35,219.3,20191021.0,558.7,134800
inverter,798.0,1.48,79.0,3.66,219.7,20191021.0,563.1,134900
inverter,885.0,1.62,88.0,4.06,219.8,20191021.0,564.1,135000
inverter,996.0,1.82,98.0,4.53,219.9,20191021.0,563.0,135100
inverter,1107.0,1.99,109.0,5.04,220.1,20191021.0,570.1,135200
inverter,1184.0,2.14,117.0,5.38,220.3,20191021.0,573.1,135300
inverter,1239.0,2.22,121.0,5.63,220.1,20191021.0,568.6,135400
inverter,1254.0,2.27,124.0,5.72,220.2,20191021.0,571.9,135500
inverter,1272.0,2.27,126.0,5.77,220.0,20191021.0,570.3,135600
inverter,1283.0,2.31,127.0,5.84,220.1,20191021.0,569.3,135700
inverter,1290.0,2.33,130.0,5.87,220.2,20191021.0,568.8,135800
inverter,1290.0,2.31,129.0,5.85,220.2,20191021.0,572.9,135900
inverter,1254.0,2.25,126.0,5.7,220.1,20191021.0,568.4,140000
inverter,1206.0,2.18,121.0,5.49,220.0,20191021.0,568.0,140100
inverter,1179.0,2.14,120.0,5.34,221.1,20191021.0,563.4,140200
inverter,1188.0,2.16,120.0,5.37,221.2,20191021.0,563.2,140300
inverter,1215.0,2.2,121.0,5.49,221.2,20191021.0,563.5,140400
inverter,1254.0,2.29,126.0,5.68,221.3,20191021.0,564.1,140500
inverter,1326.0,2.41,133.0,6.01,221.0,20191021.0,567.0,140600
inverter,1407.0,2.53,141.0,6.37,221.1,20191021.0,568.4,140700
inverter,1503.0,2.7,150.0,6.81,221.2,20191021.0,572.2,140800
inverter,1617.0,2.9,161.0,7.32,221.6,20191021.0,569.4,140900
inverter,1806.0,3.2,179.0,8.14,221.8,20191021.0,577.6,141000
inverter,2085.0,3.72,205.0,9.44,222.0,20191021.0,573.4,141100
inverter,2409.0,4.27,237.0,10.91,222.4,20191021.0,579.4,141200
inverter,2703.0,4.73,267.0,12.25,221.1,20191021.0,582.2,141300
inverter,2772.0,4.82,275.0,12.55,221.0,20191021.0,581.0,141400
inverter,2789.0,4.89,277.0,12.64,220.6,20191021.0,580.0,141500
inverter,2697.0,4.69,269.0,12.23,220.7,20191021.0,582.6,141600
inverter,2616.0,4.59,263.0,11.86,220.4,20191021.0,575.5,141700
inverter,2526.0,4.47,252.0,11.37,222.0,20191021.0,575.3,141800
inverter,2464.0,4.32,243.0,11.09,222.1,20191021.0,577.5,141900
inverter,2466.0,4.36,242.0,11.17,220.9,20191021.0,574.3,142000
inverter,2538.0,4.48,246.0,11.49,220.9,20191021.0,578.3,142100
inverter,2688.0,4.75,261.0,12.16,221.2,20191021.0,573.6,142200
inverter,2890.0,5.07,283.0,13.06,221.4,20191021.0,579.1,142300
inverter,3075.0,5.35,305.0,13.92,221.6,20191021.0,580.6,142400
inverter,3213.0,5.58,321.0,14.5,221.6,20191021.0,581.9,142500
inverter,3244.0,5.68,327.0,14.65,221.1,20191021.0,574.6,142600
inverter,3199.0,5.64,321.0,14.48,220.8,20191021.0,578.4,142700
inverter,3039.0,5.31,302.0,13.74,220.7,20191021.0,576.0,142800
inverter,2890.0,5.09,286.0,13.1,220.6,20191021.0,577.3,142900
inverter,2818.0,4.98,278.0,12.79,220.4,20191021.0,575.1,143000
inverter,2823.0,4.95,278.0,12.8,220.5,20191021.0,579.4,143100
inverter,2850.0,5.02,283.0,12.93,220.6,20191021.0,574.2,143200
inverter,2837.0,5.0,283.0,12.88,220.4,20191021.0,579.1,143300
inverter,2782.0,4.9,281.0,12.61,220.6,20191021.0,575.9,143400
inverter,2664.0,4.72,272.0,12.07,220.4,20191021.0,573.6,143500
inverter,2493.0,4.43,255.0,11.33,219.8,20191021.0,572.6,143600
inverter,2313.0,4.07,235.0,10.54,219.5,20191021.0,571.6,143700
inverter,2157.0,3.8,219.0,9.8,220.0,20191021.0,574.5,143800
inverter,2046.0,3.63,205.0,9.25,221.3,20191021.0,570.5,143900
inverter,2007.0,3.57,197.0,9.11,221.1,20191021.0,574.6,144000
inverter,2058.0,3.65,196.0,9.33,220.8,20191021.0,571.0,144100
inverter,2199.0,3.88,210.0,9.99,221.2,20191021.0,579.6,144200
inverter,2439.0,4.3,231.0,11.07,221.3,20191021.0,582.7,144300
inverter,2280.0,4.52,261.0,11.33,221.1,20191021.0,562.6,144400
inverter,3123.0,5.46,295.0,14.15,221.7,20191021.0,585.2,144500
inverter,3642.0,6.38,339.0,16.47,221.1,20191021.0,584.8,144600
inverter,3903.0,6.75,357.0,17.62,221.5,20191021.0,584.1,144700
inverter,4518.0,8.14,415.0,20.64,222.3,20191021.0,581.7,144800
inverter,5436.0,9.46,509.0,24.51,223.3,20191021.0,586.0,144900
inverter,4949.0,8.74,458.0,22.41,222.6,20191021.0,579.1,145000
inverter,4794.0,8.38,459.0,21.17,224.0,20191021.0,572.8,145100
inverter,4392.0,7.68,426.0,19.5,223.0,20191021.0,572.3,145200
inverter,3936.0,6.89,383.0,17.65,222.5,20191021.0,571.7,145300
inverter,3618.0,6.39,350.0,16.43,220.3,20191021.0,576.6,145400
inverter,3339.0,5.91,322.0,15.13,220.1,20191021.0,575.5,145500
inverter,3153.0,5.59,304.0,14.37,219.5,20191021.0,571.2,145600
inverter,3042.0,5.42,293.0,13.7,221.7,20191021.0,566.6,145700
inverter,2961.0,5.29,290.0,13.38,221.6,20191021.0,571.8,145800
inverter,2846.0,5.09,281.0,12.9,220.4,20191021.0,570.3,145900
inverter,2649.0,4.68,260.0,12.12,218.6,20191021.0,569.8,150000
inverter,2421.0,4.3,240.0,11.01,220.1,20191021.0,569.7,150100
inverter,2238.0,4.0,222.0,10.18,219.9,20191021.0,566.9,150200
inverter,2097.0,3.74,210.0,9.56,219.5,20191021.0,571.4,150300
inverter,1983.0,3.54,199.0,9.07,218.9,20191021.0,567.0,150400
inverter,1884.0,3.36,191.0,8.62,218.6,20191021.0,565.5,150500
inverter,1803.0,3.24,184.0,8.24,218.6,20191021.0,571.6,150600
inverter,1731.0,3.12,176.0,7.9,218.5,20191021.0,562.0,150700
inverter,1659.0,2.99,170.0,7.6,218.3,20191021.0,561.6,150800
inverter,1587.0,2.86,161.0,7.26,218.9,20191021.0,565.8,150900
inverter,1520.0,2.74,155.0,6.95,218.8,20191021.0,562.1,151000
inverter,1470.0,2.68,147.0,6.72,219.0,20191021.0,564.9,151100
inverter,1446.0,2.61,143.0,6.62,218.8,20191021.0,564.5,151200
inverter,1500.0,2.74,143.0,6.88,218.8,20191021.0,562.3,151300
inverter,1863.0,3.5,162.0,8.74,219.4,20191021.0,570.7,151400
inverter,2212.0,4.04,211.0,10.16,219.1,20191021.0,562.1,151500
inverter,2256.0,4.02,223.0,10.29,219.2,20191021.0,570.0,151600
inverter,2349.0,4.18,234.0,10.71,219.4,20191021.0,569.0,151700
inverter,2343.0,4.16,232.0,10.63,220.7,20191021.0,573.0,151800
inverter,2235.0,3.95,220.0,10.11,220.6,20191021.0,575.5,151900
inverter,2073.0,3.64,202.0,9.37,221.0,20191021.0,576.3,152000
inverter,1957.0,3.46,188.0,8.85,220.7,20191021.0,573.4,152100
inverter,1926.0,3.36,182.0,8.72,220.8,20191021.0,580.1,152200
inverter,2005.0,3.54,184.0,9.11,221.0,20191021.0,580.1,152300
inverter,2208.0,3.87,200.0,10.07,221.0,20191021.0,581.9,152400
inverter,2397.0,4.19,222.0,10.85,221.1,20191021.0,582.1,152500
inverter,2457.0,4.31,231.0,11.1,221.2,20191021.0,577.9,152600
inverter,2371.0,4.17,223.0,10.72,220.7,20191021.0,576.7,152700
inverter,2265.0,3.96,216.0,10.26,221.0,20191021.0,578.8,152800
inverter,2169.0,3.84,207.0,9.81,221.0,20191021.0,572.5,152900
inverter,2088.0,3.71,200.0,9.45,220.9,20191021.0,571.8,153000
inverter,2028.0,3.59,197.0,9.19,220.9,20191021.0,573.6,153100
inverter,1998.0,3.55,194.0,9.03,221.4,20191021.0,574.4,153200
inverter,1974.0,3.5,193.0,8.93,221.2,20191021.0,570.7,153300
inverter,1961.0,3.48,191.0,8.87,221.1,20191021.0,575.2,153400
inverter,1950.0,3.48,191.0,8.82,221.1,20191021.0,569.4,153500
inverter,1956.0,3.5,191.0,8.85,221.1,20191021.0,568.2,153600
inverter,1980.0,3.54,194.0,9.01,219.8,20191021.0,572.4,153700
inverter,2004.0,3.57,196.0,9.15,219.7,20191021.0,567.4,153800
inverter,2010.0,3.61,197.0,9.16,219.9,20191021.0,571.2,153900
inverter,1995.0,3.6,197.0,9.11,219.4,20191021.0,567.3,154000
inverter,1965.0,3.53,191.0,8.98,218.9,20191021.0,567.0,154100
inverter,1926.0,3.46,190.0,8.81,219.0,20191021.0,562.4,154200
inverter,1890.0,3.43,126.0,8.63,219.0,20191021.0,562.5,154300
inverter,1914.0,3.43,190.0,8.74,219.0,20191021.0,565.0,154400
inverter,1922.0,3.48,193.0,8.79,219.0,20191021.0,563.2,154500
inverter,1893.0,3.44,190.0,8.66,219.4,20191021.0,562.3,154600
inverter,1830.0,3.31,184.0,8.34,219.1,20191021.0,559.3,154700
inverter,1710.0,3.11,172.0,7.81,219.1,20191021.0,560.0,154800
inverter,1569.0,2.86,155.0,7.15,219.1,20191021.0,559.0,154900
inverter,1431.0,2.59,141.0,6.52,219.0,20191021.0,562.0,155000
inverter,1314.0,2.4,129.0,6.0,218.8,20191021.0,557.6,155100
inverter,1239.0,2.26,120.0,5.67,218.7,20191021.0,557.9,155200
inverter,1206.0,2.23,117.0,5.52,218.7,20191021.0,553.6,155300
inverter,1199.0,2.21,118.0,5.51,218.1,20191021.0,557.6,155400
inverter,1200.0,2.21,118.0,5.51,218.0,20191021.0,552.6,155500
inverter,1179.0,2.18,118.0,5.41,218.0,20191021.0,553.1,155600
inverter,1140.0,2.1,115.0,5.24,217.9,20191021.0,553.5,155700
inverter,1099.0,2.03,112.0,5.02,219.3,20191021.0,557.0,155800
inverter,1044.0,1.96,108.0,4.77,219.5,20191021.0,549.6,155900
inverter,978.0,1.82,101.0,4.47,219.4,20191021.0,550.9,160000
inverter,905.0,1.7,94.0,4.14,219.3,20191021.0,548.3,160100
inverter,834.0,1.56,88.0,3.8,219.2,20191021.0,552.5,160200
inverter,766.0,1.46,80.0,3.49,219.3,20191021.0,544.3,160300
inverter,710.0,1.34,76.0,3.24,219.5,20191021.0,543.5,160400
inverter,651.0,1.25,70.0,2.98,219.2,20191021.0,542.4,160500
inverter,597.0,1.16,63.0,2.73,219.1,20191021.0,539.3,160600
inverter,547.0,1.07,57.0,2.51,219.1,20191021.0,538.7,160700
inverter,513.0,0.99,54.0,2.34,219.2,20191021.0,541.7,160800
inverter,495.0,0.97,51.0,2.27,218.9,20191021.0,538.1,160900
inverter,495.0,0.97,51.0,2.27,218.9,20191021.0,537.4,161000
inverter,504.0,0.99,51.0,2.32,218.9,20191021.0,541.8,161100
inverter,516.0,1.0,54.0,2.41,215.0,20191021.0,539.0,161200
inverter,528.0,1.02,54.0,2.45,216.0,20191021.0,547.3,161300
inverter,537.0,1.04,56.0,2.5,215.9,20191021.0,541.4,161400
inverter,543.0,1.05,56.0,2.52,215.8,20191021.0,542.2,161500
inverter,549.0,1.07,57.0,2.52,218.1,20191021.0,545.7,161600
inverter,555.0,1.07,57.0,2.56,217.4,20191021.0,542.5,161700
inverter,561.0,1.08,57.0,2.58,217.4,20191021.0,537.8,161800
inverter,564.0,1.09,59.0,2.6,217.3,20191021.0,538.4,161900
inverter,570.0,1.11,60.0,2.63,217.5,20191021.0,539.6,162000
inverter,573.0,1.11,60.0,2.68,215.5,20191021.0,540.7,162100
inverter,576.0,1.11,60.0,2.68,215.5,20191021.0,542.5,162200
inverter,573.0,1.1,60.0,2.67,215.5,20191021.0,542.5,162300
inverter,570.0,1.09,60.0,2.65,215.7,20191021.0,544.9,162400
inverter,561.0,1.07,59.0,2.58,217.9,20191021.0,545.8,162500
inverter,552.0,1.05,57.0,2.53,217.8,20191021.0,547.0,162600
inverter,450.0,1.0,57.0,2.04,216.6,20191021.0,450.6,162700
inverter,534.0,1.04,56.0,2.47,216.5,20191021.0,542.4,162800
inverter,528.0,1.04,56.0,2.46,216.1,20191021.0,538.7,162900
inverter,528.0,1.03,56.0,2.45,216.4,20191021.0,538.0,163000
inverter,525.0,1.02,56.0,2.42,217.5,20191021.0,542.3,163100
inverter,516.0,0.99,56.0,2.41,215.4,20191021.0,545.6,163200
inverter,510.0,0.99,54.0,2.37,215.3,20191021.0,538.5,163300
inverter,501.0,0.97,53.0,2.33,215.0,20191021.0,539.5,163400
inverter,490.0,0.95,53.0,2.28,215.1,20191021.0,540.1,163500
inverter,477.0,0.93,50.0,2.2,217.4,20191021.0,538.5,163600
inverter,464.0,0.9,50.0,2.13,218.7,20191021.0,542.0,163700
inverter,453.0,0.89,48.0,2.07,218.8,20191021.0,542.6,163800
inverter,444.0,0.88,48.0,2.05,218.9,20191021.0,541.9,163900
inverter,439.0,0.87,47.0,2.02,218.9,20191021.0,541.4,164000
inverter,429.0,0.84,47.0,1.96,218.8,20191021.0,540.5,164100
inverter,411.0,0.81,45.0,1.89,218.6,20191021.0,537.5,164200
inverter,396.0,0.79,42.0,1.85,216.3,20191021.0,537.6,164300
inverter,387.0,0.76,42.0,1.79,216.3,20191021.0,542.0,164400
inverter,375.0,0.74,41.0,1.74,216.3,20191021.0,542.4,164500
inverter,366.0,0.73,41.0,1.68,218.6,20191021.0,542.6,164600
inverter,363.0,0.73,39.0,1.66,218.4,20191021.0,533.1,164700
inverter,357.0,0.71,39.0,1.64,218.6,20191021.0,538.9,164800
inverter,357.0,0.71,39.0,1.64,218.6,20191021.0,540.3,164900
inverter,359.0,0.71,39.0,1.65,218.6,20191021.0,538.0,165000
inverter,365.0,0.73,39.0,1.68,218.5,20191021.0,546.7,165100
inverter,379.0,0.74,39.0,1.75,218.6,20191021.0,545.2,165200
inverter,396.0,0.77,41.0,1.82,218.8,20191021.0,547.3,165300
inverter,414.0,0.79,42.0,1.92,216.8,20191021.0,557.3,165400
inverter,432.0,0.81,42.0,2.0,216.8,20191021.0,558.9,165500
inverter,456.0,0.85,44.0,2.12,216.5,20191021.0,567.5,165600
inverter,497.0,0.91,47.0,2.32,215.1,20191021.0,571.5,165700
inverter,552.0,1.03,50.0,2.55,217.5,20191021.0,558.9,165800
inverter,621.0,1.16,54.0,2.87,217.4,20191021.0,559.4,165900
inverter,696.0,1.29,60.0,3.21,217.6,20191021.0,561.4,170000
inverter,776.0,1.43,66.0,3.6,216.4,20191021.0,561.4,170100
inverter,867.0,1.59,73.0,3.97,217.9,20191021.0,565.1,170200
inverter,966.0,1.76,79.0,4.43,218.3,20191021.0,566.4,170300
inverter,1233.0,1.97,92.0,5.73,218.5,20191021.0,650.8,170400
inverter,1203.0,2.07,100.0,5.56,218.4,20191021.0,601.6,170500
inverter,1262.0,2.17,108.0,5.86,218.5,20191021.0,601.3,170600
inverter,1416.0,2.66,115.0,6.49,218.6,20191021.0,541.2,170700
inverter,2280.0,4.21,127.0,10.4,219.5,20191021.0,546.6,170800
inverter,1560.0,2.92,129.0,7.14,218.7,20191021.0,545.3,170900
inverter,1638.0,3.07,137.0,7.47,218.9,20191021.0,549.0,171000
inverter,3294.0,6.08,152.0,14.92,221.0,20191021.0,548.6,171100
inverter,1770.0,3.25,149.0,8.17,217.0,20191021.0,556.9,171200
inverter,1825.0,3.5,155.0,8.41,217.0,20191021.0,534.2,171300
inverter,1809.0,3.29,153.0,8.33,216.9,20191021.0,556.2,171400
inverter,1734.0,3.09,146.0,7.94,218.8,20191021.0,574.0,171500
inverter,1794.0,2.94,138.0,8.16,220.1,20191021.0,620.9,171600
inverter,1446.0,2.52,124.0,6.58,219.8,20191021.0,585.5,171700
inverter,1317.0,2.29,114.0,5.97,219.6,20191021.0,580.8,171800
inverter,1215.0,2.21,101.0,5.54,219.5,20191021.0,568.7,171900
inverter,1719.0,3.21,98.0,7.82,220.2,20191021.0,548.6,172000
inverter,1773.0,3.56,92.0,8.23,220.3,20191021.0,527.2,172100
inverter,1603.0,3.12,91.0,7.22,217.8,20191021.0,510.1,172200
inverter,2148.0,4.25,97.0,9.92,218.2,20191021.0,518.9,172300
inverter,1041.0,2.02,91.0,4.79,216.9,20191021.0,528.6,172400
inverter,961.0,1.85,85.0,4.4,219.0,20191021.0,534.5,172500
inverter,876.0,1.64,76.0,4.0,218.5,20191021.0,550.3,172600
inverter,783.0,1.47,66.0,3.58,218.4,20191021.0,545.7,172700
inverter,714.0,1.34,60.0,3.26,218.3,20191021.0,554.2,172800
inverter,669.0,1.24,57.0,3.06,218.3,20191021.0,558.0,172900
inverter,678.0,1.25,51.0,3.13,218.2,20191021.0,568.6,173000
inverter,759.0,1.27,53.0,3.49,218.0,20191021.0,623.6,173100
inverter,1443.0,2.91,51.0,6.59,219.0,20191021.0,509.0,173200
inverter,1318.0,2.68,50.0,6.06,218.8,20191021.0,504.9,173300
inverter,1350.0,2.75,48.0,6.23,216.9,20191021.0,509.5,173400
inverter,1347.0,2.7,48.0,6.24,215.5,20191021.0,505.6,173500
inverter,1316.0,2.71,48.0,6.11,215.6,20191021.0,496.5,173600
inverter,1278.0,2.66,60.0,5.84,219.0,20191021.0,494.1,173700
inverter,1263.0,2.63,91.0,5.79,219.0,20191021.0,492.9,173800
inverter,1263.0,2.62,120.0,5.77,218.8,20191021.0,497.2,173900
inverter,1227.0,2.62,127.0,5.63,218.4,20191021.0,484.8,174000
inverter,1180.0,2.49,124.0,5.42,218.3,20191021.0,486.2,174100
inverter,1104.0,2.35,117.0,5.07,217.7,20191021.0,480.7,174200
inverter,1040.0,2.22,111.0,4.79,217.6,20191021.0,484.1,174300
inverter,986.0,2.11,105.0,4.58,215.3,20191021.0,478.1,174400
inverter,928.0,2.01,100.0,4.31,215.2,20191021.0,475.0,174500
inverter,876.0,1.94,97.0,4.07,215.0,20191021.0,468.3,174600
inverter,822.0,1.82,91.0,3.79,217.4,20191021.0,466.3,174700
inverter,780.0,1.75,88.0,3.59,217.4,20191021.0,459.6,174800
inverter,714.0,1.6,80.0,3.28,217.4,20191021.0,458.5,174900
inverter,678.0,1.63,66.0,3.12,217.2,20191021.0,432.8,175000
inverter,627.0,1.48,62.0,2.9,216.7,20191021.0,446.6,175100
inverter,595.0,1.38,65.0,2.77,215.6,20191021.0,448.3,175200
inverter,549.0,1.31,66.0,2.54,215.8,20191021.0,441.9,175300
inverter,420.0,0.85,39.0,1.97,215.6,20191021.0,525.0,175400
inverter,387.0,0.79,33.0,1.82,213.6,20191021.0,518.1,175500
inverter,423.0,0.83,35.0,1.99,213.6,20191021.0,543.1,175600
inverter,402.0,0.78,33.0,1.88,213.5,20191021.0,539.6,175700
inverter,420.0,0.78,35.0,1.94,215.9,20191021.0,562.1,175800
inverter,360.0,0.73,31.0,1.67,216.0,20191021.0,522.8,175900
inverter,348.0,0.72,31.0,1.61,216.1,20191021.0,517.8,180000
inverter,339.0,0.7,30.0,1.59,215.5,20191021.0,521.5,180100
inverter,333.0,0.68,30.0,1.55,215.9,20191021.0,526.0,180200
inverter,325.0,0.67,30.0,1.52,215.9,20191021.0,521.8,180300
inverter,318.0,0.66,28.0,1.48,216.0,20191021.0,522.2,180400
inverter,318.0,0.64,28.0,1.48,216.0,20191021.0,532.2,180500
inverter,321.0,0.63,27.0,1.5,215.9,20191021.0,548.0,180600
inverter,312.0,0.61,27.0,1.45,216.2,20191021.0,551.9,180700
inverter,293.0,0.6,27.0,1.36,216.3,20191021.0,532.1,180800
inverter,285.0,0.58,25.0,1.33,216.4,20191021.0,531.8,180900
inverter,240.0,0.52,25.0,1.16,216.5,20191021.0,502.1,181000
inverter,270.0,0.57,24.0,1.28,215.8,20191021.0,527.1,181100
inverter,261.0,0.55,24.0,1.22,215.8,20191021.0,522.1,181200
inverter,253.0,0.54,24.0,1.18,216.0,20191021.0,521.9,181300
inverter,243.0,0.52,22.0,1.14,215.2,20191021.0,521.3,181400
inverter,234.0,0.5,22.0,1.1,215.2,20191021.0,518.7,181500
inverter,225.0,0.49,21.0,1.06,215.4,20191021.0,516.9,181600
inverter,213.0,0.47,21.0,1.0,215.5,20191021.0,516.2,181700
inverter,203.0,0.45,19.0,0.95,215.4,20191021.0,513.1,181800
inverter,190.0,0.41,19.0,0.89,216.6,20191021.0,527.4,181900
inverter,180.0,0.39,18.0,0.84,216.6,20191021.0,527.6,182000
inverter,171.0,0.37,18.0,0.81,216.6,20191021.0,527.4,182100
inverter,165.0,0.37,18.0,0.77,216.9,20191021.0,522.0,182200
inverter,156.0,0.35,16.0,0.73,217.7,20191021.0,526.9,182300
inverter,147.0,0.33,15.0,0.68,217.8,20191021.0,522.1,182400
inverter,135.0,0.31,15.0,0.63,217.4,20191021.0,517.1,182500
inverter,126.0,0.29,13.0,0.58,217.6,20191021.0,514.5,182600
inverter,114.0,0.27,13.0,0.54,217.7,20191021.0,515.5,182700
inverter,105.0,0.26,12.0,0.5,217.6,20191021.0,513.1,182800
inverter,99.0,0.24,12.0,0.46,217.6,20191021.0,508.4,182900
inverter,89.0,0.23,12.0,0.42,218.1,20191021.0,507.2,183000
inverter,79.0,0.21,10.0,0.37,217.9,20191021.0,506.5,183100
inverter,69.0,0.2,10.0,0.33,217.8,20191021.0,493.5,183200
inverter,62.0,0.18,9.0,0.3,217.9,20191021.0,487.1,183300
inverter,54.0,0.17,7.0,0.26,217.7,20191021.0,483.9,183400
inverter,47.0,0.16,7.0,0.23,217.6,20191021.0,491.3,183500
inverter,39.0,0.14,7.0,0.2,217.6,20191021.0,478.8,183600
inverter,33.0,0.13,6.0,0.17,217.8,20191021.0,480.1,183700
inverter,27.0,0.11,6.0,0.15,216.6,20191021.0,477.0,183800
inverter,21.0,0.1,6.0,0.13,216.6,20191021.0,481.7,183900
inverter,13.0,0.09,4.0,0.11,216.4,20191021.0,433.8,184000
inverter,8.0,0.08,4.0,0.1,215.8,20191021.0,444.1,184100
inverter,4.0,0.07,4.0,0.09,215.9,20191021.0,435.0,184200
inverter,0.0,0.06,4.0,0.08,215.7,20191021.0,476.7,184300
inverter,0.0,0.05,1.0,0.07,216.1,20191021.0,428.0,184400
inverter,0.0,0.05,0.0,0.07,216.2,20191021.0,419.1,184500
inverter,0.0,0.03,0.0,0.08,216.0,20191021.0,455.3,184600
inverter,0.0,0.03,0.0,0.09,216.2,20191021.0,458.5,184700
inverter,0.0,0.03,0.0,0.1,216.0,20191021.0,423.8,184800
inverter,0.0,0.02,0.0,0.11,215.9,20191021.0,369.9,184900
inverter,0.0,0.0,0.0,0.11,215.9,20191021.0,520.9,185000
inverter,0.0,0.0,0.0,0.11,215.9,20191021.0,512.8,185100
inverter,0.0,0.0,0.0,0.11,215.9,20191021.0,502.9,185200
inverter,0.0,0.0,0.0,0.11,215.9,20191021.0,492.0,185300
inverter,0.0,0.0,0.0,0.11,215.9,20191021.0,480.5,185400
inverter,0.0,0.0,0.0,0.11,215.9,20191021.0,465.3,185500
inverter,0.0,0.0,0.0,0.11,215.9,20191021.0,465.3,185600
inverter,0.0,0.0,0.0,0.11,215.9,20191021.0,431.2,185700
inverter,0.0,0.0,0.0,0.11,215.9,20191021.0,431.2,185800
inverter,0.0,0.0,0.0,0.11,215.9,20191021.0,383.4,185900
inverter,0.0,0.0,0.0,0.11,215.9,20191021.0,383.4,190000
inverter,0.0,0.0,0.0,0.11,215.9,20191021.0,321.4,190100
inverter,0.0,0.0,0.0,0.11,215.9,20191021.0,287.3,190200
inverter,0.0,0.0,0.0,0.11,215.9,20191021.0,245.3,190300
inverter,0.0,0.0,0.0,0.11,215.9,20191021.0,191.2,190400
inverter,0.0,0.0,0.0,0.11,215.9,20191021.0,140.8,190500
inverter,0.0,0.0,0.0,0.11,215.9,20191021.0,102.9,190600
inverter,0.0,0.0,0.0,0.11,215.9,20191021.0,93.6,190700
inverter,0.0,0.0,0.0,0.11,215.9,20191021.0,93.6,190800
inverter,0.0,0.0,0.0,0.11,215.9,20191021.0,68.4,190900
inverter,0.0,0.0,0.0,0.11,215.9,20191021.0,59.8,191000
inverter,0.0,0.0,0.0,0.11,215.9,20191021.0,53.4,191100
inverter,0.0,0.0,0.0,0.11,215.9,20191021.0,52.1,191200
inverter,0.0,0.0,0.0,0.11,215.9,20191021.0,51.1,191300
inverter,0.0,0.0,0.0,0.11,215.9,20191021.0,50.2,191400
inverter,0.0,0.0,0.0,0.11,215.9,20191021.0,49.7,191500
inverter,0.0,0.0,0.0,0.11,215.9,20191021.0,49.1,191600
inverter,0.0,0.0,0.0,0.11,215.9,20191021.0,48.3,191700
inverter,0.0,0.0,0.0,0.11,215.9,20191021.0,48.1,191800
inverter,0.0,0.0,0.0,0.11,215.9,20191021.0,47.8,191900
inverter,0.0,0.0,0.0,0.11,215.9,20191021.0,47.5,192000
inverter,0.0,0.0,0.0,0.11,215.9,20191021.0,47.2,192100
inverter,0.0,0.0,0.0,0.11,215.9,20191021.0,46.8,192200
inverter,0.0,0.0,0.0,0.11,215.9,20191021.0,46.5,192300
inverter,0.0,0.0,0.0,0.11,215.9,20191021.0,46.4,192400
inverter,0.0,0.0,0.0,0.11,215.9,20191021.0,45.3,192500
inverter,0.0,0.0,0.0,0.11,215.9,20191021.0,44.6,192600
inverter,0.0,0.0,0.0,0.11,215.9,20191021.0,44.6,192700
inverter,0.0,0.0,0.0,0.11,215.9,20191021.0,44.2,192800
inverter,0.0,0.0,0.0,0.11,215.9,20191021.0,44.2,192900
inverter,0.0,0.0,0.0,0.11,215.9,20191021.0,44.0,193000
inverter,0.0,0.0,0.0,0.11,215.9,20191021.0,44.0,193100
inverter,0.0,0.0,0.0,0.11,215.9,20191021.0,44.1,193200
inverter,0.0,0.0,0.0,0.11,215.9,20191021.0,44.1,193300
inverter,0.0,0.0,0.0,0.11,215.9,20191021.0,44.3,193400
inverter,0.0,0.0,0.0,0.11,215.9,20191021.0,44.3,193500
inverter,0.0,0.0,0.0,0.11,215.9,20191021.0,45.0,193600
inverter,0.0,0.0,0.0,0.11,215.9,20191021.0,45.0,193700
inverter,0.0,0.0,0.0,0.11,215.9,20191021.0,45.2,193800
inverter,0.0,0.0,0.0,0.11,215.9,20191021.0,45.2,193900
inverter,0.0,0.0,0.0,0.11,215.9,20191021.0,45.0,194000
inverter,0.0,0.0,0.0,0.11,215.9,20191021.0,45.0,194100
inverter,0.0,0.0,0.0,0.11,215.9,20191021.0,44.9,194200
inverter,0.0,0.0,0.0,0.11,215.9,20191021.0,44.9,194300
inverter,0.0,0.0,0.0,0.11,215.9,20191021.0,44.7,194400
inverter,0.0,0.0,0.0,0.11,215.9,20191021.0,44.7,194500
inverter,0.0,0.0,0.0,0.11,215.9,20191021.0,44.5,194600
inverter,0.0,0.0,0.0,0.11,215.9,20191021.0,44.5,194700
inverter,0.0,0.0,0.0,0.11,215.9,20191021.0,44.6,194800
inverter,0.0,0.0,0.0,0.11,215.9,20191021.0,44.6,194900
inverter,0.0,0.0,0.0,0.11,215.9,20191021.0,44.5,195000
inverter,0.0,0.0,0.0,0.11,215.9,20191021.0,44.4,195100
inverter,0.0,0.0,0.0,0.11,215.9,20191021.0,44.3,195200
inverter,0.0,0.0,0.0,0.11,215.9,20191021.0,44.1,195300
inverter,0.0,0.0,0.0,0.11,215.9,20191021.0,43.8,195400
inverter,0.0,0.0,0.0,0.11,215.9,20191021.0,43.6,195500
inverter,0.0,0.0,0.0,0.11,215.9,20191021.0,43.5,195600
inverter,0.0,0.0,0.0,0.11,215.9,20191021.0,43.4,195700
inverter,0.0,0.0,0.0,0.11,215.9,20191021.0,43.4,195800
inverter,0.0,0.0,0.0,0.11,215.9,20191021.0,43.4,195900
inverter,0.0,0.0,0.0,0.11,215.9,20191021.0,43.4,200000
inverter,0.0,0.0,0.0,0.11,215.9,20191021.0,43.5,200100
inverter,0.0,0.0,0.0,0.11,215.9,20191021.0,43.7,200200
inverter,0.0,0.0,0.0,0.11,215.9,20191021.0,43.8,200300
inverter,0.0,0.0,0.0,0.11,215.9,20191021.0,43.9,200400
inverter,0.0,0.0,0.0,0.11,215.9,20191021.0,44.0,200500
inverter,0.0,0.0,0.0,0.11,215.9,20191021.0,44.0,200600
inverter,0.0,0.0,0.0,0.11,215.9,20191021.0,44.2,200700
inverter,0.0,0.0,0.0,0.11,215.9,20191021.0,44.2,200800
inverter,0.0,0.0,0.0,0.11,215.9,20191021.0,44.2,200900
inverter,0.0,0.0,0.0,0.11,215.9,20191021.0,44.2,201000
inverter,0.0,0.0,0.0,0.11,215.9,20191021.0,44.1,201100
inverter,0.0,0.0,0.0,0.11,215.9,20191021.0,44.1,201200
inverter,0.0,0.0,0.0,0.11,215.9,20191021.0,44.4,201300
inverter,0.0,0.0,0.0,0.11,215.9,20191021.0,44.4,201400
inverter,0.0,0.0,0.0,0.11,215.9,20191021.0,45.2,201500
inverter,0.0,0.0,0.0,0.11,215.9,20191021.0,45.2,201600
inverter,0.0,0.0,0.0,0.11,215.9,20191021.0,45.6,201700
inverter,0.0,0.0,0.0,0.11,215.9,20191021.0,45.6,201800
inverter,0.0,0.0,0.0,0.11,215.9,20191021.0,45.6,201900
inverter,0.0,0.0,0.0,0.11,215.9,20191021.0,45.6,202000
inverter,0.0,0.0,0.0,0.11,215.9,20191021.0,45.8,202100
inverter,0.0,0.0,0.0,0.11,215.9,20191021.0,45.8,202200
inverter,0.0,0.0,0.0,0.11,215.9,20191021.0,45.8,202300
inverter,0.0,0.0,0.0,0.11,215.9,20191021.0,45.8,202400
inverter,0.0,0.0,0.0,0.11,215.9,20191021.0,45.8,202500
inverter,0.0,0.0,0.0,0.11,215.9,20191021.0,45.8,202600
inverter,0.0,0.0,0.0,0.11,215.9,20191021.0,45.9,202700
inverter,0.0,0.0,0.0,0.11,215.9,20191021.0,45.9,202800
inverter,0.0,0.0,0.0,0.11,215.9,20191021.0,46.0,202900
inverter,0.0,0.0,0.0,0.11,215.9,20191021.0,46.0,203000
inverter,0.0,0.0,0.0,0.11,215.9,20191021.0,46.0,203100
inverter,0.0,0.0,0.0,0.11,215.9,20191021.0,45.7,203200
inverter,0.0,0.0,0.0,0.11,215.9,20191021.0,45.4,203300
inverter,0.0,0.0,0.0,0.11,215.9,20191021.0,45.2,203400
inverter,0.0,0.0,0.0,0.11,215.9,20191021.0,45.2,203500
inverter,0.0,0.0,0.0,0.11,215.9,20191021.0,45.2,203600
inverter,0.0,0.0,0.0,0.11,215.9,20191021.0,45.2,203700
inverter,0.0,0.0,0.0,0.11,215.9,20191021.0,45.2,203800
inverter,0.0,0.0,0.0,0.11,215.9,20191021.0,45.3,203900
inverter,0.0,0.0,0.0,0.11,215.9,20191021.0,45.4,204000
inverter,0.0,0.0,0.0,0.11,215.9,20191021.0,45.5,204100
inverter,0.0,0.0,0.0,0.11,215.9,20191021.0,45.5,204200
inverter,0.0,0.0,0.0,0.11,215.9,20191021.0,45.5,204300
inverter,0.0,0.0,0.0,0.11,215.9,20191021.0,45.5,204400
inverter,0.0,0.0,0.0,0.11,215.9,20191021.0,45.4,204500
inverter,0.0,0.0,0.0,0.11,215.9,20191021.0,45.4,204600
inverter,0.0,0.0,0.0,0.11,215.9,20191021.0,45.4,204700
inverter,0.0,0.0,0.0,0.11,215.9,20191021.0,45.6,204800
inverter,0.0,0.0,0.0,0.11,215.9,20191021.0,45.6,204900
inverter,0.0,0.0,0.0,0.11,215.9,20191021.0,46.1,205000
inverter,0.0,0.0,0.0,0.11,215.9,20191021.0,46.1,205100
inverter,0.0,0.0,0.0,0.11,215.9,20191021.0,46.6,205200
inverter,0.0,0.0,0.0,0.11,215.9,20191021.0,46.6,205300
inverter,0.0,0.0,0.0,0.11,215.9,20191021.0,47.0,205400
inverter,0.0,0.0,0.0,0.11,215.9,20191021.0,47.0,205500
inverter,0.0,0.0,0.0,0.11,215.9,20191021.0,47.0,205600
inverter,0.0,0.0,0.0,0.11,215.9,20191021.0,47.0,205700
inverter,0.0,0.0,0.0,0.11,215.9,20191021.0,47.0,205800
inverter,0.0,0.0,0.0,0.11,215.9,20191021.0,47.0,205900
inverter,0.0,0.0,0.0,0.11,215.9,20191021.0,47.2,210000
inverter,0.0,0.0,0.0,0.11,215.9,20191021.0,47.2,210100
inverter,0.0,0.0,0.0,0.11,215.9,20191021.0,47.2,210200
inverter,0.0,0.0,0.0,0.11,215.9,20191021.0,47.2,210300
inverter,0.0,0.0,0.0,0.11,215.9,20191021.0,47.2,210400
inverter,0.0,0.0,0.0,0.11,215.9,20191021.0,47.2,210500
inverter,0.0,0.0,0.0,0.11,215.9,20191021.0,47.2,210600
inverter,0.0,0.0,0.0,0.11,215.9,20191021.0,47.2,210700
inverter,0.0,0.0,0.0,0.11,215.9,20191021.0,46.8,210800
inverter,0.0,0.0,0.0,0.11,215.9,20191021.0,46.8,210900
inverter,0.0,0.0,0.0,0.11,215.9,20191021.0,46.2,211000
inverter,0.0,0.0,0.0,0.11,215.9,20191021.0,46.2,211100
inverter,0.0,0.0,0.0,0.11,215.9,20191021.0,46.2,211200
inverter,0.0,0.0,0.0,0.11,215.9,20191021.0,46.4,211300
inverter,0.0,0.0,0.0,0.11,215.9,20191021.0,46.6,211400
inverter,0.0,0.0,0.0,0.11,215.9,20191021.0,46.7,211500
inverter,0.0,0.0,0.0,0.11,215.9,20191021.0,46.8,211600
inverter,0.0,0.0,0.0,0.11,215.9,20191021.0,46.8,211700
inverter,0.0,0.0,0.0,0.11,215.9,20191021.0,46.9,211800
inverter,0.0,0.0,0.0,0.11,215.9,20191021.0,46.9,211900
inverter,0.0,0.0,0.0,0.11,215.9,20191021.0,46.7,212000
inverter,0.0,0.0,0.0,0.11,215.9,20191021.0,46.3,212100
inverter,0.0,0.0,0.0,0.11,215.9,20191021.0,45.9,212200
inverter,0.0,0.0,0.0,0.11,215.9,20191021.0,45.6,212300
inverter,0.0,0.0,0.0,0.11,215.9,20191021.0,45.5,212400
inverter,0.0,0.0,0.0,0.11,215.9,20191021.0,45.5,212500
inverter,0.0,0.0,0.0,0.11,215.9,20191021.0,45.8,212600
inverter,0.0,0.0,0.0,0.11,215.9,20191021.0,46.1,212700
inverter,0.0,0.0,0.0,0.11,215.9,20191021.0,46.1,212800
inverter,0.0,0.0,0.0,0.11,215.9,20191021.0,46.4,212900
inverter,0.0,0.0,0.0,0.11,215.9,20191021.0,46.4,213000
inverter,0.0,0.0,0.0,0.11,215.9,20191021.0,46.4,213100
inverter,0.0,0.0,0.0,0.11,215.9,20191021.0,46.4,213200
inverter,0.0,0.0,0.0,0.11,215.9,20191021.0,46.1,213300
inverter,0.0,0.0,0.0,0.11,215.9,20191021.0,46.1,213400
inverter,0.0,0.0,0.0,0.11,215.9,20191021.0,45.8,213500
inverter,0.0,0.0,0.0,0.11,215.9,20191021.0,45.8,213600
inverter,0.0,0.0,0.0,0.11,215.9,20191021.0,45.5,213700
inverter,0.0,0.0,0.0,0.11,215.9,20191021.0,45.5,213800
inverter,0.0,0.0,0.0,0.11,215.9,20191021.0,45.3,213900
inverter,0.0,0.0,0.0,0.11,215.9,20191021.0,45.3,214000
inverter,0.0,0.0,0.0,0.11,215.9,20191021.0,45.5,214100
inverter,0.0,0.0,0.0,0.11,215.9,20191021.0,45.5,214200
inverter,0.0,0.0,0.0,0.11,215.9,20191021.0,45.6,214300
inverter,0.0,0.0,0.0,0.11,215.9,20191021.0,45.6,214400
inverter,0.0,0.0,0.0,0.11,215.9,20191021.0,45.6,214500
inverter,0.0,0.0,0.0,0.11,215.9,20191021.0,45.6,214600
inverter,0.0,0.0,0.0,0.11,215.9,20191021.0,45.4,214700
inverter,0.0,0.0,0.0,0.11,215.9,20191021.0,45.4,214800
inverter,0.0,0.0,0.0,0.11,215.9,20191021.0,45.3,214900
inverter,0.0,0.0,0.0,0.11,215.9,20191021.0,45.3,215000
inverter,0.0,0.0,0.0,0.11,215.9,20191021.0,45.3,215100
inverter,0.0,0.0,0.0,0.11,215.9,20191021.0,45.3,215200
inverter,0.0,0.0,0.0,0.11,215.9,20191021.0,45.2,215300
inverter,0.0,0.0,0.0,0.11,215.9,20191021.0,45.0,215400
inverter,0.0,0.0,0.0,0.11,215.9,20191021.0,44.8,215500
inverter,0.0,0.0,0.0,0.11,215.9,20191021.0,44.6,215600
inverter,0.0,0.0,0.0,0.11,215.9,20191021.0,44.3,215700
inverter,0.0,0.0,0.0,0.11,215.9,20191021.0,44.1,215800
inverter,0.0,0.0,0.0,0.11,215.9,20191021.0,44.0,215900
inverter,0.0,0.0,0.0,0.11,215.9,20191021.0,44.0,220000
inverter,0.0,0.0,0.0,0.11,215.9,20191021.0,44.0,220100
inverter,0.0,0.0,0.0,0.11,215.9,20191021.0,44.1,220200
inverter,0.0,0.0,0.0,0.11,215.9,20191021.0,44.4,220300
inverter,0.0,0.0,0.0,0.11,215.9,20191021.0,44.6,220400
inverter,0.0,0.0,0.0,0.11,215.9,20191021.0,44.7,220500
inverter,0.0,0.0,0.0,0.11,215.9,20191021.0,44.4,220600
inverter,0.0,0.0,0.0,0.11,215.9,20191021.0,44.4,220700
inverter,0.0,0.0,0.0,0.11,215.9,20191021.0,44.3,220800
inverter,0.0,0.0,0.0,0.11,215.9,20191021.0,44.3,220900
inverter,0.0,0.0,0.0,0.11,215.9,20191021.0,44.4,221000
inverter,0.0,0.0,0.0,0.11,215.9,20191021.0,44.4,221100
inverter,0.0,0.0,0.0,0.11,215.9,20191021.0,44.4,221200
inverter,0.0,0.0,0.0,0.11,215.9,20191021.0,44.4,221300
inverter,0.0,0.0,0.0,0.11,215.9,20191021.0,44.5,221400
inverter,0.0,0.0,0.0,0.11,215.9,20191021.0,44.5,221500
inverter,0.0,0.0,0.0,0.11,215.9,20191021.0,44.9,221600
inverter,0.0,0.0,0.0,0.11,215.9,20191021.0,44.9,221700
inverter,0.0,0.0,0.0,0.11,215.9,20191021.0,45.4,221800
inverter,0.0,0.0,0.0,0.11,215.9,20191021.0,45.4,221900
inverter,0.0,0.0,0.0,0.11,215.9,20191021.0,45.8,222000
inverter,0.0,0.0,0.0,0.11,215.9,20191021.0,45.8,222100
inverter,0.0,0.0,0.0,0.11,215.9,20191021.0,45.7,222200
inverter,0.0,0.0,0.0,0.11,215.9,20191021.0,45.7,222300
inverter,0.0,0.0,0.0,0.11,215.9,20191021.0,45.1,222400
inverter,0.0,0.0,0.0,0.11,215.9,20191021.0,45.1,222500
inverter,0.0,0.0,0.0,0.11,215.9,20191021.0,44.9,222600
inverter,0.0,0.0,0.0,0.11,215.9,20191021.0,44.9,222700
inverter,0.0,0.0,0.0,0.11,215.9,20191021.0,45.1,222800
inverter,0.0,0.0,0.0,0.11,215.9,20191021.0,45.1,222900
inverter,0.0,0.0,0.0,0.11,215.9,20191021.0,45.2,223000
inverter,0.0,0.0,0.0,0.11,215.9,20191021.0,45.2,223100
inverter,0.0,0.0,0.0,0.11,215.9,20191021.0,45.2,223200
inverter,0.0,0.0,0.0,0.11,215.9,20191021.0,45.0,223300
inverter,0.0,0.0,0.0,0.11,215.9,20191021.0,44.8,223400
inverter,0.0,0.0,0.0,0.11,215.9,20191021.0,44.7,223500
inverter,0.0,0.0,0.0,0.11,215.9,20191021.0,44.6,223600
inverter,0.0,0.0,0.0,0.11,215.9,20191021.0,44.6,223700
inverter,0.0,0.0,0.0,0.11,215.9,20191021.0,44.6,223800
inverter,0.0,0.0,0.0,0.11,215.9,20191021.0,44.8,223900
inverter,0.0,0.0,0.0,0.11,215.9,20191021.0,45.2,224000
inverter,0.0,0.0,0.0,0.11,215.9,20191021.0,45.5,224100
inverter,0.0,0.0,0.0,0.11,215.9,20191021.0,45.8,224200
inverter,0.0,0.0,0.0,0.11,215.9,20191021.0,46.1,224300
inverter,0.0,0.0,0.0,0.11,215.9,20191021.0,46.2,224400
inverter,0.0,0.0,0.0,0.11,215.9,20191021.0,46.2,224500
inverter,0.0,0.0,0.0,0.11,215.9,20191021.0,46.1,224600
inverter,0.0,0.0,0.0,0.11,215.9,20191021.0,46.1,224700
inverter,0.0,0.0,0.0,0.11,215.9,20191021.0,46.1,224800
inverter,0.0,0.0,0.0,0.11,215.9,20191021.0,46.0,224900
inverter,0.0,0.0,0.0,0.11,215.9,20191021.0,46.0,225000
inverter,0.0,0.0,0.0,0.11,215.9,20191021.0,45.9,225100
inverter,0.0,0.0,0.0,0.11,215.9,20191021.0,45.9,225200
inverter,0.0,0.0,0.0,0.11,215.9,20191021.0,45.8,225300
inverter,0.0,0.0,0.0,0.11,215.9,20191021.0,45.8,225400
inverter,0.0,0.0,0.0,0.11,215.9,20191021.0,46.0,225500
inverter,0.0,0.0,0.0,0.11,215.9,20191021.0,46.0,225600
inverter,0.0,0.0,0.0,0.11,215.9,20191021.0,46.3,225700
inverter,0.0,0.0,0.0,0.11,215.9,20191021.0,46.3,225800
inverter,0.0,0.0,0.0,0.11,215.9,20191021.0,45.9,225900
inverter,0.0,0.0,0.0,0.11,215.9,20191021.0,45.9,230000
inverter,0.0,0.0,0.0,0.11,215.9,20191021.0,45.4,230100
inverter,0.0,0.0,0.0,0.11,215.9,20191021.0,45.4,230200
inverter,0.0,0.0,0.0,0.11,215.9,20191021.0,45.3,230300
inverter,0.0,0.0,0.0,0.11,215.9,20191021.0,45.3,230400
inverter,0.0,0.0,0.0,0.11,215.9,20191021.0,45.3,230500
inverter,0.0,0.0,0.0,0.11,215.9,20191021.0,45.3,230600
inverter,0.0,0.0,0.0,0.11,215.9,20191021.0,45.2,230700
inverter,0.0,0.0,0.0,0.11,215.9,20191021.0,45.2,230800
inverter,0.0,0.0,0.0,0.11,215.9,20191021.0,45.2,230900
inverter,0.0,0.0,0.0,0.11,215.9,20191021.0,45.2,231000
inverter,0.0,0.0,0.0,0.11,215.9,20191021.0,45.2,231100
inverter,0.0,0.0,0.0,0.11,215.9,20191021.0,45.2,231200
inverter,0.0,0.0,0.0,0.11,215.9,20191021.0,45.2,231300
inverter,0.0,0.0,0.0,0.11,215.9,20191021.0,45.3,231400
inverter,0.0,0.0,0.0,0.11,215.9,20191021.0,45.6,231500
inverter,0.0,0.0,0.0,0.11,215.9,20191021.0,46.0,231600
inverter,0.0,0.0,0.0,0.11,215.9,20191021.0,46.3,231700
inverter,0.0,0.0,0.0,0.11,215.9,20191021.0,46.5,231800
inverter,0.0,0.0,0.0,0.11,215.9,20191021.0,46.6,231900
inverter,0.0,0.0,0.0,0.11,215.9,20191021.0,46.6,232000
inverter,0.0,0.0,0.0,0.11,215.9,20191021.0,46.7,232100
inverter,0.0,0.0,0.0,0.11,215.9,20191021.0,46.8,232200
inverter,0.0,0.0,0.0,0.11,215.9,20191021.0,46.9,232300
inverter,0.0,0.0,0.0,0.11,215.9,20191021.0,46.9,232400
inverter,0.0,0.0,0.0,0.11,215.9,20191021.0,46.7,232500
inverter,0.0,0.0,0.0,0.11,215.9,20191021.0,46.6,232600
inverter,0.0,0.0,0.0,0.11,215.9,20191021.0,46.6,232700
inverter,0.0,0.0,0.0,0.11,215.9,20191021.0,46.5,232800
inverter,0.0,0.0,0.0,0.11,215.9,20191021.0,46.5,232900
inverter,0.0,0.0,0.0,0.11,215.9,20191021.0,46.5,233000
inverter,0.0,0.0,0.0,0.11,215.9,20191021.0,46.5,233100
inverter,0.0,0.0,0.0,0.11,215.9,20191021.0,46.5,233200
inverter,0.0,0.0,0.0,0.11,215.9,20191021.0,46.5,233300
inverter,0.0,0.0,0.0,0.11,215.9,20191021.0,46.3,233400
inverter,0.0,0.0,0.0,0.11,215.9,20191021.0,46.3,233500
inverter,0.0,0.0,0.0,0.11,215.9,20191021.0,46.0,233600
inverter,0.0,0.0,0.0,0.11,215.9,20191021.0,46.0,233700
inverter,0.0,0.0,0.0,0.11,215.9,20191021.0,46.4,233800
inverter,0.0,0.0,0.0,0.11,215.9,20191021.0,46.4,233900
inverter,0.0,0.0,0.0,0.11,215.9,20191021.0,46.6,234000
inverter,0.0,0.0,0.0,0.11,215.9,20191021.0,46.6,234100
inverter,0.0,0.0,0.0,0.11,215.9,20191021.0,46.4,234200
inverter,0.0,0.0,0.0,0.11,215.9,20191021.0,46.4,234300
inverter,0.0,0.0,0.0,0.11,215.9,20191021.0,46.5,234400
inverter,0.0,0.0,0.0,0.11,215.9,20191021.0,46.5,234500
inverter,0.0,0.0,0.0,0.11,215.9,20191021.0,46.6,234600
inverter,0.0,0.0,0.0,0.11,215.9,20191021.0,46.6,234700
inverter,0.0,0.0,0.0,0.11,215.9,20191021.0,46.5,234800
inverter,0.0,0.0,0.0,0.11,215.9,20191021.0,46.5,234900
inverter,0.0,0.0,0.0,0.11,215.9,20191021.0,46.7,235000
inverter,0.0,0.0,0.0,0.11,215.9,20191021.0,46.7,235100
inverter,0.0,0.0,0.0,0.11,215.9,20191021.0,46.7,235200
inverter,0.0,0.0,0.0,0.11,215.9,20191021.0,46.5,235300
inverter,0.0,0.0,0.0,0.11,215.9,20191021.0,46.3,235400
inverter,0.0,0.0,0.0,0.11,215.9,20191021.0,46.2,235500
inverter,0.0,0.0,0.0,0.11,215.9,20191021.0,46.2,235600
inverter,0.0,0.0,0.0,0.11,215.9,20191021.0,46.1,235700
inverter,0.0,0.0,0.0,0.11,215.9,20191021.0,46.1,235800
inverter,0.0,0.0,0.0,0.11,215.9,20191021.0,46.1,235900
