data,hora,irradiacao,pm1_massa,pm2_massa,pm4_massa,pm10_massa,pm1_concentracao,pm2_concentracao,pm4_concentracao,pm10_concentracao,concentracao_media,temperatura,vento_dir,vento_vel
04/10/2019,00:01,0,11.37,0.38,0,0,93.8,0.26,0,0,0.5,24,135,0
04/10/2019,00:02,0,11.73,0.39,0,0,96.79,0.27,0,0,0.49,24.06,135,0
04/10/2019,00:03,0,12.27,0.41,0,0,101.25,0.28,0,0,0.46,24.12,135,0
04/10/2019,00:04,0,12.02,0.4,0,0,99.16,0.27,0,0,0.45,24.06,135,0
04/10/2019,00:05,0,10.96,0.36,0,0,90.4,0.25,0,0,0.5,24,135,0
04/10/2019,00:06,0,12.07,0.4,0,0,99.56,0.27,0,0,0.48,24,135,0
04/10/2019,00:07,0,11.27,0.37,0,0,92.94,0.26,0,0,0.5,23.81,135,0
04/10/2019,00:08,0,11.96,0.4,0,0,98.64,0.27,0,0,0.49,23.75,135,0
04/10/2019,00:09,0,11.85,0.39,0,0,97.73,0.27,0,0,0.49,23.81,135,0
04/10/2019,00:10,0,11.35,0.38,0,0,93.65,0.26,0,0,0.45,23.75,135,0
04/10/2019,00:11,0,11.32,0.38,0,0,93.4,0.26,0,0,0.47,23.75,135,0
04/10/2019,00:12,0,11.12,0.37,0,0,91.71,0.25,0,0,0.47,23.62,135,0
04/10/2019,00:13,0,10.73,0.36,0,0,88.53,0.24,0,0,0.47,23.88,135,0
04/10/2019,00:14,0,11.34,0.38,0,0,93.53,0.26,0,0,0.47,23.94,135,0
04/10/2019,00:15,0,10.23,0.34,0,0,84.38,0.23,0,0,0.48,23.94,135,0
04/10/2019,00:16,0,10.15,0.34,0,0,83.75,0.23,0,0,0.48,23.94,135,0
04/10/2019,00:17,4.56,10.21,0.34,0,0,84.24,0.23,0,0,0.48,23.88,135,0
04/10/2019,00:18,0,11.51,0.38,0,0,94.99,0.26,0,0,0.46,23.81,135,0
04/10/2019,00:19,0,10.13,0.34,0,0,83.6,0.23,0,0,0.45,23.94,135,0
04/10/2019,00:20,0,11.07,0.37,0,0,91.36,0.25,0,0,0.48,23.69,135,0
04/10/2019,00:21,0,10.09,0.34,0,0,83.22,0.23,0,0,0.51,23.62,135,0
04/10/2019,00:22,0,11.27,0.38,0,0,93,0.26,0,0,0.48,23.44,135,0
04/10/2019,00:23,0,10.3,0.34,0,0,85.01,0.23,0,0,0.47,23.38,135,0
04/10/2019,00:24,0,10.29,0.34,0,0,84.9,0.23,0,0,0.49,23.38,90,0
04/10/2019,00:25,2.58,9.39,0.31,0,0,77.47,0.21,0,0,0.5,23.5,90,0
04/10/2019,00:26,0,10.21,0.34,0,0,84.25,0.23,0,0,0.5,23.56,90,0
04/10/2019,00:27,0,8.49,0.28,0,0,70.05,0.19,0,0,0.48,24.19,135,0
04/10/2019,00:28,0,8.24,0.27,0,0,68.02,0.19,0,0,0.47,24.19,135,0
04/10/2019,00:29,0,8.77,0.29,0,0,72.38,0.2,0,0,0.49,24.31,135,0
04/10/2019,00:30,0,8.77,0.29,0,0,72.39,0.2,0,0,0.5,24,135,0
04/10/2019,00:31,2.58,8.48,0.28,0,0,69.98,0.19,0,0,0.49,24,135,0
04/10/2019,00:32,0,8.65,0.29,0,0,71.33,0.2,0,0,0.48,24,135,0
04/10/2019,00:33,0,8.72,0.29,0,0,71.91,0.2,0,0,0.48,24.06,135,0
04/10/2019,00:34,2.58,8.77,0.29,0,0,72.38,0.2,0,0,0.49,23.94,135,0
04/10/2019,00:35,0,8.68,0.29,0,0,71.65,0.2,0,0,0.49,24,135,0
04/10/2019,00:36,0,9.59,0.32,0,0,79.13,0.22,0,0,0.48,24,135,0
04/10/2019,00:37,0,9.1,0.3,0,0,75.06,0.21,0,0,0.48,23.94,135,0
04/10/2019,00:38,0,9.63,0.32,0,0,79.47,0.22,0,0,0.47,23.81,135,0
04/10/2019,00:39,0,8.45,0.28,0,0,69.73,0.19,0,0,0.48,23.62,135,0
04/10/2019,00:40,0,8.41,0.28,0,0,69.4,0.19,0,0,0.48,23.75,135,0
04/10/2019,00:41,0,8.78,0.29,0,0,72.42,0.2,0,0,0.49,23.94,135,0
04/10/2019,00:42,0,8.62,0.29,0,0,71.13,0.2,0,0,0.48,23.94,135,0
04/10/2019,00:43,0,8.27,0.28,0,0,68.24,0.19,0,0,0.49,24,135,0
04/10/2019,00:44,0.6,7.62,0.25,0,0,62.83,0.17,0,0,0.47,24,135,0
04/10/2019,00:45,0,8.16,0.27,0,0,67.34,0.19,0,0,0.45,24.06,135,0
04/10/2019,00:46,0,8.79,0.29,0,0,72.55,0.2,0,0,0.46,24,135,0
04/10/2019,00:47,0,7.37,0.25,0,0,60.77,0.17,0,0,0.46,23.81,135,0
04/10/2019,00:48,0,7.49,0.25,0,0,61.75,0.17,0,0,0.46,23.62,135,0
04/10/2019,00:49,0,7.41,0.25,0,0,61.17,0.17,0,0,0.45,23.62,135,0
04/10/2019,00:50,0,7.6,0.25,0,0,62.74,0.17,0,0,0.48,23.5,135,0
04/10/2019,00:51,0,7.52,0.25,0,0,62.01,0.17,0,0,0.47,23.25,135,0
04/10/2019,00:52,0,6.9,0.23,0,0,56.95,0.16,0,0,0.47,23.38,135,0
04/10/2019,00:53,0,8.15,0.27,0,0,67.28,0.18,0,0,0.49,23.31,135,0
04/10/2019,00:54,0,7.43,0.25,0,0,61.32,0.17,0,0,0.46,23.38,135,0
04/10/2019,00:55,4.56,7.69,0.26,0,0,63.45,0.17,0,0,0.45,23.25,135,0
04/10/2019,00:56,0,8.05,0.27,0,0,66.4,0.18,0,0,0.46,23.56,135,0
04/10/2019,00:57,0,8.15,0.27,0,0,67.21,0.18,0,0,0.46,23.69,135,0
04/10/2019,00:58,0,7.63,0.25,0,0,62.93,0.17,0,0,0.47,23.62,135,0
04/10/2019,00:59,0,7.04,0.23,0,0,58.08,0.16,0,0,0.49,23.5,135,0
04/10/2019,01:00,6.54,7.19,0.24,0,0,59.31,0.16,0,0,0.48,23.44,135,0
04/10/2019,01:01,0,7.69,0.26,0,0,63.42,0.17,0,0,0.48,23.19,135,0
04/10/2019,01:02,0,7.37,0.25,0,0,60.76,0.17,0,0,0.49,23,135,0
04/10/2019,01:03,0,7.33,0.24,0,0,60.44,0.17,0,0,0.47,23.19,135,0
04/10/2019,01:04,0,7.4,0.25,0,0,61.05,0.17,0,0,0.45,23.06,135,0
04/10/2019,01:05,0,7.42,0.25,0,0,61.25,0.17,0,0,0.45,22.94,135,0
04/10/2019,01:06,0,7.19,0.24,0,0,59.32,0.16,0,0,0.45,22.81,135,0
04/10/2019,01:07,0,7.57,0.25,0,0,62.47,0.17,0,0,0.46,23,135,0
04/10/2019,01:08,0,8.15,0.27,0,0,67.22,0.18,0,0,0.46,23,135,0
04/10/2019,01:09,0,7.07,0.24,0,0,58.35,0.16,0,0,0.47,22.94,135,0
04/10/2019,01:10,0,7.4,0.25,0,0,61.01,0.17,0,0,0.47,22.94,135,0
04/10/2019,01:11,0,7.97,0.27,0,0,65.77,0.18,0,0,0.45,22.81,135,0
04/10/2019,01:12,0,7.51,0.25,0,0,61.92,0.17,0,0,0.45,22.88,135,0
04/10/2019,01:13,0,7.81,0.26,0,0,64.45,0.18,0,0,0.44,22.81,135,0
04/10/2019,01:14,0,7.3,0.24,0,0,60.24,0.17,0,0,0.46,22.88,135,0
04/10/2019,01:15,0,6.93,0.23,0,0,57.15,0.16,0,0,0.45,22.81,135,0
04/10/2019,01:16,0,7.16,0.24,0,0,59.06,0.16,0,0,0.45,22.88,135,0
04/10/2019,01:17,0,7.15,0.24,0,0,59.02,0.16,0,0,0.46,22.94,135,0
04/10/2019,01:18,2.58,6.69,0.22,0,0,55.21,0.15,0,0,0.47,22.81,135,0
04/10/2019,01:19,0,7.72,0.26,0,0,63.66,0.17,0,0,0.46,22.75,135,0
04/10/2019,01:20,0.6,7.2,0.24,0,0,59.4,0.16,0,0,0.46,22.56,135,0
04/10/2019,01:21,0,6.43,0.21,0,0,53.07,0.15,0,0,0.48,22.62,135,0
04/10/2019,01:22,0,6.99,0.23,0,0,57.67,0.16,0,0,0.47,22.94,135,0
04/10/2019,01:23,0,7.12,0.24,0,0,58.78,0.16,0,0,0.48,22.88,135,0
04/10/2019,01:24,0,7.22,0.24,0,0,59.56,0.16,0,0,0.49,22.69,135,0
04/10/2019,01:25,0,7.27,0.24,0,0,60,0.16,0,0,0.48,22.62,135,0
04/10/2019,01:26,0,7,0.23,0,0,57.75,0.16,0,0,0.49,22.44,135,0
04/10/2019,01:27,0,7.07,0.24,0,0,58.36,0.16,0,0,0.48,22.31,135,0
04/10/2019,01:28,0,7.55,0.25,0,0,62.27,0.17,0,0,0.46,22.25,135,0
04/10/2019,01:29,0,6.64,0.22,0,0,54.81,0.15,0,0,0.48,22.25,135,0
04/10/2019,01:30,0,7.27,0.24,0,0,60.02,0.16,0,0,0.48,22.44,135,0
04/10/2019,01:31,0,6.83,0.23,0,0,56.33,0.15,0,0,0.48,22.44,135,0
04/10/2019,01:32,0,6.79,0.23,0,0,56.02,0.15,0,0,0.5,22.5,135,0
04/10/2019,01:33,0,6.68,0.22,0,0,55.14,0.15,0,0,0.49,22.5,135,0
04/10/2019,01:34,0,7.14,0.24,0,0,58.93,0.16,0,0,0.49,22.31,135,0
04/10/2019,01:35,0,7.68,0.26,0,0,63.4,0.17,0,0,0.5,22.25,135,0
04/10/2019,01:36,0,7.54,0.25,0,0,62.23,0.17,0,0,0.48,22.31,135,0
04/10/2019,01:37,0,7.88,0.26,0,0,65.05,0.18,0,0,0.47,22.38,135,0
04/10/2019,01:38,0,7.45,0.25,0,0,61.48,0.17,0,0,0.48,22.31,135,0
04/10/2019,01:39,0,7.84,0.26,0,0,64.7,0.18,0,0,0.49,22.31,135,0
04/10/2019,01:40,0,7.84,0.26,0,0,64.71,0.18,0,0,0.49,22.31,135,0
04/10/2019,01:41,0,7.52,0.25,0,0,62.07,0.17,0,0,0.48,22.19,135,0
04/10/2019,01:42,0,8.16,0.27,0,0,67.28,0.18,0,0,0.48,22.5,135,0
04/10/2019,01:43,0,8.5,0.28,0,0,70.13,0.19,0,0,0.49,22.62,135,0
04/10/2019,01:44,0,8.89,0.3,0,0,73.36,0.2,0,0,0.49,22.94,135,0
04/10/2019,01:45,0,9.53,0.32,0,0,78.64,0.22,0,0,0.49,23,135,0
04/10/2019,01:46,0,9.04,0.3,0,0,74.59,0.2,0,0,0.5,22.88,135,0
04/10/2019,01:47,0,8.16,0.27,0,0,67.34,0.19,0,0,0.49,22.75,135,0
04/10/2019,01:48,0,9.04,0.3,0,0,74.59,0.2,0,0,0.49,22.75,135,0
04/10/2019,01:49,0,8.56,0.29,0,0,70.66,0.19,0,0,0.48,22.94,135,0
04/10/2019,01:50,0,9.13,0.3,0,0,75.32,0.21,0,0,0.49,23.19,135,0
04/10/2019,01:51,0.6,9.23,0.31,0,0,76.17,0.21,0,0,0.51,23.38,135,0
04/10/2019,01:52,0,9.11,0.3,0,0,75.15,0.21,0,0,0.48,23.25,135,0
04/10/2019,01:53,0,9.24,0.31,0,0,76.22,0.21,0,0,0.5,23.31,135,0
04/10/2019,01:54,0,8.97,0.3,0,0,73.99,0.2,0,0,0.52,23.25,135,0
04/10/2019,01:55,0,9.36,0.31,0,0,77.25,0.21,0,0,0.51,23.19,135,0
04/10/2019,01:56,0,8.7,0.29,0,0,71.75,0.2,0,0,0.51,23.44,135,0
04/10/2019,01:57,0,8.68,0.29,0,0,71.58,0.2,0,0,0.51,23.56,135,0
04/10/2019,01:58,0,8.19,0.27,0,0,67.61,0.19,0,0,0.48,23.5,135,0
04/10/2019,01:59,0,8.67,0.29,0,0,71.49,0.2,0,0,0.49,23.38,135,0
04/10/2019,02:00,0,7.91,0.26,0,0,65.27,0.18,0,0,0.47,23.12,135,0
04/10/2019,02:01,2.58,8.26,0.27,0,0,68.17,0.19,0,0,0.5,23,135,0
04/10/2019,02:02,0,8.39,0.28,0,0,69.21,0.19,0,0,0.49,23.06,135,0
04/10/2019,02:03,0.6,7.65,0.25,0,0,63.1,0.17,0,0,0.5,23.12,135,0
04/10/2019,02:04,0,7.24,0.24,0,0,59.71,0.16,0,0,0.48,23.06,135,0
04/10/2019,02:05,0,7.18,0.24,0,0,59.22,0.16,0,0,0.47,23.12,135,0
04/10/2019,02:06,0,7.18,0.24,0,0,59.25,0.16,0,0,0.47,22.81,135,0
04/10/2019,02:07,0,6.62,0.22,0,0,54.64,0.15,0,0,0.48,23.06,135,0
04/10/2019,02:08,0,7.16,0.24,0,0,59.04,0.16,0,0,0.5,23,135,0
04/10/2019,02:09,0.6,7.42,0.25,0,0,61.25,0.17,0,0,0.49,22.81,135,0
04/10/2019,02:10,0,7.11,0.24,0,0,58.66,0.16,0,0,0.49,22.75,135,0
04/10/2019,02:11,0,7.09,0.24,0,0,58.5,0.16,0,0,0.5,22.88,135,0
04/10/2019,02:12,0,6.33,0.21,0,0,52.26,0.14,0,0,0.49,22.94,135,0
04/10/2019,02:13,0.6,6.93,0.23,0,0,57.21,0.16,0,0,0.49,23,135,0
04/10/2019,02:14,0,6.14,0.2,0,0,50.65,0.14,0,0,0.49,22.81,135,0
04/10/2019,02:15,0,6.57,0.22,0,0,54.18,0.15,0,0,0.48,22.81,135,0
04/10/2019,02:16,0,6.83,0.23,0,0,56.34,0.15,0,0,0.48,22.75,135,0
04/10/2019,02:17,0,6.86,0.23,0,0,56.56,0.16,0,0,0.47,22.62,135,0
04/10/2019,02:18,0.6,6.79,0.23,0,0,56,0.15,0,0,0.45,22.62,135,0
04/10/2019,02:19,0,6.6,0.22,0,0,54.47,0.15,0,0,0.48,22.75,135,0
04/10/2019,02:20,0,6.73,0.22,0,0,55.53,0.15,0,0,0.48,22.75,135,0
04/10/2019,02:21,0,6.9,0.23,0,0,56.93,0.16,0,0,0.46,22.81,135,0
04/10/2019,02:22,0,6.87,0.23,0,0,56.69,0.16,0,0,0.46,22.69,135,0
04/10/2019,02:23,0,6.86,0.23,0,0,56.58,0.16,0,0,0.45,22.88,135,0
04/10/2019,02:24,0,6.39,0.21,0,0,52.72,0.14,0,0,0.45,22.69,135,0
04/10/2019,02:25,0,7.25,0.24,0,0,59.78,0.16,0,0,0.46,22.44,135,0
04/10/2019,02:26,0,6.89,0.23,0,0,56.83,0.16,0,0,0.45,22.25,135,0
04/10/2019,02:27,0,6.78,0.23,0,0,55.94,0.15,0,0,0.46,22.44,135,0
04/10/2019,02:28,0.6,7.93,0.26,0,0,65.44,0.18,0,0,0.45,22.31,135,0
04/10/2019,02:29,0.6,7.65,0.25,0,0,63.07,0.17,0,0,0.46,22.5,135,0
04/10/2019,02:30,0,6.66,0.22,0,0,54.97,0.15,0,0,0.47,22.62,135,0
04/10/2019,02:31,0,6.83,0.23,0,0,56.36,0.15,0,0,0.47,22.69,135,0
04/10/2019,02:32,0,7.47,0.25,0,0,61.63,0.17,0,0,0.49,22.62,135,0
04/10/2019,02:33,0,7.16,0.24,0,0,59.03,0.16,0,0,0.49,22.5,135,0
04/10/2019,02:34,0,6.91,0.23,0,0,56.99,0.16,0,0,0.5,22.5,135,0
04/10/2019,02:35,0,6.57,0.22,0,0,54.18,0.15,0,0,0.51,22.5,135,0
04/10/2019,02:36,0,6.93,0.23,0,0,57.2,0.16,0,0,0.48,22.38,135,0
04/10/2019,02:37,0,6.97,0.23,0,0,57.49,0.16,0,0,0.49,22.5,135,0
04/10/2019,02:38,0,6.79,0.23,0,0,56.02,0.15,0,0,0.48,22.62,135,0
04/10/2019,02:39,0.6,6.52,0.22,0,0,53.79,0.15,0,0,0.47,22.56,135,0
04/10/2019,02:40,0,6.9,0.23,0,0,56.92,0.16,0,0,0.47,22.56,135,0
04/10/2019,02:41,0,5.48,0.18,0,0,45.23,0.12,0,0,0.46,22.75,135,0
04/10/2019,02:42,0,7.2,0.24,0,0,59.4,0.16,0,0,0.46,22.56,135,0
04/10/2019,02:43,0,7.48,0.25,0,0,61.73,0.17,0,0,0.47,22.38,135,0
04/10/2019,02:44,0,6.46,0.21,0,0,53.29,0.15,0,0,0.47,22.44,135,0
04/10/2019,02:45,0,6.27,0.21,0,0,51.73,0.14,0,0,0.47,22.25,135,0
04/10/2019,02:46,0,7.22,0.24,0,0,59.6,0.16,0,0,0.49,22.25,135,0
04/10/2019,02:47,0,6.26,0.21,0,0,51.61,0.14,0,0,0.48,22.31,135,0
04/10/2019,02:48,0,6.51,0.22,0,0,53.71,0.15,0,0,0.48,22.25,135,0
04/10/2019,02:49,0,6.49,0.22,0,0,53.55,0.15,0,0,0.48,22.19,135,0
04/10/2019,02:50,0.6,7.06,0.23,0,0,58.25,0.16,0,0,0.48,22.06,135,0
04/10/2019,02:51,0,5.76,0.19,0,0,47.55,0.13,0,0,0.48,22.06,135,0
04/10/2019,02:52,0,6.5,0.22,0,0,53.59,0.15,0,0,0.48,22.06,135,0
04/10/2019,02:53,0,6.79,0.23,0,0,56.04,0.15,0,0,0.47,22.25,135,0
04/10/2019,02:54,0,6.27,0.21,0,0,51.71,0.14,0,0,0.46,22.25,135,0
04/10/2019,02:55,0,6.27,0.21,0,0,51.69,0.14,0,0,0.47,22.31,135,0
04/10/2019,02:56,0,6.16,0.2,0,0,50.82,0.14,0,0,0.49,22.44,135,0
04/10/2019,02:57,0,5.12,0.17,0,0,42.2,0.12,0,0,0.48,22.56,135,0
04/10/2019,02:58,0,5.88,0.2,0,0,48.5,0.13,0,0,0.45,22.56,135,0
04/10/2019,02:59,0,6.51,0.22,0,0,53.67,0.15,0,0,0.45,22.31,135,0
04/10/2019,03:00,0,6.49,0.22,0,0,53.56,0.15,0,0,0.45,22.31,135,0
04/10/2019,03:01,0,5.33,0.18,0,0,44,0.12,0,0,0.43,22.25,135,0
04/10/2019,03:02,0,6.44,0.21,0,0,53.1,0.15,0,0,0.43,22.06,135,0
04/10/2019,03:03,0,6.12,0.2,0,0,50.52,0.14,0,0,0.45,22.12,135,0
04/10/2019,03:04,0,6.12,0.2,0,0,50.48,0.14,0,0,0.47,22.19,135,0
04/10/2019,03:05,0,5.98,0.2,0,0,49.32,0.14,0,0,0.48,22.19,135,0
04/10/2019,03:06,0,6.2,0.21,0,0,51.14,0.14,0,0,0.47,22,135,0
04/10/2019,03:07,0,6.18,0.21,0,0,50.99,0.14,0,0,0.44,22.12,135,0
04/10/2019,03:08,0,5.87,0.2,0,0,48.41,0.13,0,0,0.47,22.25,135,0
04/10/2019,03:09,0,5.57,0.19,0,0,45.95,0.13,0,0,0.46,22.19,135,0
04/10/2019,03:10,0,4.92,0.16,0,0,40.6,0.11,0,0,0.44,22,90,0
04/10/2019,03:11,6.54,5.47,0.18,0,0,45.16,0.12,0,0,0.47,22.06,90,0
04/10/2019,03:12,0,6.06,0.2,0,0,50,0.14,0,0,0.48,22,90,0
04/10/2019,03:13,0,5.51,0.18,0,0,45.43,0.12,0,0,0.46,22.06,90,0
04/10/2019,03:14,0,5.56,0.19,0,0,45.89,0.13,0,0,0.45,22.19,90,0
04/10/2019,03:15,0.6,5.51,0.18,0,0,45.49,0.13,0,0,0.46,22.25,90,0
04/10/2019,03:16,0,5.98,0.2,0,0,49.3,0.14,0,0,0.47,22.31,90,0
04/10/2019,03:17,0,4.96,0.17,0,0,40.92,0.11,0,0,0.47,22.38,90,0
04/10/2019,03:18,0,5.15,0.17,0,0,42.49,0.12,0,0,0.47,22.56,90,0
04/10/2019,03:19,0,5.26,0.18,0,0,43.39,0.12,0,0,0.45,22.44,90,0
04/10/2019,03:20,0,5.22,0.17,0,0,43.05,0.12,0,0,0.46,22.25,90,0
04/10/2019,03:21,0,4.95,0.16,0,0,40.82,0.11,0,0,0.46,22.12,90,0
04/10/2019,03:22,0,5.52,0.18,0,0,45.57,0.13,0,0,0.45,22.25,90,0
04/10/2019,03:23,0,5.04,0.17,0,0,41.58,0.11,0,0,0.47,22.5,90,0
04/10/2019,03:24,0,5.46,0.18,0,0,45.09,0.12,0,0,0.48,22.5,90,0
04/10/2019,03:25,0,5.57,0.19,0,0,45.91,0.13,0,0,0.46,22.44,90,0
04/10/2019,03:27,0,4.91,0.16,0,0,40.5,0.11,0,0,0.47,22.69,90,0
04/10/2019,03:28,0,5.13,0.17,0,0,42.34,0.12,0,0,0.46,22.81,90,0
04/10/2019,03:29,0,4.89,0.16,0,0,40.31,0.11,0,0,0.47,22.88,90,0
04/10/2019,03:30,0,6.08,0.2,0,0,50.14,0.14,0,0,0.47,22.69,90,0
04/10/2019,03:31,0,5.95,0.2,0,0,49.1,0.13,0,0,0.47,22.75,90,0
04/10/2019,03:32,0,4.93,0.16,0,0,40.64,0.11,0,0,0.45,22.69,90,0
04/10/2019,03:33,2.58,5.18,0.17,0,0,42.73,0.12,0,0,0.45,22.69,90,0
04/10/2019,03:34,0,5.84,0.19,0,0,48.15,0.13,0,0,0.47,22.56,90,0
04/10/2019,03:35,0,5.35,0.18,0,0,44.13,0.12,0,0,0.46,22.44,90,0
04/10/2019,03:36,0,5.15,0.17,0,0,42.52,0.12,0,0,0.48,22.5,90,0
04/10/2019,03:37,6.54,4.86,0.16,0,0,40.08,0.11,0,0,0.46,22.38,90,0
04/10/2019,03:38,0,5.46,0.18,0,0,45.04,0.12,0,0,0.45,22.44,90,0
04/10/2019,03:39,0,4.23,0.14,0,0,34.92,0.1,0,0,0.47,22.31,90,0
04/10/2019,03:40,0,4.82,0.16,0,0,39.75,0.11,0,0,0.47,22.31,90,0
04/10/2019,03:41,0,4.76,0.16,0,0,39.25,0.11,0,0,0.47,22.25,90,0
04/10/2019,03:42,0,5.3,0.18,0,0,43.75,0.12,0,0,0.48,22.38,90,0
04/10/2019,03:43,0.6,4.89,0.16,0,0,40.34,0.11,0,0,0.45,22.38,90,0
04/10/2019,03:44,0,5.29,0.18,0,0,43.61,0.12,0,0,0.45,22.31,90,0
04/10/2019,03:45,0,5.05,0.17,0,0,41.68,0.11,0,0,0.46,22.25,90,0
04/10/2019,03:46,0,4.85,0.16,0,0,39.97,0.11,0,0,0.47,22.19,90,0
04/10/2019,03:47,0,4.45,0.15,0,0,36.69,0.1,0,0,0.48,22.19,90,0
04/10/2019,03:48,0,5.19,0.17,0,0,42.84,0.12,0,0,0.47,22.06,90,0
04/10/2019,03:49,0,5.63,0.19,0,0,46.41,0.13,0,0,0.47,21.94,90,0
04/10/2019,03:50,0,5.32,0.18,0,0,43.87,0.12,0,0,0.48,22.12,90,0
04/10/2019,03:51,0,4.83,0.16,0,0,39.88,0.11,0,0,0.46,22.19,90,0
04/10/2019,03:52,0,5.17,0.17,0,0,42.69,0.12,0,0,0.46,22.25,90,0
04/10/2019,03:53,0,5.04,0.17,0,0,41.57,0.11,0,0,0.47,22.06,90,0
04/10/2019,03:54,0,5.17,0.17,0,0,42.69,0.12,0,0,0.47,22.19,90,0
04/10/2019,03:55,0,5.11,0.17,0,0,42.17,0.12,0,0,0.48,22.06,90,0
04/10/2019,03:56,4.56,5.3,0.18,0,0,43.71,0.12,0,0,0.5,22.12,90,0
04/10/2019,03:57,0,4.9,0.16,0,0,40.47,0.11,0,0,0.49,21.94,90,0
04/10/2019,03:58,0,5.48,0.18,0,0,45.24,0.12,0,0,0.49,21.81,90,0
04/10/2019,03:59,0,4.76,0.16,0,0,39.3,0.11,0,0,0.47,21.62,90,0
04/10/2019,04:00,0,4.7,0.16,0,0,38.77,0.11,0,0,0.46,21.69,90,0
04/10/2019,04:01,0,5.1,0.17,0,0,42.1,0.12,0,0,0.46,21.44,90,0
04/10/2019,04:02,0,4.9,0.16,0,0,40.4,0.11,0,0,0.45,21.5,90,0
04/10/2019,04:03,0,4.78,0.16,0,0,39.43,0.11,0,0,0.46,21.56,90,0
04/10/2019,04:04,0,5.13,0.17,0,0,42.31,0.12,0,0,0.46,21.69,90,0
04/10/2019,04:05,0,5.35,0.18,0,0,44.14,0.12,0,0,0.45,22,90,0
04/10/2019,04:06,0,5.41,0.18,0,0,44.63,0.12,0,0,0.43,22.06,90,0
04/10/2019,04:07,0,5.36,0.18,0,0,44.25,0.12,0,0,0.45,21.94,90,0
04/10/2019,04:08,0,4.94,0.16,0,0,40.74,0.11,0,0,0.46,22,90,0
04/10/2019,04:09,0,5.12,0.17,0,0,42.28,0.12,0,0,0.45,21.94,90,0
04/10/2019,04:10,0,5.04,0.17,0,0,41.6,0.11,0,0,0.46,21.88,90,0
04/10/2019,04:11,0,5.13,0.17,0,0,42.36,0.12,0,0,0.44,21.88,90,0
04/10/2019,04:12,0,5.36,0.18,0,0,44.18,0.12,0,0,0.46,21.94,90,0
04/10/2019,04:13,0,5.66,0.19,0,0,46.73,0.13,0,0,0.44,21.75,90,0
04/10/2019,04:14,0,6.22,0.21,0,0,51.3,0.14,0,0,0.45,21.69,90,0
04/10/2019,04:15,0,5.74,0.19,0,0,47.34,0.13,0,0,0.46,21.81,90,0
04/10/2019,04:16,0,5.43,0.18,0,0,44.81,0.12,0,0,0.46,22.06,90,0
04/10/2019,04:17,0,5.23,0.17,0,0,43.17,0.12,0,0,0.45,22.25,90,0
04/10/2019,04:18,0,5.98,0.2,0,0,49.38,0.14,0,0,0.45,22.06,90,0
04/10/2019,04:19,0,5.89,0.2,0,0,48.61,0.13,0,0,0.48,22.19,90,0
04/10/2019,04:20,0,5.97,0.2,0,0,49.27,0.14,0,0,0.47,22.12,90,0
04/10/2019,04:21,0,6.72,0.22,0,0,55.46,0.15,0,0,0.48,22.12,90,0
04/10/2019,04:22,0,6.67,0.22,0,0,55.05,0.15,0,0,0.46,22.12,90,0
04/10/2019,04:23,0,6.57,0.22,0,0,54.23,0.15,0,0,0.45,21.88,90,0
04/10/2019,04:24,0,6.34,0.21,0,0,52.29,0.14,0,0,0.46,22,90,0
04/10/2019,04:25,0,5.92,0.2,0,0,48.81,0.13,0,0,0.45,21.94,90,0
04/10/2019,04:26,0,6.33,0.21,0,0,52.19,0.14,0,0,0.45,21.81,90,0
04/10/2019,04:27,0,6.2,0.21,0,0,51.14,0.14,0,0,0.45,21.94,90,0
04/10/2019,04:29,0,5.82,0.19,0,0,48.04,0.13,0,0,0.47,21.62,90,0
04/10/2019,04:30,0,6.46,0.22,0,0,53.33,0.15,0,0,0.45,21.56,90,0
04/10/2019,04:31,0,6.17,0.21,0,0,50.91,0.14,0,0,0.46,21.62,90,0
04/10/2019,04:32,0,6.63,0.22,0,0,54.66,0.15,0,0,0.48,21.75,90,0
04/10/2019,04:33,0,6.25,0.21,0,0,51.54,0.14,0,0,0.46,21.81,90,0
04/10/2019,04:34,0,6.36,0.21,0,0,52.5,0.14,0,0,0.45,21.62,90,0
04/10/2019,04:35,0,7.22,0.24,0,0,59.58,0.16,0,0,0.46,21.56,90,0
04/10/2019,04:36,0,6.57,0.22,0,0,54.18,0.15,0,0,0.46,21.56,90,0
04/10/2019,04:37,0,6.98,0.23,0,0,57.59,0.16,0,0,0.45,21.5,90,0
04/10/2019,04:38,0,7.28,0.24,0,0,60.02,0.16,0,0,0.44,21.5,90,0
04/10/2019,04:39,0,6.76,0.22,0,0,55.77,0.15,0,0,0.45,21.38,90,0
04/10/2019,04:40,0,6.3,0.21,0,0,52.01,0.14,0,0,0.44,21.25,90,0
04/10/2019,04:41,0,6.38,0.21,0,0,52.65,0.14,0,0,0.45,21.25,90,0
04/10/2019,04:42,0,6.3,0.21,0,0,51.97,0.14,0,0,0.46,21.19,90,0
04/10/2019,04:43,0,7.55,0.25,0,0,62.25,0.17,0,0,0.47,21.25,90,0
04/10/2019,04:44,0,6.7,0.22,0,0,55.24,0.15,0,0,0.46,21.38,90,0
04/10/2019,04:45,0,6.81,0.23,0,0,56.22,0.15,0,0,0.46,21.5,90,0
04/10/2019,04:46,0,7.06,0.24,0,0,58.27,0.16,0,0,0.45,21.56,90,0
04/10/2019,04:47,0,6.94,0.23,0,0,57.27,0.16,0,0,0.44,21.5,90,0
04/10/2019,04:48,0,7.16,0.24,0,0,59.1,0.16,0,0,0.46,21.81,90,0
04/10/2019,04:49,0,8.17,0.27,0,0,67.44,0.19,0,0,0.46,21.75,90,0
04/10/2019,04:50,0,6.37,0.21,0,0,52.52,0.14,0,0,0.47,21.5,90,0
04/10/2019,04:51,0,7.17,0.24,0,0,59.14,0.16,0,0,0.47,21.5,90,0
04/10/2019,04:52,0,7.03,0.23,0,0,58.01,0.16,0,0,0.48,21.62,90,0
04/10/2019,04:53,0,7.12,0.24,0,0,58.72,0.16,0,0,0.47,21.44,90,0
04/10/2019,04:54,0,6.59,0.22,0,0,54.36,0.15,0,0,0.46,21.44,90,0
04/10/2019,04:55,0,6.87,0.23,0,0,56.66,0.16,0,0,0.45,21.25,90,0
04/10/2019,04:56,0,7.12,0.24,0,0,58.75,0.16,0,0,0.49,21.19,90,0
04/10/2019,04:57,0,6.43,0.21,0,0,53.07,0.15,0,0,0.48,21.31,90,0
04/10/2019,04:58,0,7.25,0.24,0,0,59.8,0.16,0,0,0.46,21.25,90,0
04/10/2019,04:59,0,7.03,0.23,0,0,58.01,0.16,0,0,0.46,21.31,90,0
04/10/2019,05:00,0,7.07,0.24,0,0,58.3,0.16,0,0,0.48,21.19,90,0
04/10/2019,05:01,0,6.94,0.23,0,0,57.22,0.16,0,0,0.51,21.06,90,0
04/10/2019,05:02,0,6.7,0.22,0,0,55.3,0.15,0,0,0.49,21,90,0
04/10/2019,05:03,0,6.37,0.21,0,0,52.56,0.14,0,0,0.48,20.94,90,0
04/10/2019,05:04,4.56,7.73,0.26,0,0,63.76,0.18,0,0,0.5,20.75,90,0
04/10/2019,05:05,0,6.05,0.2,0,0,49.89,0.14,0,0,0.48,20.81,90,0
04/10/2019,05:06,0,6.5,0.22,0,0,53.59,0.15,0,0,0.47,21,90,0
04/10/2019,05:07,0,6.43,0.21,0,0,53.07,0.15,0,0,0.47,21,90,0
04/10/2019,05:08,0,6.55,0.22,0,0,54.04,0.15,0,0,0.48,21.25,90,0
04/10/2019,05:09,0,6.46,0.22,0,0,53.31,0.15,0,0,0.47,21.44,90,0
04/10/2019,05:10,0,6.5,0.22,0,0,53.59,0.15,0,0,0.47,21.38,90,0
04/10/2019,05:11,0,7.93,0.26,0,0,65.39,0.18,0,0,0.45,21.5,90,0
04/10/2019,05:12,0,6.09,0.2,0,0,50.24,0.14,0,0,0.47,21.38,90,0
04/10/2019,05:13,0,6.15,0.2,0,0,50.76,0.14,0,0,0.48,21.44,90,0
04/10/2019,05:14,0,6.59,0.22,0,0,54.36,0.15,0,0,0.45,21.38,90,0
04/10/2019,05:15,0,6.73,0.22,0,0,55.52,0.15,0,0,0.45,21.38,90,0
04/10/2019,05:16,4.56,7.74,0.26,0,0,63.85,0.18,0,0,0.47,21.25,90,0
04/10/2019,05:17,0,7.16,0.24,0,0,59.04,0.16,0,0,0.48,21.25,90,0
04/10/2019,05:18,0,7.28,0.24,0,0,60.09,0.17,0,0,0.48,21.12,90,0
04/10/2019,05:19,0.6,6.69,0.22,0,0,55.17,0.15,0,0,0.49,21.31,90,0
04/10/2019,05:20,0,7.08,0.24,0,0,58.42,0.16,0,0,0.48,21.12,90,0
04/10/2019,05:21,0,6.73,0.22,0,0,55.55,0.15,0,0,0.46,21.19,90,0
04/10/2019,05:22,0,6.71,0.22,0,0,55.37,0.15,0,0,0.48,21.25,90,0
04/10/2019,05:23,0.6,7.76,0.26,0,0,64.05,0.18,0,0,0.46,21.38,90,0
04/10/2019,05:24,0,6.52,0.22,0,0,53.81,0.15,0,0,0.47,21.5,90,0
04/10/2019,05:25,0,7.16,0.24,0,0,59.11,0.16,0,0,0.5,21.69,90,0
04/10/2019,05:26,4.56,8.05,0.27,0,0,66.45,0.18,0,0,0.47,21.62,90,0
04/10/2019,05:27,2.58,8.4,0.28,0,0,69.33,0.19,0,0,0.46,21.69,90,0
04/10/2019,05:28,0,8.76,0.29,0,0,72.25,0.2,0,0,0.47,21.62,90,0
04/10/2019,05:29,2.58,8.91,0.3,0,0,73.48,0.2,0,0,0.49,21.69,90,0
04/10/2019,05:30,2.58,7.51,0.25,0,0,61.97,0.17,0,0,0.49,21.81,90,0
04/10/2019,05:31,8.53,8.08,0.27,0,0,66.65,0.18,0,0,0.47,21.94,90,0
04/10/2019,05:32,4.56,7.65,0.25,0,0,63.12,0.17,0,0,0.49,21.94,90,0
04/10/2019,05:33,6.54,8.56,0.28,0,0,70.64,0.19,0,0,0.47,22,90,0
04/10/2019,05:34,14.48,7.48,0.25,0,0,61.71,0.17,0,0,0.48,22.19,90,0
04/10/2019,05:35,12.49,7.21,0.24,0,0,59.48,0.16,0,0,0.47,22.31,90,0
04/10/2019,05:36,16.46,6.81,0.23,0,0,56.22,0.15,0,0,0.46,22.38,90,0
04/10/2019,05:37,24.39,7.38,0.25,0,0,60.89,0.17,0,0,0.5,22.38,90,0
04/10/2019,05:38,28.36,7.63,0.25,0,0,62.91,0.17,0,0,0.48,22.81,90,0
04/10/2019,05:39,22.41,8.38,0.28,0,0,69.11,0.19,0,0,0.49,23.06,90,0
04/10/2019,05:40,34.31,8.8,0.29,0,0,72.62,0.2,0,0,0.48,23.12,90,0
04/10/2019,05:41,40.26,8.17,0.27,0,0,67.43,0.19,0,0,0.5,23.5,90,0
04/10/2019,05:42,34.31,8.05,0.27,0,0,66.45,0.18,0,0,0.5,23.69,90,0
04/10/2019,05:43,40.26,7.02,0.23,0,0,57.93,0.16,0,0,0.48,24,180,0
04/10/2019,05:44,44.22,7.43,0.25,0,0,61.3,0.17,0,0,0.48,24.69,180,0
04/10/2019,05:45,50.17,7.68,0.26,0,0,63.37,0.17,0,0,0.5,25.69,180,0
04/10/2019,05:46,50.17,6.92,0.23,0,0,57.09,0.16,0,0,0.49,25.5,180,0
04/10/2019,05:47,48.19,5.88,0.2,0,0,48.52,0.13,0,0,0.48,25.88,180,0
04/10/2019,05:48,46.21,6.52,0.22,0,0,53.77,0.15,0,0,0.49,26.69,180,0
04/10/2019,05:49,54.14,6.55,0.22,0,0,54.05,0.15,0,0,0.48,27.75,180,0
04/10/2019,05:50,62.07,6,0.2,0,0,49.48,0.14,0,0,0.51,28.44,180,0
04/10/2019,05:51,58.11,6.93,0.23,0,0,57.15,0.16,0,0,0.49,28.25,180,0
04/10/2019,05:52,58.11,6.27,0.21,0,0,51.75,0.14,0,0,0.49,27.25,180,0
04/10/2019,05:53,73.97,6.59,0.22,0,0,54.37,0.15,0,0,0.47,26.62,180,0
04/10/2019,05:54,64.06,6.23,0.21,0,0,51.43,0.14,0,0,0.48,27.44,180,0
04/10/2019,05:55,62.07,5.91,0.2,0,0,48.77,0.13,0,0,0.47,28.81,180,0
04/10/2019,05:56,64.06,5.59,0.19,0,0,46.09,0.13,0,0,0.45,29.88,180,0
04/10/2019,05:57,66.04,5.67,0.19,0,0,46.81,0.13,0,0,0.45,29.88,180,0
04/10/2019,05:58,71.99,5.73,0.19,0,0,47.31,0.13,0,0,0.47,28.69,180,0
04/10/2019,05:59,73.97,6.01,0.2,0,0,49.6,0.14,0,0,0.45,28.88,180,0
04/10/2019,06:00,73.97,5.36,0.18,0,0,44.24,0.12,0,0,0.48,29.5,180,0
04/10/2019,06:01,85.87,6.8,0.23,0,0,56.07,0.15,0,0,0.46,30.19,180,0
04/10/2019,06:02,81.9,6.93,0.23,0,0,57.14,0.16,0,0,0.48,29.94,180,0
04/10/2019,06:03,89.84,8.09,0.27,0,0,66.72,0.18,0,0,0.48,29.69,180,0
04/10/2019,06:04,95.79,8.04,0.27,0,0,66.35,0.18,0,0,0.46,30.38,180,0
04/10/2019,06:05,91.82,8.27,0.28,0,0,68.21,0.19,0,0,0.45,30.81,180,0
04/10/2019,06:06,93.8,8.29,0.28,0,0,68.35,0.19,0,0,0.48,31.19,180,0
04/10/2019,06:07,95.79,10.47,0.35,0,0,86.34,0.24,0,0,0.49,30.88,180,0
04/10/2019,06:08,95.79,11.14,0.37,0,0,91.91,0.25,0,0,0.48,30.88,180,0
04/10/2019,06:09,109.67,11.75,0.39,0,0,96.94,0.27,0,0,0.46,31,180,0
04/10/2019,06:10,101.74,10.52,0.35,0,0,86.76,0.24,0,0,0.49,30.94,180,0
04/10/2019,06:11,111.65,11.64,0.39,0,0,96,0.26,0,0,0.51,31.38,180,0
04/10/2019,06:12,121.57,11.83,0.39,0,0,97.59,0.27,0,0,0.48,31.25,180,0
04/10/2019,06:13,113.63,9.77,0.32,0,0,80.57,0.22,0,0,0.49,30.19,180,0
04/10/2019,06:14,125.53,9.81,0.33,0,0,80.9,0.22,0,0,0.47,30.06,180,0
04/10/2019,06:15,123.55,10.06,0.33,0,0,83.01,0.23,0,0,0.5,30.94,180,0
04/10/2019,06:16,135.45,9.22,0.31,0,0,76.04,0.21,0,0,0.5,30.5,180,0
04/10/2019,06:17,139.42,8.11,0.27,0,0,66.94,0.18,0,0,0.47,31.38,180,0
04/10/2019,06:18,141.4,7.96,0.27,0,0,65.7,0.18,0,0,0.49,31.38,180,0
04/10/2019,06:19,137.43,8.66,0.29,0,0,71.46,0.2,0,0,0.49,30.38,180,0
04/10/2019,06:20,145.36,17.8,0.59,0,0,146.82,0.4,0.01,0,0.48,29.81,180,0
04/10/2019,06:21,125.53,15.69,0.52,0,0,129.44,0.36,0,0,0.48,29.75,180,0
04/10/2019,06:22,141.4,24.01,0.8,0,0,198.07,0.54,0.01,0.01,0.52,29.56,180,0
04/10/2019,06:23,139.42,38.02,1.26,0,0,313.63,0.86,0.01,0.01,0.49,29.31,180,0
04/10/2019,06:24,159.25,37.63,1.25,0,0,310.43,0.85,0.01,0.01,0.47,29.62,180,0
04/10/2019,06:25,167.18,29.23,0.97,0,0,241.18,0.66,0.01,0.01,0.49,29.75,180,0
04/10/2019,06:26,169.16,24.13,0.8,0,0,199.11,0.55,0.01,0.01,0.48,29.75,180,0
04/10/2019,06:27,173.13,17.52,0.58,0,0,144.51,0.4,0.01,0,0.48,29.56,180,0
04/10/2019,06:28,175.11,12.64,0.42,0,0,104.28,0.29,0,0,0.49,29.25,180,0
04/10/2019,06:29,179.08,9.26,0.31,0,0,76.42,0.21,0,0,0.46,29.19,180,0
04/10/2019,06:30,187.01,8.32,0.28,0,0,68.67,0.19,0,0,0.5,28.44,180,0
04/10/2019,06:31,187.01,8.17,0.27,0,0,67.4,0.19,0,0,0.5,28.12,225,0
04/10/2019,06:32,192.96,6.58,0.22,0,0,54.28,0.15,0,0,0.48,27.88,180,0
04/10/2019,06:33,190.98,5.98,0.2,0,0,49.32,0.14,0,0,0.47,28.5,135,0
04/10/2019,06:34,190.98,6.84,0.23,0,0,56.4,0.15,0,0,0.47,29.38,180,0
04/10/2019,06:35,206.84,6.98,0.23,0,0,57.62,0.16,0,0,0.46,28.81,135,0
04/10/2019,06:36,208.83,7.34,0.24,0,0,60.57,0.17,0,0,0.46,29.25,180,0
04/10/2019,06:37,200.89,9.32,0.31,0,0,76.87,0.21,0,0,0.48,29.5,135,0
04/10/2019,06:38,190.98,12.66,0.42,0,0,104.44,0.29,0,0,0.49,29.62,180,0
04/10/2019,06:39,230.64,11.69,0.39,0,0,96.42,0.26,0,0,0.48,30.19,135,0
04/10/2019,06:40,216.76,12.65,0.42,0,0,104.37,0.29,0,0,0.51,30.44,180,0
04/10/2019,06:41,226.67,14.75,0.49,0,0,121.67,0.33,0,0,0.51,30.06,180,0
04/10/2019,06:42,228.66,13.69,0.46,0,0,112.92,0.31,0,0,0.52,29.94,90,0
04/10/2019,06:43,236.59,10.79,0.36,0,0,89.03,0.24,0,0,0.49,29.94,135,0
04/10/2019,06:44,224.69,9.78,0.33,0,0,80.66,0.22,0,0,0.47,30.12,90,0
04/10/2019,06:45,238.57,8.73,0.29,0,0,72.01,0.2,0,0,0.47,29.12,180,0
04/10/2019,06:46,232.62,12.13,0.4,0,0,100.04,0.27,0,0,0.47,29.5,135,0
04/10/2019,06:47,248.49,14.29,0.48,0,0,117.88,0.32,0,0,0.46,29.44,135,0
04/10/2019,06:48,240.56,17.72,0.59,0,0,146.17,0.4,0.01,0,0.5,30.12,180,0
04/10/2019,06:49,254.44,16.38,0.55,0,0,135.16,0.37,0.01,0,0.5,30.44,135,0
04/10/2019,06:50,258.4,14.94,0.5,0,0,123.24,0.34,0,0,0.51,29.62,135,0
04/10/2019,06:51,250.47,14.87,0.49,0,0,122.69,0.34,0,0,0.5,29.25,90,0
04/10/2019,06:52,266.34,14.1,0.47,0,0,116.3,0.32,0,0,0.49,29.75,135,0
04/10/2019,06:53,266.34,12.29,0.41,0,0,101.42,0.28,0,0,0.49,29.81,135,0
04/10/2019,06:54,276.25,11.46,0.38,0,0,94.56,0.26,0,0,0.5,29.88,90,0
04/10/2019,06:55,268.32,9.07,0.3,0,0,74.8,0.21,0,0,0.49,29.5,90,0
04/10/2019,06:56,286.17,8.36,0.28,0,0,69,0.19,0,0,0.49,28.88,90,0
04/10/2019,06:57,296.08,8.86,0.29,0,0,73.09,0.2,0,0,0.51,28.88,90,0
04/10/2019,06:58,288.15,8.2,0.27,0,0,67.63,0.19,0,0,0.5,29.25,135,0
04/10/2019,06:59,290.13,7.27,0.24,0,0,59.95,0.16,0,0,0.48,29.75,90,0
04/10/2019,07:00,294.1,7.06,0.23,0,0,58.23,0.16,0,0,0.48,29.75,135,0
04/10/2019,07:01,313.93,6.75,0.22,0,0,55.69,0.15,0,0,0.46,29.38,90,0
04/10/2019,07:02,311.95,6.07,0.2,0,0,50.11,0.14,0,0,0.45,29.12,135,0
04/10/2019,07:03,311.95,5.79,0.19,0,0,47.76,0.13,0,0,0.45,29.56,90,0
04/10/2019,07:04,311.95,5.18,0.17,0,0,42.72,0.12,0,0,0.44,29.62,135,0
04/10/2019,07:05,335.75,6.12,0.2,0,0,50.46,0.14,0,0,0.45,30,90,0
04/10/2019,07:06,315.91,5.4,0.18,0,0,44.54,0.12,0,0,0.44,29.69,90,0
04/10/2019,07:07,339.71,5.98,0.2,0,0,49.3,0.14,0,0,0.44,29.69,90,0
04/10/2019,07:08,331.78,5.6,0.19,0,0,46.22,0.13,0,0,0.43,29.06,90,0
04/10/2019,07:09,325.83,4.98,0.17,0,0,41.07,0.11,0,0,0.45,29.94,90,0
04/10/2019,07:10,331.78,5.21,0.17,0,0,43,0.12,0,0,0.44,30.19,90,0
04/10/2019,07:11,345.66,5.47,0.18,0,0,45.13,0.12,0,0,0.45,29.69,90,0
04/10/2019,07:12,347.65,5.85,0.19,0,0,48.25,0.13,0,0,0.43,29.56,90,0
04/10/2019,07:13,345.66,5.54,0.18,0,0,45.68,0.13,0,0,0.45,30,90,0
04/10/2019,07:14,347.65,5.73,0.19,0,0,47.23,0.13,0,0,0.43,30.25,45,0
04/10/2019,07:15,359.54,4.88,0.16,0,0,40.29,0.11,0,0,0.44,29.5,135,0
04/10/2019,07:16,363.51,4.94,0.16,0,0,40.75,0.11,0,0,0.45,29.69,90,0
04/10/2019,07:17,357.56,4.98,0.17,0,0,41.06,0.11,0,0,0.44,30.12,90,0
04/10/2019,07:18,367.48,4.74,0.16,0,0,39.11,0.11,0,0,0.46,30.19,90,0
04/10/2019,07:19,373.43,4.72,0.16,0,0,38.95,0.11,0,0,0.45,29.81,135,0
04/10/2019,07:20,381.36,5.39,0.18,0,0,44.43,0.12,0,0,0.43,30,135,0
04/10/2019,07:21,383.34,5.92,0.2,0,0,48.83,0.13,0,0,0.45,29.88,90,0
04/10/2019,07:22,391.27,5.47,0.18,0,0,45.16,0.12,0,0,0.46,29.94,45,0
04/10/2019,07:23,389.29,4.85,0.16,0,0,40,0.11,0,0,0.43,30.25,90,0
04/10/2019,07:24,401.19,4.66,0.16,0,0,38.45,0.11,0,0,0.43,30.25,90,0
04/10/2019,07:25,395.24,5.41,0.18,0,0,44.64,0.12,0,0,0.45,30.5,90,0
04/10/2019,07:26,405.16,5.6,0.19,0,0,46.21,0.13,0,0,0.45,30.38,135,0
04/10/2019,07:27,405.16,5.44,0.18,0,0,44.84,0.12,0,0,0.45,31.25,45,0
04/10/2019,07:28,397.22,5.23,0.17,0,0,43.12,0.12,0,0,0.46,30.81,90,0
04/10/2019,07:29,423,5.86,0.2,0,0,48.35,0.13,0,0,0.44,31.06,90,0
04/10/2019,07:30,419.04,5.88,0.2,0,0,48.52,0.13,0,0,0.43,31.25,90,0
04/10/2019,07:31,415.07,5.93,0.2,0,0,48.93,0.13,0,0,0.46,30.81,90,0
04/10/2019,07:32,428.95,5.09,0.17,0,0,41.98,0.12,0,0,0.46,30.81,90,0
04/10/2019,07:33,432.92,5.75,0.19,0,0,47.42,0.13,0,0,0.47,30.88,90,0
04/10/2019,07:34,436.89,5.59,0.19,0,0,46.14,0.13,0,0,0.48,30.94,135,0
04/10/2019,07:35,444.82,5.45,0.18,0,0,44.99,0.12,0,0,0.49,30.88,90,0
04/10/2019,07:36,450.77,5.43,0.18,0,0,44.78,0.12,0,0,0.48,31.44,90,0
04/10/2019,07:37,440.85,5.93,0.2,0,0,48.9,0.13,0,0,0.47,31.5,90,0
04/10/2019,07:38,452.75,5.8,0.19,0,0,47.85,0.13,0,0,0.45,31.06,90,0
04/10/2019,07:39,446.8,5.87,0.2,0,0,48.42,0.13,0,0,0.44,30.75,90,0
04/10/2019,07:40,460.68,5.2,0.17,0,0,42.87,0.12,0,0,0.44,31.75,90,0
04/10/2019,07:41,466.63,5.93,0.2,0,0,48.93,0.13,0,0,0.44,31.31,90,0
04/10/2019,07:42,464.65,5.15,0.17,0,0,42.48,0.12,0,0,0.43,32.44,90,0
04/10/2019,07:43,466.63,5.28,0.18,0,0,43.6,0.12,0,0,0.44,33.62,135,0
04/10/2019,07:44,474.57,5.77,0.19,0,0,47.58,0.13,0,0,0.43,34.69,90,0
04/10/2019,07:45,486.47,6.05,0.2,0,0,49.93,0.14,0,0,0.44,33.56,135,0
04/10/2019,07:46,480.52,5.67,0.19,0,0,46.77,0.13,0,0,0.44,32.38,90,0
04/10/2019,07:47,488.45,5.89,0.2,0,0,48.58,0.13,0,0,0.44,31.88,90,0
04/10/2019,07:48,492.41,5.56,0.19,0,0,45.89,0.13,0,0,0.44,31.81,135,0
04/10/2019,07:49,494.4,5.87,0.2,0,0,48.43,0.13,0,0,0.44,32.25,135,0
04/10/2019,07:50,500.35,5.33,0.18,0,0,44,0.12,0,0,0.46,32.5,135,0
04/10/2019,07:51,512.25,6.15,0.2,0,0,50.73,0.14,0,0,0.47,32.19,90,0
04/10/2019,07:52,512.25,5.84,0.19,0,0,48.2,0.13,0,0,0.47,32.12,90,0
04/10/2019,07:53,502.33,5.06,0.17,0,0,41.72,0.11,0,0,0.46,32,45,0
04/10/2019,07:54,520.18,5.55,0.18,0,0,45.78,0.13,0,0,0.46,32,90,0
04/10/2019,07:55,522.16,5.81,0.19,0,0,47.95,0.13,0,0,0.44,31.81,45,0
04/10/2019,07:56,522.16,5.41,0.18,0,0,44.64,0.12,0,0,0.44,31.88,90,0
04/10/2019,07:57,522.16,5.81,0.19,0,0,47.94,0.13,0,0,0.44,32.19,90,0
04/10/2019,07:58,520.18,5.34,0.18,0,0,44.02,0.12,0,0,0.43,32.25,45,0
04/10/2019,07:59,530.09,6.39,0.21,0,0,52.75,0.14,0,0,0.43,32.69,90,0
04/10/2019,08:00,536.04,5.69,0.19,0,0,46.95,0.13,0,0,0.43,32.44,90,0
04/10/2019,08:01,545.96,5.56,0.19,0,0,45.91,0.13,0,0,0.43,32.75,90,0
04/10/2019,08:02,545.96,5.28,0.18,0,0,43.55,0.12,0,0,0.43,32.75,45,0
04/10/2019,08:03,545.96,6.53,0.22,0,0,53.87,0.15,0,0,0.46,32.69,45,0
04/10/2019,08:04,553.89,6.02,0.2,0,0,49.68,0.14,0,0,0.46,32.38,45,0
04/10/2019,08:05,561.82,6.54,0.22,0,0,53.94,0.15,0,0,0.48,32.62,90,0
04/10/2019,08:06,547.94,5.55,0.18,0,0,45.83,0.13,0,0,0.47,31.69,45,0
04/10/2019,08:07,557.86,5.86,0.2,0,0,48.36,0.13,0,0,0.47,32.56,45,0
04/10/2019,08:08,569.76,6.7,0.22,0,0,55.3,0.15,0,0,0.45,32.62,45,0
04/10/2019,08:09,557.86,6.59,0.22,0,0,54.39,0.15,0,0,0.47,32.12,90,0
04/10/2019,08:10,575.71,6.18,0.21,0,0,50.96,0.14,0,0,0.45,32,45,0
04/10/2019,08:11,577.69,6.13,0.2,0,0,50.55,0.14,0,0,0.45,32.44,90,0
04/10/2019,08:12,565.79,5.88,0.2,0,0,48.5,0.13,0,0,0.46,32.69,0,0
04/10/2019,08:13,567.77,6.54,0.22,0,0,53.97,0.15,0,0,0.47,32.88,45,0
04/10/2019,08:14,577.69,6.46,0.21,0,0,53.27,0.15,0,0,0.47,32.12,45,0
04/10/2019,08:15,581.66,5.76,0.19,0,0,47.5,0.13,0,0,0.47,31.75,0,0
04/10/2019,08:16,595.54,5.71,0.19,0,0,47.09,0.13,0,0,0.46,31.62,0,0
04/10/2019,08:17,599.5,5.98,0.2,0,0,49.32,0.14,0,0,0.44,31.94,90,0
04/10/2019,08:18,585.62,5.82,0.19,0,0,48.02,0.13,0,0,0.44,32.56,45,0
04/10/2019,08:19,603.47,6.34,0.21,0,0,52.33,0.14,0,0,0.44,32.69,45,0
04/10/2019,08:20,605.45,5.41,0.18,0,0,44.65,0.12,0,0,0.44,31.5,45,0
04/10/2019,08:21,609.42,5.82,0.19,0,0,47.98,0.13,0,0,0.45,31.81,45,0
04/10/2019,08:22,617.35,6.41,0.21,0,0,52.87,0.15,0,0,0.44,31.75,45,0
04/10/2019,08:23,625.29,6.07,0.2,0,0,50.1,0.14,0,0,0.45,31.69,45,0
04/10/2019,08:24,627.27,5.51,0.18,0,0,45.5,0.13,0,0,0.45,31.56,45,0
04/10/2019,08:25,627.27,6.61,0.22,0,0,54.52,0.15,0,0,0.43,31.75,45,0
04/10/2019,08:26,627.27,6.35,0.21,0,0,52.42,0.14,0,0,0.43,32.69,0,0
04/10/2019,08:27,639.17,5.97,0.2,0,0,49.27,0.14,0,0,0.44,32.38,45,0
04/10/2019,08:28,627.27,6.11,0.2,0,0,50.42,0.14,0,0,0.42,32.69,45,0
04/10/2019,08:29,641.15,6.16,0.2,0,0,50.82,0.14,0,0,0.42,31.75,45,0
04/10/2019,08:30,649.08,5.44,0.18,0,0,44.84,0.12,0,0,0.43,32.5,90,0
04/10/2019,08:31,639.17,5.07,0.17,0,0,41.8,0.11,0,0,0.44,32.38,90,0
04/10/2019,08:32,655.03,5.3,0.18,0,0,43.74,0.12,0,0,0.45,33.19,90,0
04/10/2019,08:33,649.08,5.72,0.19,0,0,47.17,0.13,0,0,0.43,33.44,135,0
04/10/2019,08:34,659,5.95,0.2,0,0,49.05,0.13,0,0,0.44,33.56,90,0
04/10/2019,08:35,664.95,5.25,0.17,0,0,43.3,0.12,0,0,0.44,32.81,90,0
04/10/2019,08:36,662.97,5.46,0.18,0,0,45.01,0.12,0,0,0.46,32.94,90,0
04/10/2019,08:37,666.93,5.43,0.18,0,0,44.77,0.12,0,0,0.46,33.62,45,0
04/10/2019,08:38,670.9,5.81,0.19,0,0,47.93,0.13,0,0,0.45,33.19,90,0
04/10/2019,08:39,664.95,6.02,0.2,0,0,49.63,0.14,0,0,0.45,33.44,90,0
04/10/2019,08:40,670.9,5.94,0.2,0,0,48.99,0.13,0,0,0.45,32.38,90,0
04/10/2019,08:41,672.88,5.35,0.18,0,0,44.14,0.12,0,0,0.44,33.25,90,0
04/10/2019,08:42,684.78,6.39,0.21,0,0,52.7,0.14,0,0,0.44,32.5,45,0
04/10/2019,08:43,700.64,5.58,0.19,0,0,46.04,0.13,0,0,0.44,32.81,90,0
04/10/2019,08:44,704.61,6.77,0.23,0,0,55.82,0.15,0,0,0.45,32.38,45,0
04/10/2019,08:45,702.63,5.87,0.2,0,0,48.43,0.13,0,0,0.45,32.31,45,0
04/10/2019,08:46,651.07,5.48,0.18,0,0,45.19,0.12,0,0,0.45,32.56,0,0
04/10/2019,08:47,662.97,5.72,0.19,0,0,47.16,0.13,0,0,0.43,34.19,45,0
04/10/2019,08:48,787.9,6.04,0.2,0,0,49.81,0.14,0,0,0.43,33.94,90,0
04/10/2019,08:49,549.93,6.17,0.21,0,0,50.88,0.14,0,0,0.44,33.25,90,0
04/10/2019,08:50,401.19,5.82,0.19,0,0,48,0.13,0,0,0.44,33.56,90,0
04/10/2019,08:51,438.87,5.81,0.19,0,0,47.95,0.13,0,0,0.48,32.62,90,0
04/10/2019,08:52,581.66,5.67,0.19,0,0,46.79,0.13,0,0,0.45,33.38,90,0
04/10/2019,08:53,851.36,5.45,0.18,0,0,44.92,0.12,0,0,0.47,33.25,45,0
04/10/2019,08:54,847.4,5.92,0.2,0,0,48.84,0.13,0,0,0.45,33.88,90,0
04/10/2019,08:55,839.46,5.4,0.18,0,0,44.59,0.12,0,0,0.45,34,90,0
04/10/2019,08:56,819.63,5.19,0.17,0,0,42.83,0.12,0,0,0.45,34.5,135,0
04/10/2019,08:57,779.97,6.13,0.2,0,0,50.57,0.14,0,0,0.44,34.44,45,0
04/10/2019,08:58,807.73,6.11,0.2,0,0,50.39,0.14,0,0,0.43,35.06,315,0
04/10/2019,08:59,774.02,5.49,0.18,0,0,45.25,0.12,0,0,0.44,35.12,45,0
04/10/2019,09:00,791.87,5.48,0.18,0,0,45.17,0.12,0,0,0.43,34.12,45,0
04/10/2019,09:01,785.92,5.82,0.19,0,0,48.01,0.13,0,0,0.43,34.25,90,0
04/10/2019,09:02,698.66,5.39,0.18,0,0,44.5,0.12,0,0,0.44,34.69,135,0
04/10/2019,09:03,726.43,5.47,0.18,0,0,45.1,0.12,0,0,0.45,35.12,90,0
04/10/2019,09:04,827.57,5.23,0.17,0,0,43.16,0.12,0,0,0.46,34.44,90,0
04/10/2019,09:05,823.6,5.69,0.19,0,0,46.97,0.13,0,0,0.45,34.56,90,0
04/10/2019,09:06,845.41,5.66,0.19,0,0,46.72,0.13,0,0,0.45,34.69,90,0
04/10/2019,09:07,662.97,5.33,0.18,0,0,43.94,0.12,0,0,0.44,34,90,0
04/10/2019,09:08,633.22,5.78,0.19,0,0,47.7,0.13,0,0,0.44,34.62,90,0
04/10/2019,09:09,837.48,6.15,0.2,0,0,50.73,0.14,0,0,0.45,35,45,0
04/10/2019,09:10,847.4,6.38,0.21,0,0,52.64,0.14,0,0,0.45,36.44,45,0
04/10/2019,09:11,851.36,5.16,0.17,0,0,42.54,0.12,0,0,0.46,34.94,45,0
04/10/2019,09:12,900.94,6,0.2,0,0,49.52,0.14,0,0,0.45,34.56,90,0
04/10/2019,09:13,704.61,5.42,0.18,0,0,44.72,0.12,0,0,0.45,34.56,45,0
04/10/2019,09:14,543.98,5.69,0.19,0,0,46.94,0.13,0,0,0.45,33.75,0,0
04/10/2019,09:15,504.31,5.08,0.17,0,0,41.94,0.12,0,0,0.45,34.06,90,0
04/10/2019,09:16,930.69,5.27,0.18,0,0,43.48,0.12,0,0,0.45,34.75,90,0
04/10/2019,09:17,321.86,5.45,0.18,0,0,44.93,0.12,0,0,0.44,34.56,90,0
04/10/2019,09:18,304.02,5.51,0.18,0,0,45.5,0.13,0,0,0.44,32.88,135,0
04/10/2019,09:19,335.75,5.95,0.2,0,0,49.06,0.13,0,0,0.44,32.44,90,0
04/10/2019,09:20,432.92,5.61,0.19,0,0,46.3,0.13,0,0,0.44,32.44,90,0
04/10/2019,09:21,335.75,6.13,0.2,0,0,50.59,0.14,0,0,0.43,32.81,90,0
04/10/2019,09:22,359.54,5.65,0.19,0,0,46.59,0.13,0,0,0.44,33.06,90,0
04/10/2019,09:23,756.17,6.25,0.21,0,0,51.52,0.14,0,0,0.42,33.69,90,0
04/10/2019,09:24,567.77,5.65,0.19,0,0,46.65,0.13,0,0,0.43,34.38,90,0
04/10/2019,09:25,363.51,5.8,0.19,0,0,47.83,0.13,0,0,0.42,33.38,90,0
04/10/2019,09:26,379.38,5.96,0.2,0,0,49.21,0.14,0,0,0.44,32.88,90,0
04/10/2019,09:27,1002.08,6.29,0.21,0,0,51.89,0.14,0,0,0.43,34.12,90,0
04/10/2019,09:28,1067.53,6.09,0.2,0,0,50.23,0.14,0,0,0.43,34.69,90,0
04/10/2019,09:29,738.32,7.14,0.24,0,0,58.89,0.16,0,0,0.45,35,90,0
04/10/2019,09:30,484.48,6.52,0.22,0,0,53.77,0.15,0,0,0.43,33.88,135,0
04/10/2019,09:31,1061.58,6.52,0.22,0,0,53.78,0.15,0,0,0.43,34.69,180,0
04/10/2019,09:32,889.04,6.08,0.2,0,0,50.19,0.14,0,0,0.43,35.31,90,0
04/10/2019,09:33,494.4,8.83,0.29,0,0,72.82,0.2,0,0,0.45,35.31,90,0
04/10/2019,09:34,474.57,10.33,0.34,0,0,85.19,0.23,0,0,0.45,34.5,135,0
04/10/2019,09:35,504.31,7.33,0.24,0,0,60.45,0.17,0,0,0.44,35.19,90,0
04/10/2019,09:36,611.4,6.91,0.23,0,0,56.99,0.16,0,0,0.42,34.81,45,0
04/10/2019,09:37,680.81,6.4,0.21,0,0,52.83,0.15,0,0,0.43,34.5,45,0
04/10/2019,09:38,532.08,7.56,0.25,0,0,62.39,0.17,0,0,0.44,33.25,45,0
04/10/2019,09:39,625.29,6.91,0.23,0,0,57.01,0.16,0,0,0.43,34.25,45,0
04/10/2019,09:40,912.84,6.25,0.21,0,0,51.54,0.14,0,0,0.43,34.56,0,0
04/10/2019,09:41,1002.08,7.44,0.25,0,0,61.37,0.17,0,0,0.44,34.56,90,0
04/10/2019,09:42,1004.07,7.82,0.26,0,0,64.51,0.18,0,0,0.43,35.25,135,0
04/10/2019,09:43,990.18,8.17,0.27,0,0,67.39,0.19,0,0,0.43,34.88,135,0
04/10/2019,09:44,966.39,6.77,0.23,0,0,55.88,0.15,0,0,0.46,35.5,135,0
04/10/2019,09:45,956.47,6.5,0.22,0,0,53.6,0.15,0,0,0.42,35.56,45,0
04/10/2019,09:46,696.68,6.38,0.21,0,0,52.67,0.14,0,0,0.44,35.62,90,0
04/10/2019,09:47,611.4,6.67,0.22,0,0,55.01,0.15,0,0,0.43,34.75,90,0
04/10/2019,09:48,889.04,6.63,0.22,0,0,54.69,0.15,0,0,0.44,35.56,315,0
04/10/2019,09:49,891.03,5.97,0.2,0,0,49.23,0.14,0,0,0.45,36.31,0,0
04/10/2019,09:50,514.23,6.43,0.21,0,0,53.03,0.15,0,0,0.43,34.19,45,0
04/10/2019,09:51,950.52,5.91,0.2,0,0,48.76,0.13,0,0,0.44,34.5,135,0
04/10/2019,09:52,954.49,6.32,0.21,0,0,52.18,0.14,0,0,0.42,35.56,0,0
04/10/2019,09:53,936.64,5.59,0.19,0,0,46.09,0.13,0,0,0.46,34.5,0,0
04/10/2019,09:54,847.4,5.32,0.18,0,0,43.9,0.12,0,0,0.45,34.69,45,0
04/10/2019,09:55,837.48,5.13,0.17,0,0,42.34,0.12,0,0,0.43,36.44,180,0
04/10/2019,09:56,914.82,5.45,0.18,0,0,44.92,0.12,0,0,0.44,36.31,0,0
04/10/2019,09:57,930.69,5.46,0.18,0,0,45.02,0.12,0,0,0.43,36.56,45,0
04/10/2019,09:58,910.86,5.94,0.2,0,0,48.97,0.13,0,0,0.44,35.44,45,0
04/10/2019,09:59,896.98,5.3,0.18,0,0,43.69,0.12,0,0,0.45,36.12,0,0
04/10/2019,10:00,896.98,4.86,0.16,0,0,40.11,0.11,0,0,0.44,36.31,45,0
04/10/2019,10:01,891.03,5.33,0.18,0,0,43.98,0.12,0,0,0.43,36.31,45,0
04/10/2019,10:02,885.08,5.22,0.17,0,0,43.03,0.12,0,0,0.43,35.19,90,0
04/10/2019,10:03,894.99,5.4,0.18,0,0,44.52,0.12,0,0,0.43,35.75,135,0
04/10/2019,10:04,898.96,5.48,0.18,0,0,45.18,0.12,0,0,0.42,36,45,0
04/10/2019,10:05,881.11,4.46,0.15,0,0,36.77,0.1,0,0,0.42,34.88,45,0
04/10/2019,10:06,883.09,4.86,0.16,0,0,40.08,0.11,0,0,0.41,35.38,45,0
04/10/2019,10:07,891.03,5.14,0.17,0,0,42.39,0.12,0,0,0.43,35.56,90,0
04/10/2019,10:08,894.99,5.99,0.2,0,0,49.45,0.14,0,0,0.43,35.31,180,0
04/10/2019,10:09,891.03,4.82,0.16,0,0,39.78,0.11,0,0,0.43,35,180,0
04/10/2019,10:10,883.09,5.02,0.17,0,0,41.39,0.11,0,0,0.43,35.5,90,0
04/10/2019,10:11,885.08,5.74,0.19,0,0,47.36,0.13,0,0,0.43,35.19,90,0
04/10/2019,10:12,885.08,5.49,0.18,0,0,45.3,0.12,0,0,0.44,35.56,90,0
04/10/2019,10:13,891.03,5.28,0.18,0,0,43.56,0.12,0,0,0.43,37.44,270,0
04/10/2019,10:14,891.03,5.55,0.18,0,0,45.75,0.13,0,0,0.44,36.88,135,0
04/10/2019,10:15,885.08,5.99,0.2,0,0,49.39,0.14,0,0,0.44,36.75,45,0
04/10/2019,10:16,904.91,4.73,0.16,0,0,38.99,0.11,0,0,0.43,36.62,315,0
04/10/2019,10:17,898.96,4.56,0.15,0,0,37.62,0.1,0,0,0.44,36.81,0,0
04/10/2019,10:18,900.94,6.01,0.2,0,0,49.56,0.14,0,0,0.43,35.69,0,0
04/10/2019,10:19,902.93,5.15,0.17,0,0,42.5,0.12,0,0,0.45,34.81,45,0
04/10/2019,10:20,900.94,4.94,0.16,0,0,40.73,0.11,0,0,0.44,35.19,135,0
04/10/2019,10:21,894.99,5.07,0.17,0,0,41.84,0.11,0,0,0.44,35.38,180,0
04/10/2019,10:22,902.93,4.94,0.16,0,0,40.79,0.11,0,0,0.42,35.88,225,0
04/10/2019,10:23,904.91,4.5,0.15,0,0,37.16,0.1,0,0,0.41,36.25,225,0
04/10/2019,10:24,908.87,4.67,0.16,0,0,38.53,0.11,0,0,0.42,37.56,225,0
04/10/2019,10:25,908.87,5.11,0.17,0,0,42.13,0.12,0,0,0.43,37.31,0,0
04/10/2019,10:26,910.86,4.89,0.16,0,0,40.32,0.11,0,0,0.43,38.56,270,0
04/10/2019,10:27,912.84,4.77,0.16,0,0,39.34,0.11,0,0,0.43,39.06,225,0
04/10/2019,10:28,912.84,4.89,0.16,0,0,40.37,0.11,0,0,0.41,37.44,90,0
04/10/2019,10:29,922.76,5.03,0.17,0,0,41.48,0.11,0,0,0.42,37,135,0
04/10/2019,10:30,918.79,5.38,0.18,0,0,44.36,0.12,0,0,0.43,37.56,45,0
04/10/2019,10:31,926.72,5.39,0.18,0,0,44.45,0.12,0,0,0.43,36.19,0,0
04/10/2019,10:32,912.84,5.87,0.2,0,0,48.41,0.13,0,0,0.43,35.31,45,0
04/10/2019,10:33,916.81,5.59,0.19,0,0,46.14,0.13,0,0,0.42,35.69,45,0
04/10/2019,10:34,920.77,5.4,0.18,0,0,44.52,0.12,0,0,0.44,36.12,0,0
04/10/2019,10:35,928.71,4.91,0.16,0,0,40.54,0.11,0,0,0.44,35.25,45,0
04/10/2019,10:36,934.66,5.51,0.18,0,0,45.47,0.12,0,0,0.44,35.62,45,0
04/10/2019,10:37,930.69,5.33,0.18,0,0,44.01,0.12,0,0,0.43,35.44,90,0
04/10/2019,10:38,926.72,5.08,0.17,0,0,41.92,0.12,0,0,0.44,35.38,135,0
04/10/2019,10:39,936.64,5.09,0.17,0,0,42.03,0.12,0,0,0.43,36,135,0
04/10/2019,10:40,934.66,4.78,0.16,0,0,39.46,0.11,0,0,0.43,36.38,45,0
04/10/2019,10:41,926.72,5.83,0.19,0,0,48.09,0.13,0,0,0.45,36,0,0
04/10/2019,10:42,928.71,4.6,0.15,0,0,37.93,0.1,0,0,0.43,35.81,90,0
04/10/2019,10:43,932.67,5.22,0.17,0,0,43.09,0.12,0,0,0.43,36.12,45,0
04/10/2019,10:44,940.61,5.06,0.17,0,0,41.77,0.11,0,0,0.42,35.81,0,0
04/10/2019,10:45,934.66,4.61,0.15,0,0,38.06,0.1,0,0,0.41,36.12,45,0
04/10/2019,10:46,942.59,5.18,0.17,0,0,42.73,0.12,0,0,0.42,35.06,0,0
04/10/2019,10:47,950.52,4.7,0.16,0,0,38.8,0.11,0,0,0.41,35.44,90,0
04/10/2019,10:48,942.59,4.93,0.16,0,0,40.66,0.11,0,0,0.41,35.88,45,0
04/10/2019,10:49,936.64,5.04,0.17,0,0,41.55,0.11,0,0,0.4,35.88,90,0
04/10/2019,10:50,944.57,4.84,0.16,0,0,39.97,0.11,0,0,0.4,35.38,90,0
04/10/2019,10:51,936.64,4.91,0.16,0,0,40.49,0.11,0,0,0.41,35.56,90,0
04/10/2019,10:52,934.66,5.61,0.19,0,0,46.27,0.13,0,0,0.42,35.56,90,0
04/10/2019,10:53,922.76,5.04,0.17,0,0,41.61,0.11,0,0,0.43,35.69,180,0
04/10/2019,10:54,926.72,5.24,0.17,0,0,43.24,0.12,0,0,0.44,36,180,0
04/10/2019,10:55,932.67,4.83,0.16,0,0,39.84,0.11,0,0,0.44,36.56,90,0
04/10/2019,10:56,932.67,5.56,0.19,0,0,45.88,0.13,0,0,0.44,36.25,135,0
04/10/2019,10:57,928.71,4.98,0.17,0,0,41.09,0.11,0,0,0.43,36.69,90,0
04/10/2019,10:58,948.54,5.54,0.18,0,0,45.7,0.13,0,0,0.44,35.62,90,0
04/10/2019,10:59,952.5,5.39,0.18,0,0,44.48,0.12,0,0,0.44,36.88,180,0
04/10/2019,11:00,956.47,5.44,0.18,0,0,44.87,0.12,0,0,0.44,36.44,0,0
04/10/2019,11:01,948.54,5.28,0.18,0,0,43.53,0.12,0,0,0.46,35.69,45,0
04/10/2019,11:02,962.42,5.9,0.2,0,0,48.68,0.13,0,0,0.46,36.19,90,0
04/10/2019,11:03,968.37,6.05,0.2,0,0,49.89,0.14,0,0,0.44,37.62,225,0
04/10/2019,11:04,972.34,5.43,0.18,0,0,44.83,0.12,0,0,0.44,36.75,45,0
04/10/2019,11:05,974.32,6.03,0.2,0,0,49.78,0.14,0,0,0.44,36.69,0,0
04/10/2019,11:06,972.34,5,0.17,0,0,41.27,0.11,0,0,0.43,37.5,45,0
04/10/2019,11:07,976.3,5.25,0.17,0,0,43.32,0.12,0,0,0.42,37.5,45,0
04/10/2019,11:08,968.37,4.94,0.16,0,0,40.75,0.11,0,0,0.43,37.56,0,0
04/10/2019,11:09,960.44,5.6,0.19,0,0,46.19,0.13,0,0,0.42,36.38,45,0
04/10/2019,11:10,968.37,5.06,0.17,0,0,41.72,0.11,0,0,0.41,36.06,0,0
04/10/2019,11:11,974.32,5.48,0.18,0,0,45.24,0.12,0,0,0.42,36.69,90,0
04/10/2019,11:12,960.44,5.2,0.17,0,0,42.94,0.12,0,0,0.41,37.75,45,0
04/10/2019,11:13,972.34,5.08,0.17,0,0,41.93,0.12,0,0,0.41,38.06,270,0
04/10/2019,11:14,970.35,6.4,0.21,0,0,52.84,0.15,0,0,0.43,37.62,90,0
04/10/2019,11:15,980.27,5.67,0.19,0,0,46.76,0.13,0,0,0.44,38.62,0,0
04/10/2019,11:16,986.22,5.16,0.17,0,0,42.54,0.12,0,0,0.44,38.19,45,0
04/10/2019,11:17,988.2,5.15,0.17,0,0,42.46,0.12,0,0,0.43,36.56,135,0
04/10/2019,11:18,990.18,5.78,0.19,0,0,47.67,0.13,0,0,0.43,37.25,90,0
04/10/2019,11:19,998.12,5.4,0.18,0,0,44.59,0.12,0,0,0.43,37.06,45,0
04/10/2019,11:20,996.13,5.02,0.17,0,0,41.4,0.11,0,0,0.44,36.5,0,0
04/10/2019,11:21,1000.1,5.39,0.18,0,0,44.47,0.12,0,0,0.45,37,270,0
04/10/2019,11:22,1008.03,5.1,0.17,0,0,42.1,0.12,0,0,0.44,38.06,225,0
04/10/2019,11:23,1008.03,5.08,0.17,0,0,41.93,0.12,0,0,0.44,38.75,315,0
04/10/2019,11:24,1013.98,4.83,0.16,0,0,39.85,0.11,0,0,0.45,38.25,270,0
04/10/2019,11:25,1013.98,5.21,0.17,0,0,42.99,0.12,0,0,0.45,38.31,315,0
04/10/2019,11:26,1021.91,5.13,0.17,0,0,42.31,0.12,0,0,0.45,37.06,270,0
04/10/2019,11:27,1031.83,4.92,0.16,0,0,40.61,0.11,0,0,0.45,37.94,45,0
04/10/2019,11:28,1037.78,4.78,0.16,0,0,39.46,0.11,0,0,0.43,37.12,0,0
04/10/2019,11:29,1031.83,4.69,0.16,0,0,38.71,0.11,0,0,0.43,38,45,0
04/10/2019,11:30,1037.78,4.51,0.15,0,0,37.24,0.1,0,0,0.42,37.94,90,0
04/10/2019,11:31,1041.75,4.3,0.14,0,0,35.49,0.1,0,0,0.43,37.94,0,0
04/10/2019,11:32,1055.63,5.14,0.17,0,0,42.41,0.12,0,0,0.44,36.56,45,0
04/10/2019,11:33,1043.73,4.56,0.15,0,0,37.61,0.1,0,0,0.43,37.81,315,0
04/10/2019,11:34,1069.51,4.5,0.15,0,0,37.14,0.1,0,0,0.43,38,270,0
04/10/2019,11:35,355.58,4.61,0.15,0,0,38,0.1,0,0,0.43,38.44,225,0
04/10/2019,11:36,220.72,4.55,0.15,0,0,37.55,0.1,0,0,0.44,36.75,315,0
04/10/2019,11:37,218.74,4.67,0.16,0,0,38.53,0.11,0,0,0.44,36.75,315,0
04/10/2019,11:38,224.69,5.25,0.17,0,0,43.3,0.12,0,0,0.43,36.94,225,0
04/10/2019,11:39,236.59,4.56,0.15,0,0,37.58,0.1,0,0,0.44,36.75,270,0
04/10/2019,11:40,335.75,3.78,0.13,0,0,31.22,0.09,0,0,0.44,36.69,225,0
04/10/2019,11:41,730.39,4.72,0.16,0,0,38.97,0.11,0,0,0.45,36.75,270,0
04/10/2019,11:42,779.97,4.71,0.16,0,0,38.85,0.11,0,0,0.45,37.12,270,0
04/10/2019,11:43,1101.24,4.82,0.16,0,0,39.77,0.11,0,0,0.43,37.88,225,0
04/10/2019,11:44,1119.09,4.94,0.16,0,0,40.76,0.11,0,0,0.45,38.12,225,0
04/10/2019,11:45,1119.09,4.35,0.14,0,0,35.86,0.1,0,0,0.45,38.38,225,0
04/10/2019,11:46,883.09,4.44,0.15,0,0,36.6,0.1,0,0,0.45,37.31,225,0
04/10/2019,11:47,1129,4.51,0.15,0,0,37.2,0.1,0,0,0.44,37.75,225,0
04/10/2019,11:48,536.04,4.93,0.16,0,0,40.7,0.11,0,0,0.44,37.88,225,0
04/10/2019,11:49,472.58,4.33,0.14,0,0,35.75,0.1,0,0,0.43,38.25,225,0
04/10/2019,11:50,637.18,5.12,0.17,0,0,42.24,0.12,0,0,0.43,38.12,225,0
04/10/2019,11:51,296.08,3.79,0.13,0,0,31.29,0.09,0,0,0.44,37.75,270,0
04/10/2019,11:52,599.5,4.34,0.14,0,0,35.77,0.1,0,0,0.44,37.69,180,0
04/10/2019,11:53,530.09,4.96,0.16,0,0,40.91,0.11,0,0,0.44,38.62,135,0
04/10/2019,11:54,506.3,4.17,0.14,0,0,34.39,0.09,0,0,0.42,38.12,225,0
04/10/2019,11:55,341.7,4.95,0.16,0,0,40.82,0.11,0,0,0.44,37.44,225,0
04/10/2019,11:56,339.71,5.78,0.19,0,0,47.65,0.13,0,0,0.43,36.38,0,0
04/10/2019,11:57,353.59,5.11,0.17,0,0,42.16,0.12,0,0,0.42,36.25,315,0
04/10/2019,11:58,329.8,4.55,0.15,0,0,37.54,0.1,0,0,0.43,35.88,0,0
04/10/2019,11:59,304.02,5.01,0.17,0,0,41.36,0.11,0,0,0.42,35.44,45,0
04/10/2019,12:00,309.97,5.71,0.19,0,0,47.11,0.13,0,0,0.42,34.81,45,0
04/10/2019,12:01,302.03,5.46,0.18,0,0,45.02,0.12,0,0,0.43,34.88,45,0
04/10/2019,12:02,313.93,5.16,0.17,0,0,42.61,0.12,0,0,0.42,35,45,0
04/10/2019,12:03,325.83,5.33,0.18,0,0,43.99,0.12,0,0,0.43,35.75,315,0
04/10/2019,12:04,331.78,5.13,0.17,0,0,42.35,0.12,0,0,0.43,35.5,45,0
04/10/2019,12:05,1063.56,4.84,0.16,0,0,39.93,0.11,0,0,0.43,37.06,315,0
04/10/2019,12:06,1075.46,4.03,0.13,0,0,33.23,0.09,0,0,0.44,38.25,225,0
04/10/2019,12:07,1021.91,4.88,0.16,0,0,40.26,0.11,0,0,0.44,38.12,225,0
04/10/2019,12:08,325.83,5.03,0.17,0,0,41.53,0.11,0,0,0.44,37.06,225,0
04/10/2019,12:09,557.86,5.41,0.18,0,0,44.63,0.12,0,0,0.44,37.5,270,0
04/10/2019,12:10,599.5,5.34,0.18,0,0,44.02,0.12,0,0,0.42,37.81,270,0
04/10/2019,12:11,272.29,4.8,0.16,0,0,39.57,0.11,0,0,0.43,38.25,225,0
04/10/2019,12:12,220.72,4.96,0.17,0,0,40.91,0.11,0,0,0.44,37.62,180,0
04/10/2019,12:13,188.99,4.71,0.16,0,0,38.89,0.11,0,0,0.44,36.69,180,0
04/10/2019,12:14,169.16,4.26,0.14,0,0,35.11,0.1,0,0,0.43,36.31,45,0
04/10/2019,12:15,149.33,4.56,0.15,0,0,37.66,0.1,0,0,0.44,35.62,0,0
04/10/2019,12:16,147.35,4.51,0.15,0,0,37.22,0.1,0,0,0.44,35.44,315,0
04/10/2019,12:17,149.33,4.61,0.15,0,0,38.06,0.1,0,0,0.44,35.25,0,0
04/10/2019,12:18,129.5,4.69,0.16,0,0,38.67,0.11,0,0,0.42,34.75,45,0
04/10/2019,12:19,137.43,5.02,0.17,0,0,41.41,0.11,0,0,0.41,34.81,45,0
04/10/2019,12:20,131.48,4.53,0.15,0,0,37.34,0.1,0,0,0.42,34.88,0,0
04/10/2019,12:21,123.55,4.87,0.16,0,0,40.17,0.11,0,0,0.45,34.88,0,0
04/10/2019,12:22,131.48,4.86,0.16,0,0,40.13,0.11,0,0,0.45,34.62,0,0
04/10/2019,12:23,115.62,4.78,0.16,0,0,39.42,0.11,0,0,0.44,34.69,270,0
04/10/2019,12:24,119.58,4.54,0.15,0,0,37.47,0.1,0,0,0.43,33.56,315,0
04/10/2019,12:25,107.68,5.72,0.19,0,0,47.18,0.13,0,0,0.44,32.25,0,0
04/10/2019,12:26,119.58,5.41,0.18,0,0,44.62,0.12,0,0,0.44,32.19,45,0
04/10/2019,12:27,123.55,5.57,0.19,0,0,45.93,0.13,0,0,0.44,32.25,45,0
04/10/2019,12:28,113.63,5.26,0.18,0,0,43.4,0.12,0,0,0.43,32.06,0,0
04/10/2019,12:29,105.7,8.06,0.27,0,0,66.48,0.18,0,0,0.48,31.31,0,0
04/10/2019,12:30,103.72,4.44,0.15,0,0,36.67,0.1,0,0,0.48,30,0,0
04/10/2019,12:31,105.7,6.34,0.21,0,0,52.32,0.14,0,0,0.53,25.75,0,0
04/10/2019,12:32,127.52,5.25,0.17,0,0,43.32,0.12,0,0,0.5,23.38,45,0
04/10/2019,12:33,131.48,5.49,0.18,0,0,45.3,0.12,0,0,0.49,23.38,45,0
04/10/2019,12:34,121.57,5.19,0.17,0,0,42.81,0.12,0,0,0.49,23.12,45,0
04/10/2019,12:35,121.57,5.68,0.19,0,0,46.83,0.13,0,0,0.47,23.12,0,0
04/10/2019,12:36,119.58,4.62,0.15,0,0,38.15,0.1,0,0,0.45,22.94,315,0
04/10/2019,12:37,115.62,3.73,0.12,0,0,30.8,0.08,0,0,0.46,23.44,90,0
04/10/2019,12:38,111.65,3.86,0.13,0,0,31.89,0.09,0,0,0.46,24.44,0,0
04/10/2019,12:39,107.68,3.74,0.12,0,0,30.85,0.08,0,0,0.48,25.88,270,0
04/10/2019,12:40,105.7,4.71,0.16,0,0,38.88,0.11,0,0,0.47,26.06,225,0
04/10/2019,12:41,99.75,4.37,0.15,0,0,36.09,0.1,0,0,0.48,26.69,225,0
04/10/2019,12:42,99.75,4.3,0.14,0,0,35.47,0.1,0,0,0.48,27.25,0,0
04/10/2019,12:43,93.8,4.1,0.14,0,0,33.85,0.09,0,0,0.46,27.62,180,0
04/10/2019,12:44,83.89,4.46,0.15,0,0,36.82,0.1,0,0,0.45,27.94,0,0
04/10/2019,12:45,77.94,4.64,0.15,0,0,38.26,0.11,0,0,0.45,27.94,315,0
04/10/2019,12:46,77.94,4.95,0.16,0,0,40.85,0.11,0,0,0.46,28.12,0,0
04/10/2019,12:47,71.99,4.36,0.14,0,0,35.93,0.1,0,0,0.46,28.12,45,0
04/10/2019,12:48,83.89,6.52,0.22,0,0,53.81,0.15,0,0,0.48,28,45,0
04/10/2019,12:49,87.85,6.75,0.22,0,0,55.71,0.15,0,0,0.49,28,45,0
04/10/2019,12:50,77.94,6.02,0.2,0,0,49.64,0.14,0,0,0.5,27.69,315,0
04/10/2019,12:51,83.89,5.79,0.19,0,0,47.78,0.13,0,0,0.47,27.44,0,0
04/10/2019,12:52,85.87,5.78,0.19,0,0,47.67,0.13,0,0,0.46,27.25,0,0
04/10/2019,12:53,83.89,4.77,0.16,0,0,39.37,0.11,0,0,0.48,25.88,45,0
04/10/2019,12:54,87.85,5.18,0.17,0,0,42.71,0.12,0,0,0.49,25.06,0,0
04/10/2019,12:55,87.85,5.6,0.19,0,0,46.19,0.13,0,0,0.48,24.38,315,0
04/10/2019,12:56,87.85,4.78,0.16,0,0,39.4,0.11,0,0,0.47,23,45,0
04/10/2019,12:57,79.92,5.3,0.18,0,0,43.7,0.12,0,0,0.45,22.44,90,0
04/10/2019,12:58,83.89,4.21,0.14,0,0,34.73,0.1,0,0,0.46,21.44,90,0
04/10/2019,12:59,81.9,4.05,0.13,0,0,33.43,0.09,0,0,0.46,21.06,45,0
04/10/2019,13:00,81.9,4.47,0.15,0,0,36.91,0.1,0,0,0.46,20.81,45,0
04/10/2019,13:01,79.92,3.53,0.12,0,0,29.14,0.08,0,0,0.48,20.62,90,0
04/10/2019,13:02,79.92,4.96,0.16,0,0,40.88,0.11,0,0,0.48,20.19,135,0
04/10/2019,13:03,89.84,4.84,0.16,0,0,39.95,0.11,0,0,0.49,20.44,180,0
04/10/2019,13:04,91.82,5.07,0.17,0,0,41.86,0.12,0,0,0.5,20.69,270,0
04/10/2019,13:05,97.77,4.65,0.15,0,0,38.34,0.11,0,0,0.5,20.81,315,0
04/10/2019,13:06,105.7,5.44,0.18,0,0,44.89,0.12,0,0,0.5,20.81,0,0
04/10/2019,13:07,105.7,4.79,0.16,0,0,39.5,0.11,0,0,0.47,21.19,270,0
04/10/2019,13:08,121.57,4.1,0.14,0,0,33.79,0.09,0,0,0.46,21.12,315,0
04/10/2019,13:09,119.58,5.2,0.17,0,0,42.93,0.12,0,0,0.48,21.44,315,0
04/10/2019,13:10,121.57,4.72,0.16,0,0,38.91,0.11,0,0,0.5,21.44,270,0
04/10/2019,13:11,133.47,4.51,0.15,0,0,37.21,0.1,0,0,0.47,21.56,225,0
04/10/2019,13:12,127.52,3.86,0.13,0,0,31.87,0.09,0,0,0.47,21.56,225,0
04/10/2019,13:13,141.4,4.47,0.15,0,0,36.87,0.1,0,0,0.49,21.69,270,0
04/10/2019,13:14,143.38,3.96,0.13,0,0,32.7,0.09,0,0,0.48,21.62,270,0
04/10/2019,13:15,159.25,4.27,0.14,0,0,35.19,0.1,0,0,0.47,22.12,270,0
04/10/2019,13:16,159.25,4.86,0.16,0,0,40.08,0.11,0,0,0.46,22.5,270,0
04/10/2019,13:17,167.18,4.27,0.14,0,0,35.21,0.1,0,0,0.46,22.88,270,0
04/10/2019,13:18,173.13,5.1,0.17,0,0,42.11,0.12,0,0,0.45,23.06,270,0
04/10/2019,13:19,175.11,4.68,0.16,0,0,38.58,0.11,0,0,0.46,23.25,270,0
04/10/2019,13:20,169.16,4.95,0.16,0,0,40.84,0.11,0,0,0.45,23.38,270,0
04/10/2019,13:21,175.11,4.76,0.16,0,0,39.26,0.11,0,0,0.45,23.75,270,0
04/10/2019,13:22,188.99,4.55,0.15,0,0,37.53,0.1,0,0,0.45,23.88,180,0
04/10/2019,13:23,188.99,4.68,0.16,0,0,38.59,0.11,0,0,0.45,24.25,180,0
04/10/2019,13:24,208.83,4.32,0.14,0,0,35.66,0.1,0,0,0.44,24.44,180,0
04/10/2019,13:25,202.88,4.07,0.14,0,0,33.59,0.09,0,0,0.45,24.62,180,0
04/10/2019,13:26,192.96,4.36,0.15,0,0,35.98,0.1,0,0,0.44,25,180,0
04/10/2019,13:27,208.83,4.32,0.14,0,0,35.65,0.1,0,0,0.43,25.25,180,0
04/10/2019,13:28,216.76,4.6,0.15,0,0,37.94,0.1,0,0,0.45,25.69,180,0
04/10/2019,13:29,214.77,4.59,0.15,0,0,37.9,0.1,0,0,0.44,26.38,180,0
04/10/2019,13:30,222.71,3.91,0.13,0,0,32.3,0.09,0,0,0.46,26.69,180,0
04/10/2019,13:31,228.66,4.54,0.15,0,0,37.45,0.1,0,0,0.47,26.56,180,0
04/10/2019,13:32,242.54,4.08,0.14,0,0,33.64,0.09,0,0,0.49,26.56,180,0
04/10/2019,13:33,250.47,4.28,0.14,0,0,35.31,0.1,0,0,0.48,26.44,45,0
04/10/2019,13:34,264.35,4.46,0.15,0,0,36.77,0.1,0,0,0.48,26.25,45,0
04/10/2019,13:35,266.34,6.5,0.22,0,0,53.59,0.15,0,0,0.49,26.38,45,0
04/10/2019,13:36,294.1,5.68,0.19,0,0,46.87,0.13,0,0,0.45,26.25,45,0
04/10/2019,13:37,290.13,6.03,0.2,0,0,49.72,0.14,0,0,0.46,26.62,45,0
04/10/2019,13:38,309.97,7.28,0.24,0,0,60.03,0.16,0,0,0.47,26.75,90,0
04/10/2019,13:39,321.86,6.63,0.22,0,0,54.73,0.15,0,0,0.47,27.12,90,0
04/10/2019,13:40,341.7,6.12,0.2,0,0,50.48,0.14,0,0,0.48,27.62,90,0
04/10/2019,13:41,371.44,6.33,0.21,0,0,52.2,0.14,0,0,0.47,28,90,0
04/10/2019,13:42,395.24,6.34,0.21,0,0,52.32,0.14,0,0,0.47,27.88,45,0
04/10/2019,13:43,438.87,5.91,0.2,0,0,48.72,0.13,0,0,0.48,28.06,45,0
04/10/2019,13:44,401.19,5.72,0.19,0,0,47.22,0.13,0,0,0.47,27.94,45,0
04/10/2019,13:45,504.31,6.67,0.22,0,0,55.03,0.15,0,0,0.5,28.44,45,0
04/10/2019,13:46,355.58,6.55,0.22,0,0,54.07,0.15,0,0,0.47,28.75,45,0
04/10/2019,13:47,381.36,6.69,0.22,0,0,55.19,0.15,0,0,0.5,29,90,0
04/10/2019,13:48,399.21,7.03,0.23,0,0,58,0.16,0,0,0.51,29.12,90,0
04/10/2019,13:49,442.84,6.97,0.23,0,0,57.47,0.16,0,0,0.49,29.25,90,0
04/10/2019,13:50,831.53,6.04,0.2,0,0,49.85,0.14,0,0,0.48,29.38,45,0
04/10/2019,13:51,1093.31,6.79,0.23,0,0,55.98,0.15,0,0,0.49,29.75,45,0
04/10/2019,13:52,1101.24,6.85,0.23,0,0,56.5,0.16,0,0,0.47,30,45,0
04/10/2019,13:53,506.3,6.66,0.22,0,0,54.91,0.15,0,0,0.47,30,45,0
04/10/2019,13:54,498.36,6.91,0.23,0,0,57,0.16,0,0,0.48,29.75,90,0
04/10/2019,13:55,452.75,6.31,0.21,0,0,52.09,0.14,0,0,0.47,29.69,0,0
04/10/2019,13:56,645.12,7.35,0.24,0,0,60.63,0.17,0,0,0.48,30,45,0
04/10/2019,13:57,698.66,6.37,0.21,0,0,52.56,0.14,0,0,0.46,30,45,0
04/10/2019,13:58,662.97,7.19,0.24,0,0,59.33,0.16,0,0,0.46,29.88,45,0
04/10/2019,13:59,1031.83,6.91,0.23,0,0,56.97,0.16,0,0,0.45,30.5,45,0
04/10/2019,14:00,545.96,5.94,0.2,0,0,48.98,0.13,0,0,0.45,31.19,90,0
04/10/2019,14:01,426.97,6.04,0.2,0,0,49.8,0.14,0,0,0.44,31.12,45,0
04/10/2019,14:02,421.02,5.76,0.19,0,0,47.55,0.13,0,0,0.46,31.31,135,0
04/10/2019,14:03,530.09,5.51,0.18,0,0,45.43,0.12,0,0,0.46,31.5,90,0
04/10/2019,14:04,405.16,5.4,0.18,0,0,44.53,0.12,0,0,0.46,31.5,90,0
04/10/2019,14:05,599.5,5.47,0.18,0,0,45.12,0.12,0,0,0.45,31.5,90,0
04/10/2019,14:06,647.1,5.3,0.18,0,0,43.75,0.12,0,0,0.46,31.88,90,0
04/10/2019,14:07,478.53,5.52,0.18,0,0,45.55,0.13,0,0,0.44,32.31,0,0
04/10/2019,14:08,468.62,5.48,0.18,0,0,45.18,0.12,0,0,0.43,32.19,45,0
04/10/2019,14:09,534.06,5.41,0.18,0,0,44.62,0.12,0,0,0.44,32.31,45,0
04/10/2019,14:10,565.79,5.59,0.19,0,0,46.15,0.13,0,0,0.45,32.62,45,0
04/10/2019,14:11,498.36,5.14,0.17,0,0,42.39,0.12,0,0,0.45,33.44,45,0
04/10/2019,14:12,405.16,5.44,0.18,0,0,44.9,0.12,0,0,0.45,33.69,315,0
04/10/2019,14:13,401.19,5.15,0.17,0,0,42.48,0.12,0,0,0.44,34.19,315,0
04/10/2019,14:14,385.32,5.09,0.17,0,0,41.97,0.12,0,0,0.44,34.81,315,0
04/10/2019,14:15,385.32,5.44,0.18,0,0,44.86,0.12,0,0,0.43,34.94,270,0
04/10/2019,14:16,381.36,5.61,0.19,0,0,46.27,0.13,0,0,0.42,35,270,0
04/10/2019,14:17,367.48,4.8,0.16,0,0,39.62,0.11,0,0,0.43,35.31,270,0
04/10/2019,14:18,357.56,4.92,0.16,0,0,40.6,0.11,0,0,0.43,35.31,270,0
04/10/2019,14:19,349.63,4.7,0.16,0,0,38.8,0.11,0,0,0.43,35.5,270,0
04/10/2019,14:20,349.63,5.05,0.17,0,0,41.64,0.11,0,0,0.43,35.19,270,0
04/10/2019,14:21,333.76,5.93,0.2,0,0,48.9,0.13,0,0,0.43,34.75,270,0
04/10/2019,14:22,323.85,5.31,0.18,0,0,43.78,0.12,0,0,0.45,34.69,225,0
04/10/2019,14:23,298.07,5.31,0.18,0,0,43.79,0.12,0,0,0.43,33.94,315,0
04/10/2019,14:24,307.98,5.87,0.2,0,0,48.41,0.13,0,0,0.44,33.88,270,0
04/10/2019,14:26,268.32,5.87,0.2,0,0,48.43,0.13,0,0,0.43,33.19,225,0
04/10/2019,14:27,258.4,5.41,0.18,0,0,44.67,0.12,0,0,0.43,33.38,270,0
04/10/2019,14:28,260.39,5.01,0.17,0,0,41.36,0.11,0,0,0.44,33.31,270,0
04/10/2019,14:29,226.67,6.03,0.2,0,0,49.71,0.14,0,0,0.46,33.69,270,0
04/10/2019,14:30,192.96,5.6,0.19,0,0,46.23,0.13,0,0,0.46,33.5,270,0
04/10/2019,14:31,159.25,5.65,0.19,0,0,46.62,0.13,0,0,0.45,33.62,270,0
04/10/2019,14:32,143.38,6.07,0.2,0,0,50.07,0.14,0,0,0.46,33.38,270,0
04/10/2019,14:33,141.4,5.61,0.19,0,0,46.28,0.13,0,0,0.46,33.5,270,0
04/10/2019,14:34,123.55,6.11,0.2,0,0,50.4,0.14,0,0,0.45,33.38,270,0
04/10/2019,14:35,105.7,6.67,0.22,0,0,54.99,0.15,0,0,0.44,33.12,315,0
04/10/2019,14:36,113.63,6.46,0.21,0,0,53.29,0.15,0,0,0.45,32.75,270,0
04/10/2019,14:37,131.48,5.75,0.19,0,0,47.41,0.13,0,0,0.44,32.38,225,0
04/10/2019,14:38,105.7,6.16,0.2,0,0,50.79,0.14,0,0,0.44,32.31,225,0
04/10/2019,14:39,113.63,6.79,0.23,0,0,56.02,0.15,0,0,0.45,31.94,225,0
04/10/2019,14:40,105.7,5.67,0.19,0,0,46.74,0.13,0,0,0.46,31.5,135,0
04/10/2019,14:41,111.65,5.57,0.19,0,0,45.92,0.13,0,0,0.47,30.81,315,0
04/10/2019,14:42,107.68,4.7,0.16,0,0,38.77,0.11,0,0,0.46,30.44,225,0
04/10/2019,14:43,103.72,5.07,0.17,0,0,41.81,0.11,0,0,0.47,30.06,270,0
04/10/2019,14:44,119.58,4.1,0.14,0,0,33.84,0.09,0,0,0.46,29.56,225,0
04/10/2019,14:45,115.62,3.96,0.13,0,0,32.68,0.09,0,0,0.45,29.06,225,0
04/10/2019,14:46,121.57,4.58,0.15,0,0,37.77,0.1,0,0,0.47,28.75,270,0
04/10/2019,14:47,121.57,4.37,0.15,0,0,36.07,0.1,0,0,0.47,28.56,225,0
04/10/2019,14:48,123.55,4.33,0.14,0,0,35.72,0.1,0,0,0.47,28.12,225,0
04/10/2019,14:49,125.53,4.38,0.15,0,0,36.11,0.1,0,0,0.49,28.19,270,0
04/10/2019,14:50,137.43,4.62,0.15,0,0,38.09,0.1,0,0,0.48,27.94,180,0
04/10/2019,14:51,139.42,4.23,0.14,0,0,34.86,0.1,0,0,0.46,28,270,0
04/10/2019,14:52,137.43,4.99,0.17,0,0,41.13,0.11,0,0,0.47,27.94,270,0
04/10/2019,14:53,135.45,4.99,0.17,0,0,41.17,0.11,0,0,0.47,28,270,0
04/10/2019,14:54,117.6,4.53,0.15,0,0,37.34,0.1,0,0,0.47,27.81,225,0
04/10/2019,14:55,121.57,4.39,0.15,0,0,36.22,0.1,0,0,0.48,27.69,270,0
04/10/2019,14:56,115.62,5.18,0.17,0,0,42.76,0.12,0,0,0.47,27.56,225,0
04/10/2019,14:57,105.7,4.36,0.15,0,0,35.97,0.1,0,0,0.45,27.38,225,0
04/10/2019,14:58,101.74,4.63,0.15,0,0,38.23,0.11,0,0,0.46,27.5,180,0
04/10/2019,14:59,91.82,4.92,0.16,0,0,40.6,0.11,0,0,0.46,27.38,270,0
04/10/2019,15:00,101.74,5.14,0.17,0,0,42.43,0.12,0,0,0.45,27.38,225,0
04/10/2019,15:01,85.87,4.57,0.15,0,0,37.69,0.1,0,0,0.45,27.19,225,0
04/10/2019,15:02,79.92,4.68,0.16,0,0,38.57,0.11,0,0,0.44,27.19,225,0
04/10/2019,15:03,93.8,4.47,0.15,0,0,36.87,0.1,0,0,0.44,27.25,225,0
04/10/2019,15:04,68.02,5.27,0.18,0,0,43.48,0.12,0,0,0.45,27.06,270,0
04/10/2019,15:05,70.01,4.93,0.16,0,0,40.69,0.11,0,0,0.46,27.12,225,0
04/10/2019,15:06,68.02,5.49,0.18,0,0,45.32,0.12,0,0,0.47,27.06,225,0
04/10/2019,15:07,70.01,4.97,0.17,0,0,40.98,0.11,0,0,0.46,26.69,225,0
04/10/2019,15:08,71.99,4.44,0.15,0,0,36.61,0.1,0,0,0.46,26.75,225,0
04/10/2019,15:09,75.95,4.82,0.16,0,0,39.79,0.11,0,0,0.44,26.69,225,0
04/10/2019,15:10,79.92,5.12,0.17,0,0,42.26,0.12,0,0,0.45,26.62,270,0
04/10/2019,15:11,71.99,5.04,0.17,0,0,41.58,0.11,0,0,0.45,26.69,270,0
04/10/2019,15:12,83.89,4.82,0.16,0,0,39.75,0.11,0,0,0.45,26.69,315,0
04/10/2019,15:13,71.99,5.04,0.17,0,0,41.61,0.11,0,0,0.46,26.44,315,0
04/10/2019,15:14,66.04,4.97,0.17,0,0,41.01,0.11,0,0,0.44,26.69,315,0
04/10/2019,15:15,75.95,4.92,0.16,0,0,40.61,0.11,0,0,0.46,26.56,180,0
04/10/2019,15:16,68.02,4.54,0.15,0,0,37.42,0.1,0,0,0.46,26.62,0,0
04/10/2019,15:17,79.92,4.19,0.14,0,0,34.6,0.1,0,0,0.46,26.62,270,0
04/10/2019,15:18,73.97,5.02,0.17,0,0,41.43,0.11,0,0,0.46,26.62,315,0
04/10/2019,15:19,68.02,5.08,0.17,0,0,41.91,0.12,0,0,0.48,26.62,0,0
04/10/2019,15:20,68.02,5.26,0.18,0,0,43.39,0.12,0,0,0.46,26.38,270,0
04/10/2019,15:21,71.99,5.89,0.2,0,0,48.56,0.13,0,0,0.47,26.19,270,0
04/10/2019,15:22,70.01,5.63,0.19,0,0,46.41,0.13,0,0,0.45,26.38,315,0
04/10/2019,15:23,66.04,4.98,0.17,0,0,41.06,0.11,0,0,0.45,26.06,225,0
04/10/2019,15:24,62.07,5.53,0.18,0,0,45.65,0.13,0,0,0.47,26,270,0
04/10/2019,15:25,68.02,5.62,0.19,0,0,46.39,0.13,0,0,0.48,25.69,180,0
04/10/2019,15:26,64.06,5.25,0.17,0,0,43.31,0.12,0,0,0.49,25.69,225,0
04/10/2019,15:27,81.9,5.47,0.18,0,0,45.13,0.12,0,0,0.49,25.56,225,0
04/10/2019,15:28,79.92,5.55,0.18,0,0,45.8,0.13,0,0,0.49,25.5,270,0
04/10/2019,15:29,77.94,5.44,0.18,0,0,44.91,0.12,0,0,0.46,25.5,45,0
04/10/2019,15:30,68.02,4.5,0.15,0,0,37.1,0.1,0,0,0.46,25.75,270,0
04/10/2019,15:31,73.97,5.64,0.19,0,0,46.51,0.13,0,0,0.44,25.69,315,0
04/10/2019,15:32,83.89,5.04,0.17,0,0,41.59,0.11,0,0,0.46,25.88,315,0
04/10/2019,15:33,91.82,5.26,0.17,0,0,43.38,0.12,0,0,0.44,26,225,0
04/10/2019,15:34,95.79,5.12,0.17,0,0,42.22,0.12,0,0,0.46,26.12,270,0
04/10/2019,15:35,77.94,4.63,0.15,0,0,38.17,0.1,0,0,0.48,26.44,0,0
04/10/2019,15:36,87.85,4.91,0.16,0,0,40.47,0.11,0,0,0.48,26.38,225,0
04/10/2019,15:37,91.82,4.66,0.16,0,0,38.47,0.11,0,0,0.46,26.31,0,0
04/10/2019,15:38,71.99,4.35,0.14,0,0,35.89,0.1,0,0,0.47,26.31,225,0
04/10/2019,15:39,81.9,4.83,0.16,0,0,39.89,0.11,0,0,0.49,26.44,270,0
04/10/2019,15:40,77.94,4.68,0.16,0,0,38.59,0.11,0,0,0.48,26.25,225,0
04/10/2019,15:41,87.85,4.72,0.16,0,0,38.98,0.11,0,0,0.47,25.88,225,0
04/10/2019,15:42,89.84,4.69,0.16,0,0,38.7,0.11,0,0,0.47,25.81,225,0
04/10/2019,15:43,79.92,4.77,0.16,0,0,39.32,0.11,0,0,0.48,25.81,225,0
04/10/2019,15:44,81.9,4.61,0.15,0,0,38.04,0.1,0,0,0.47,25.88,90,0
04/10/2019,15:45,81.9,4.75,0.16,0,0,39.19,0.11,0,0,0.47,25.88,225,0
04/10/2019,15:46,83.89,4.11,0.14,0,0,33.88,0.09,0,0,0.47,25.94,225,0
04/10/2019,15:47,79.92,4.44,0.15,0,0,36.62,0.1,0,0,0.44,25.94,225,0
04/10/2019,15:48,79.92,4.81,0.16,0,0,39.69,0.11,0,0,0.47,26,225,0
04/10/2019,15:49,89.84,4.15,0.14,0,0,34.27,0.09,0,0,0.47,26.06,180,0
04/10/2019,15:50,91.82,3.83,0.13,0,0,31.56,0.09,0,0,0.46,26.19,225,0
04/10/2019,15:51,85.87,4.72,0.16,0,0,38.92,0.11,0,0,0.44,26.12,225,0
04/10/2019,15:52,83.89,4.85,0.16,0,0,40,0.11,0,0,0.46,26.25,225,0
04/10/2019,15:53,75.95,4.03,0.13,0,0,33.27,0.09,0,0,0.45,26.19,225,0
04/10/2019,15:54,81.9,4.23,0.14,0,0,34.88,0.1,0,0,0.45,26.12,225,0
04/10/2019,15:55,81.9,4.28,0.14,0,0,35.35,0.1,0,0,0.45,26.25,270,0
04/10/2019,15:56,66.04,4.3,0.14,0,0,35.47,0.1,0,0,0.45,26.25,180,0
04/10/2019,15:57,66.04,4.3,0.14,0,0,35.51,0.1,0,0,0.45,26.19,270,0
04/10/2019,15:58,60.09,4.58,0.15,0,0,37.79,0.1,0,0,0.47,26.25,315,0
04/10/2019,15:59,58.11,4.42,0.15,0,0,36.43,0.1,0,0,0.46,26.31,315,0
04/10/2019,16:00,56.12,4.17,0.14,0,0,34.38,0.09,0,0,0.47,26.31,315,0
04/10/2019,16:01,56.12,4.36,0.15,0,0,35.98,0.1,0,0,0.46,26.31,315,0
04/10/2019,16:02,56.12,4.52,0.15,0,0,37.33,0.1,0,0,0.45,26.31,315,0
04/10/2019,16:03,60.09,4.12,0.14,0,0,33.95,0.09,0,0,0.45,26.25,315,0
04/10/2019,16:04,68.02,4.03,0.13,0,0,33.23,0.09,0,0,0.47,26.19,315,0
04/10/2019,16:05,62.07,4.21,0.14,0,0,34.71,0.1,0,0,0.47,26.44,315,0
04/10/2019,16:06,52.16,4.07,0.14,0,0,33.6,0.09,0,0,0.45,26.5,315,0
04/10/2019,16:07,48.19,4.45,0.15,0,0,36.71,0.1,0,0,0.46,26.56,315,0
04/10/2019,16:08,44.22,3.98,0.13,0,0,32.84,0.09,0,0,0.45,26.56,315,0
04/10/2019,16:09,44.22,4.21,0.14,0,0,34.75,0.1,0,0,0.44,26.56,180,0
04/10/2019,16:10,26.38,4.09,0.14,0,0,33.72,0.09,0,0,0.44,26.44,180,0
04/10/2019,16:11,32.33,4.27,0.14,0,0,35.23,0.1,0,0,0.46,26.25,180,0
04/10/2019,16:12,20.43,4.4,0.15,0,0,36.32,0.1,0,0,0.46,26.25,225,0
04/10/2019,16:13,24.39,4.53,0.15,0,0,37.4,0.1,0,0,0.47,26,225,0
04/10/2019,16:14,26.38,4.28,0.14,0,0,35.35,0.1,0,0,0.44,26,225,0
04/10/2019,16:15,24.39,4.15,0.14,0,0,34.25,0.09,0,0,0.44,25.75,225,0
04/10/2019,16:16,18.44,4.54,0.15,0,0,37.42,0.1,0,0,0.45,25.75,225,0
04/10/2019,16:17,30.34,4.4,0.15,0,0,36.31,0.1,0,0,0.44,25.69,225,0
04/10/2019,16:18,16.46,5.03,0.17,0,0,41.48,0.11,0,0,0.45,25.44,225,0
04/10/2019,16:19,14.48,4.75,0.16,0,0,39.17,0.11,0,0,0.45,25.44,225,0
04/10/2019,16:20,18.44,5.11,0.17,0,0,42.16,0.12,0,0,0.45,25.06,225,0
04/10/2019,16:21,8.53,5.34,0.18,0,0,44.06,0.12,0,0,0.46,24.88,225,0
04/10/2019,16:22,18.44,6.22,0.21,0,0,51.3,0.14,0,0,0.5,24.94,225,0
04/10/2019,16:23,16.46,6.11,0.2,0,0,50.37,0.14,0,0,0.51,24.88,225,0
04/10/2019,16:24,12.49,5.28,0.18,0,0,43.56,0.12,0,0,0.48,25,225,0
04/10/2019,16:25,10.51,4.76,0.16,0,0,39.31,0.11,0,0,0.47,24.81,180,0
04/10/2019,16:26,8.53,5.49,0.18,0,0,45.28,0.12,0,0,0.47,25,225,0
04/10/2019,16:27,8.53,4.9,0.16,0,0,40.45,0.11,0,0,0.47,25.12,225,0
04/10/2019,16:28,14.48,5.32,0.18,0,0,43.86,0.12,0,0,0.47,25,270,0
04/10/2019,16:29,4.56,5.05,0.17,0,0,41.63,0.11,0,0,0.47,25,225,0
04/10/2019,16:30,16.46,5.05,0.17,0,0,41.65,0.11,0,0,0.47,25.06,90,0
04/10/2019,16:31,0,5.12,0.17,0,0,42.28,0.12,0,0,0.47,25,90,0
04/10/2019,16:32,16.46,4.52,0.15,0,0,37.31,0.1,0,0,0.46,24.88,90,0
04/10/2019,16:33,10.51,6.03,0.2,0,0,49.78,0.14,0,0,0.45,24.75,90,0
04/10/2019,16:34,14.48,5.46,0.18,0,0,45.02,0.12,0,0,0.45,24.62,90,0
04/10/2019,16:35,2.58,4.94,0.16,0,0,40.74,0.11,0,0,0.45,24.56,90,0
04/10/2019,16:36,14.48,5.19,0.17,0,0,42.83,0.12,0,0,0.46,24.62,90,0
04/10/2019,16:37,10.51,4.66,0.16,0,0,38.48,0.11,0,0,0.47,24.56,90,0
04/10/2019,16:38,12.49,4.82,0.16,0,0,39.8,0.11,0,0,0.47,24.31,90,0
04/10/2019,16:39,14.48,4.78,0.16,0,0,39.47,0.11,0,0,0.46,24.25,90,0
04/10/2019,16:40,20.43,4.9,0.16,0,0,40.43,0.11,0,0,0.47,24.12,90,0
04/10/2019,16:41,12.49,4.81,0.16,0,0,39.69,0.11,0,0,0.47,24.19,90,0
04/10/2019,16:42,20.43,5.02,0.17,0,0,41.41,0.11,0,0,0.47,24.19,90,0
04/10/2019,16:43,8.53,5.28,0.18,0,0,43.53,0.12,0,0,0.48,24.44,90,0
04/10/2019,16:44,14.48,5.17,0.17,0,0,42.65,0.12,0,0,0.46,24.5,270,0
04/10/2019,16:45,0,5.19,0.17,0,0,42.84,0.12,0,0,0.47,24.62,270,0
04/10/2019,16:46,0.6,5.33,0.18,0,0,43.97,0.12,0,0,0.47,24.75,270,0
04/10/2019,16:47,6.54,5.12,0.17,0,0,42.26,0.12,0,0,0.47,24.62,270,0
04/10/2019,16:48,8.53,5.08,0.17,0,0,41.93,0.12,0,0,0.43,24.56,270,0
04/10/2019,16:49,6.54,5.21,0.17,0,0,43,0.12,0,0,0.44,24.62,270,0
04/10/2019,16:50,8.53,5.59,0.19,0,0,46.11,0.13,0,0,0.43,24.69,270,0
04/10/2019,16:51,4.56,5.01,0.17,0,0,41.3,0.11,0,0,0.43,24.75,225,0
04/10/2019,16:52,8.53,5.18,0.17,0,0,42.71,0.12,0,0,0.43,24.75,225,0
04/10/2019,16:53,4.56,4.94,0.16,0,0,40.74,0.11,0,0,0.44,24.69,225,0
04/10/2019,16:54,6.54,5.1,0.17,0,0,42.1,0.12,0,0,0.45,24.69,225,0
04/10/2019,16:55,4.56,5.36,0.18,0,0,44.21,0.12,0,0,0.44,24.62,225,0
04/10/2019,16:56,0,5.4,0.18,0,0,44.53,0.12,0,0,0.43,24.75,225,0
04/10/2019,16:57,0,5.35,0.18,0,0,44.17,0.12,0,0,0.41,24.75,180,0
04/10/2019,16:58,2.58,5.56,0.19,0,0,45.88,0.13,0,0,0.45,24.81,180,0
04/10/2019,16:59,0,6.27,0.21,0,0,51.75,0.14,0,0,0.45,24.88,180,0
04/10/2019,17:00,2.58,5.76,0.19,0,0,47.53,0.13,0,0,0.44,24.75,180,0
04/10/2019,17:01,0,5.93,0.2,0,0,48.9,0.13,0,0,0.45,24.69,180,0
04/10/2019,17:02,0,6.34,0.21,0,0,52.28,0.14,0,0,0.45,24.62,180,0
04/10/2019,17:03,0,5.63,0.19,0,0,46.45,0.13,0,0,0.46,24.81,180,0
04/10/2019,17:04,0,5.72,0.19,0,0,47.16,0.13,0,0,0.49,24.69,180,0
04/10/2019,17:05,2.58,5.79,0.19,0,0,47.79,0.13,0,0,0.46,24.56,180,0
04/10/2019,17:06,6.54,6.16,0.2,0,0,50.8,0.14,0,0,0.45,24.56,180,0
04/10/2019,17:07,8.53,5.85,0.19,0,0,48.26,0.13,0,0,0.44,24.5,180,0
04/10/2019,17:08,8.53,6.42,0.21,0,0,52.99,0.15,0,0,0.45,24.56,180,0
04/10/2019,17:09,0,6.14,0.2,0,0,50.7,0.14,0,0,0.46,24.5,90,0
04/10/2019,17:10,0.6,6.28,0.21,0,0,51.85,0.14,0,0,0.47,24.62,135,0
04/10/2019,17:11,4.56,6.26,0.21,0,0,51.65,0.14,0,0,0.47,24.5,135,0
04/10/2019,17:12,2.58,6.9,0.23,0,0,56.96,0.16,0,0,0.46,24.56,135,0
04/10/2019,17:13,0,7.07,0.24,0,0,58.36,0.16,0,0,0.44,24.62,135,0
04/10/2019,17:14,0,7.34,0.24,0,0,60.53,0.17,0,0,0.47,24.62,135,0
04/10/2019,17:15,12.49,7.2,0.24,0,0,59.39,0.16,0,0,0.47,24.56,135,0
04/10/2019,17:16,0,7.66,0.25,0,0,63.16,0.17,0,0,0.46,24.75,135,0
04/10/2019,17:17,0.6,7.34,0.24,0,0,60.55,0.17,0,0,0.46,24.62,135,0
04/10/2019,17:18,0.6,6.57,0.22,0,0,54.2,0.15,0,0,0.45,24.62,135,0
04/10/2019,17:19,0,7.31,0.24,0,0,60.33,0.17,0,0,0.47,24.69,45,0
04/10/2019,17:20,0,7.75,0.26,0,0,63.93,0.18,0,0,0.45,24.81,315,0
04/10/2019,17:21,4.56,7.34,0.24,0,0,60.54,0.17,0,0,0.47,24.75,315,0
04/10/2019,17:22,0.6,7,0.23,0,0,57.78,0.16,0,0,0.47,24.75,315,0
04/10/2019,17:23,0,5.56,0.18,0,0,45.84,0.13,0,0,0.47,24.75,315,0
04/10/2019,17:24,0,5.89,0.2,0,0,48.6,0.13,0,0,0.46,24.81,315,0
04/10/2019,17:25,0,6.64,0.22,0,0,54.77,0.15,0,0,0.47,24.81,315,0
04/10/2019,17:26,0,6.69,0.22,0,0,55.18,0.15,0,0,0.49,24.62,315,0
04/10/2019,17:27,0,5.75,0.19,0,0,47.47,0.13,0,0,0.45,24.56,315,0
04/10/2019,17:28,0,5.55,0.18,0,0,45.78,0.13,0,0,0.47,24.62,315,0
04/10/2019,17:29,0.6,6.01,0.2,0,0,49.58,0.14,0,0,0.44,24.56,315,0
04/10/2019,17:30,0,5.86,0.19,0,0,48.33,0.13,0,0,0.44,24.62,315,0
04/10/2019,17:31,0,6.14,0.2,0,0,50.69,0.14,0,0,0.43,24.81,180,0
04/10/2019,17:32,0,6.12,0.2,0,0,50.47,0.14,0,0,0.42,24.75,180,0
04/10/2019,17:33,0,5.99,0.2,0,0,49.46,0.14,0,0,0.41,24.69,180,0
04/10/2019,17:34,0,5.9,0.2,0,0,48.64,0.13,0,0,0.43,24.62,180,0
04/10/2019,17:35,0,5.81,0.19,0,0,47.95,0.13,0,0,0.43,24.75,180,0
04/10/2019,17:36,6.54,6.51,0.22,0,0,53.74,0.15,0,0,0.43,24.75,180,0
04/10/2019,17:37,0,6.17,0.21,0,0,50.86,0.14,0,0,0.44,24.69,180,0
04/10/2019,17:38,0,6.76,0.22,0,0,55.75,0.15,0,0,0.43,24.62,180,0
04/10/2019,17:39,0,5.69,0.19,0,0,46.96,0.13,0,0,0.44,24.69,180,0
04/10/2019,17:40,0,5.59,0.19,0,0,46.11,0.13,0,0,0.46,24.81,180,0
04/10/2019,17:41,0,5.27,0.18,0,0,43.5,0.12,0,0,0.46,24.75,180,0
04/10/2019,17:42,0,5.14,0.17,0,0,42.4,0.12,0,0,0.45,24.75,180,0
04/10/2019,17:43,0,5.36,0.18,0,0,44.24,0.12,0,0,0.47,24.81,180,0
04/10/2019,17:44,0,5.05,0.17,0,0,41.68,0.11,0,0,0.47,24.62,180,0
04/10/2019,17:45,0,5.2,0.17,0,0,42.87,0.12,0,0,0.47,24.81,225,0
04/10/2019,17:46,4.56,5.87,0.2,0,0,48.47,0.13,0,0,0.46,24.75,225,0
04/10/2019,17:47,0,5.58,0.19,0,0,46.05,0.13,0,0,0.46,25,225,0
04/10/2019,17:48,0,5.4,0.18,0,0,44.51,0.12,0,0,0.47,24.81,225,0
04/10/2019,17:49,0,5.67,0.19,0,0,46.77,0.13,0,0,0.47,24.94,180,0
04/10/2019,17:50,0,6.21,0.21,0,0,51.27,0.14,0,0,0.49,25,180,0
04/10/2019,17:51,0,5.84,0.19,0,0,48.22,0.13,0,0,0.48,25,180,0
04/10/2019,17:52,0,5.97,0.2,0,0,49.23,0.14,0,0,0.48,25.06,180,0
04/10/2019,17:53,0,6.61,0.22,0,0,54.51,0.15,0,0,0.48,24.94,180,0
04/10/2019,17:54,0,6.14,0.2,0,0,50.65,0.14,0,0,0.47,24.94,180,0
04/10/2019,17:55,0,6.75,0.22,0,0,55.66,0.15,0,0,0.46,25.06,180,0
04/10/2019,17:56,0,5.75,0.19,0,0,47.46,0.13,0,0,0.46,25.12,180,0
04/10/2019,17:57,0,6.3,0.21,0,0,51.98,0.14,0,0,0.45,25.06,180,0
04/10/2019,17:58,0,6.04,0.2,0,0,49.83,0.14,0,0,0.45,25.12,180,0
04/10/2019,17:59,0,5.76,0.19,0,0,47.5,0.13,0,0,0.45,24.94,180,0
04/10/2019,18:00,0,5.94,0.2,0,0,49.03,0.13,0,0,0.47,24.94,180,0
04/10/2019,18:01,0,5.74,0.19,0,0,47.35,0.13,0,0,0.51,24.94,180,0
04/10/2019,18:02,0.6,5.93,0.2,0,0,48.96,0.13,0,0,0.49,24.88,180,0
04/10/2019,18:03,0,6.52,0.22,0,0,53.79,0.15,0,0,0.48,25,180,0
04/10/2019,18:04,0,6.63,0.22,0,0,54.68,0.15,0,0,0.48,24.88,180,0
04/10/2019,18:05,0,6.82,0.23,0,0,56.29,0.15,0,0,0.47,24.88,180,0
04/10/2019,18:06,0,5.82,0.19,0,0,47.98,0.13,0,0,0.46,24.75,180,0
04/10/2019,18:07,0,5.91,0.2,0,0,48.77,0.13,0,0,0.47,24.81,180,0
04/10/2019,18:08,0,6.12,0.2,0,0,50.52,0.14,0,0,0.49,24.75,180,0
04/10/2019,18:09,0,5.89,0.2,0,0,48.63,0.13,0,0,0.48,24.75,180,0
04/10/2019,18:10,0,5.49,0.18,0,0,45.3,0.12,0,0,0.46,24.56,180,0
04/10/2019,18:11,0,6.3,0.21,0,0,51.95,0.14,0,0,0.47,24.69,180,0
04/10/2019,18:12,0,6.21,0.21,0,0,51.27,0.14,0,0,0.48,24.56,180,0
04/10/2019,18:13,0.6,6.73,0.22,0,0,55.53,0.15,0,0,0.47,24.56,180,0
04/10/2019,18:14,0,6.99,0.23,0,0,57.65,0.16,0,0,0.47,24.69,180,0
04/10/2019,18:15,0,8.18,0.27,0,0,67.49,0.19,0,0,0.48,24.94,180,0
04/10/2019,18:16,0,9.26,0.31,0,0,76.42,0.21,0,0,0.49,24.81,180,0
04/10/2019,18:17,0,8.66,0.29,0,0,71.43,0.2,0,0,0.46,24.94,180,0
04/10/2019,18:18,0,8.74,0.29,0,0,72.09,0.2,0,0,0.49,24.81,180,0
04/10/2019,18:19,0,8.17,0.27,0,0,67.41,0.19,0,0,0.49,25.06,180,0
04/10/2019,18:20,2.58,7.81,0.26,0,0,64.43,0.18,0,0,0.48,25,180,0
04/10/2019,18:21,0,7.83,0.26,0,0,64.6,0.18,0,0,0.47,25.12,180,0
04/10/2019,18:22,0,7.03,0.23,0,0,57.99,0.16,0,0,0.48,25.12,180,0
04/10/2019,18:23,0,7.6,0.25,0,0,62.67,0.17,0,0,0.47,25.12,180,0
04/10/2019,18:24,0,7.36,0.24,0,0,60.69,0.17,0,0,0.47,25.12,180,0
04/10/2019,18:25,0,7.4,0.25,0,0,61.05,0.17,0,0,0.49,25,135,0
04/10/2019,18:26,0,7.27,0.24,0,0,60,0.16,0,0,0.51,24.94,135,0
04/10/2019,18:27,0,7.23,0.24,0,0,59.65,0.16,0,0,0.47,24.88,180,0
04/10/2019,18:28,0,7.26,0.24,0,0,59.86,0.16,0,0,0.46,24.81,180,0
04/10/2019,18:29,0,6.86,0.23,0,0,56.6,0.16,0,0,0.47,24.88,135,0
04/10/2019,18:30,0,5.94,0.2,0,0,49.04,0.13,0,0,0.47,24.75,135,0
04/10/2019,18:31,0,6.12,0.2,0,0,50.53,0.14,0,0,0.49,24.75,180,0
04/10/2019,18:32,0,5.72,0.19,0,0,47.17,0.13,0,0,0.48,24.88,135,0
04/10/2019,18:33,2.58,5.47,0.18,0,0,45.11,0.12,0,0,0.47,24.69,180,0
04/10/2019,18:34,0,5.68,0.19,0,0,46.85,0.13,0,0,0.46,24.94,135,0
04/10/2019,18:35,0,6.43,0.21,0,0,53.02,0.15,0,0,0.45,24.81,90,0
04/10/2019,18:36,0,5.42,0.18,0,0,44.69,0.12,0,0,0.44,24.75,135,0
04/10/2019,18:37,0,5.75,0.19,0,0,47.47,0.13,0,0,0.45,24.62,180,0
04/10/2019,18:38,0,5.55,0.18,0,0,45.8,0.13,0,0,0.46,24.69,180,0
04/10/2019,18:39,0,5.88,0.2,0,0,48.49,0.13,0,0,0.48,24.62,135,0
04/10/2019,18:40,0,6.39,0.21,0,0,52.7,0.14,0,0,0.46,24.69,225,0
04/10/2019,18:41,0,6.49,0.22,0,0,53.55,0.15,0,0,0.46,24.75,225,0
04/10/2019,18:42,2.58,6.27,0.21,0,0,51.74,0.14,0,0,0.48,24.56,180,0
04/10/2019,18:43,0,5.53,0.18,0,0,45.65,0.13,0,0,0.47,24.62,180,0
04/10/2019,18:44,0,5.95,0.2,0,0,49.09,0.13,0,0,0.48,24.75,135,0
04/10/2019,18:45,0,5.76,0.19,0,0,47.56,0.13,0,0,0.46,24.62,135,0
04/10/2019,18:46,0,5.73,0.19,0,0,47.27,0.13,0,0,0.47,24.75,135,0
04/10/2019,18:47,0,6.1,0.2,0,0,50.31,0.14,0,0,0.47,24.75,135,0
04/10/2019,18:48,0,5.32,0.18,0,0,43.92,0.12,0,0,0.47,24.75,135,0
04/10/2019,18:49,0,5.15,0.17,0,0,42.47,0.12,0,0,0.47,24.75,135,0
04/10/2019,18:50,0,5.1,0.17,0,0,42.04,0.12,0,0,0.46,24.81,135,0
04/10/2019,18:51,0.6,5.27,0.18,0,0,43.47,0.12,0,0,0.47,24.62,135,0
04/10/2019,18:52,0,5.21,0.17,0,0,42.97,0.12,0,0,0.44,24.81,135,0
04/10/2019,18:53,0,4.81,0.16,0,0,39.65,0.11,0,0,0.47,24.81,180,0
04/10/2019,18:54,0,5.22,0.17,0,0,43.07,0.12,0,0,0.45,24.88,180,0
04/10/2019,18:55,0,4.72,0.16,0,0,38.92,0.11,0,0,0.45,24.94,135,0
04/10/2019,18:56,0,4.5,0.15,0,0,37.11,0.1,0,0,0.46,24.88,180,0
04/10/2019,18:57,0,5.29,0.18,0,0,43.65,0.12,0,0,0.46,24.88,180,0
04/10/2019,18:58,0,4.73,0.16,0,0,39.05,0.11,0,0,0.47,24.88,135,0
04/10/2019,18:59,0,4.55,0.15,0,0,37.56,0.1,0,0,0.46,24.81,180,0
04/10/2019,19:00,0,5.28,0.18,0,0,43.56,0.12,0,0,0.44,24.81,180,0
04/10/2019,19:01,0,4.24,0.14,0,0,34.95,0.1,0,0,0.45,24.75,180,0
04/10/2019,19:02,0,4.16,0.14,0,0,34.33,0.09,0,0,0.47,24.75,180,0
04/10/2019,19:03,0,4.49,0.15,0,0,37.02,0.1,0,0,0.44,24.69,135,0
04/10/2019,19:04,0,4.51,0.15,0,0,37.24,0.1,0,0,0.43,24.75,180,0
04/10/2019,19:05,0.6,4.22,0.14,0,0,34.81,0.1,0,0,0.44,24.5,180,0
04/10/2019,19:06,0,4.42,0.15,0,0,36.48,0.1,0,0,0.45,24.69,180,0
04/10/2019,19:07,0,4.29,0.14,0,0,35.4,0.1,0,0,0.46,24.75,180,0
04/10/2019,19:08,0,4.66,0.15,0,0,38.41,0.11,0,0,0.47,24.81,180,0
04/10/2019,19:09,0,4.91,0.16,0,0,40.53,0.11,0,0,0.47,24.62,180,0
04/10/2019,19:10,0,4.52,0.15,0,0,37.27,0.1,0,0,0.47,24.69,135,0
04/10/2019,19:11,0,4.02,0.13,0,0,33.2,0.09,0,0,0.47,24.56,180,0
04/10/2019,19:12,0,4.36,0.15,0,0,35.97,0.1,0,0,0.46,24.62,180,0
04/10/2019,19:13,0,4.56,0.15,0,0,37.65,0.1,0,0,0.45,24.62,180,0
04/10/2019,19:14,0,4.38,0.15,0,0,36.17,0.1,0,0,0.46,24.56,180,0
04/10/2019,19:15,0,4.77,0.16,0,0,39.37,0.11,0,0,0.47,24.56,180,0
04/10/2019,19:16,0,4.06,0.14,0,0,33.52,0.09,0,0,0.46,24.44,180,0
04/10/2019,19:17,0,4.14,0.14,0,0,34.14,0.09,0,0,0.45,24.62,180,0
04/10/2019,19:18,0,3.9,0.13,0,0,32.19,0.09,0,0,0.48,24.5,135,0
04/10/2019,19:19,2.58,4.2,0.14,0,0,34.62,0.1,0,0,0.47,24.5,180,0
04/10/2019,19:20,0,4.09,0.14,0,0,33.72,0.09,0,0,0.47,24.62,180,0
04/10/2019,19:21,0,3.75,0.12,0,0,30.97,0.09,0,0,0.46,24.69,180,0
04/10/2019,19:22,0.6,4.62,0.15,0,0,38.11,0.1,0,0,0.47,24.81,135,0
04/10/2019,19:23,0,4.18,0.14,0,0,34.47,0.09,0,0,0.46,24.75,270,0
04/10/2019,19:24,0,3.85,0.13,0,0,31.79,0.09,0,0,0.47,24.81,180,0
04/10/2019,19:25,0,4.36,0.14,0,0,35.94,0.1,0,0,0.45,24.81,135,0
04/10/2019,19:26,0,4.07,0.14,0,0,33.59,0.09,0,0,0.44,24.75,180,0
04/10/2019,19:27,0,4.62,0.15,0,0,38.08,0.1,0,0,0.45,24.81,135,0
04/10/2019,19:28,0,4.76,0.16,0,0,39.28,0.11,0,0,0.44,24.75,180,0
04/10/2019,19:29,0,4.35,0.14,0,0,35.85,0.1,0,0,0.42,24.69,90,0
04/10/2019,19:30,0,3.94,0.13,0,0,32.47,0.09,0,0,0.43,24.81,180,0
04/10/2019,19:31,0,4.45,0.15,0,0,36.69,0.1,0,0,0.44,24.75,135,0
04/10/2019,19:32,0,4.47,0.15,0,0,36.87,0.1,0,0,0.44,24.81,180,0
04/10/2019,19:33,0,5.12,0.17,0,0,42.27,0.12,0,0,0.45,24.75,180,0
04/10/2019,19:34,4.56,4.44,0.15,0,0,36.66,0.1,0,0,0.46,24.81,180,0
04/10/2019,19:35,2.58,4.51,0.15,0,0,37.24,0.1,0,0,0.44,24.81,180,0
04/10/2019,19:36,0,4.59,0.15,0,0,37.85,0.1,0,0,0.43,24.81,180,0
04/10/2019,19:37,0,4.61,0.15,0,0,38.07,0.1,0,0,0.43,24.81,135,0
04/10/2019,19:38,0,4.49,0.15,0,0,37.05,0.1,0,0,0.42,24.88,180,0
04/10/2019,19:39,0,4.53,0.15,0,0,37.4,0.1,0,0,0.45,24.88,180,0
04/10/2019,19:40,0,4.65,0.15,0,0,38.34,0.11,0,0,0.44,24.69,135,0
04/10/2019,19:41,0,5.36,0.18,0,0,44.24,0.12,0,0,0.45,22.19,180,0
04/10/2019,19:42,0.6,4.83,0.16,0,0,39.82,0.11,0,0,0.46,21.19,180,0
04/10/2019,19:43,0,4.34,0.14,0,0,35.83,0.1,0,0,0.48,20.94,180,0
04/10/2019,19:44,0,5.56,0.18,0,0,45.86,0.13,0,0,0.5,21,180,0
04/10/2019,19:45,0,5.02,0.17,0,0,41.41,0.11,0,0,0.47,21,180,0
04/10/2019,19:46,0,5.05,0.17,0,0,41.64,0.11,0,0,0.48,21.12,180,0
04/10/2019,19:47,0,5.04,0.17,0,0,41.54,0.11,0,0,0.49,21,180,0
04/10/2019,19:48,0,5.62,0.19,0,0,46.4,0.13,0,0,0.48,21.06,180,0
04/10/2019,19:49,0,5.05,0.17,0,0,41.69,0.11,0,0,0.47,21.12,180,0
04/10/2019,19:50,0,5.18,0.17,0,0,42.75,0.12,0,0,0.47,20.94,135,0
04/10/2019,19:51,0,5.29,0.18,0,0,43.67,0.12,0,0,0.45,21.38,180,0
04/10/2019,19:52,0,5.5,0.18,0,0,45.36,0.12,0,0,0.46,21.38,225,0
04/10/2019,19:53,0,5.42,0.18,0,0,44.72,0.12,0,0,0.47,21.5,180,0
04/10/2019,19:54,0,5.93,0.2,0,0,48.9,0.13,0,0,0.47,21.44,180,0
04/10/2019,19:55,0,5.38,0.18,0,0,44.4,0.12,0,0,0.48,21.5,180,0
04/10/2019,19:56,0,5.48,0.18,0,0,45.24,0.12,0,0,0.48,21.69,180,0
04/10/2019,19:57,0,5.62,0.19,0,0,46.35,0.13,0,0,0.47,21.88,180,0
04/10/2019,19:58,0,5,0.17,0,0,41.29,0.11,0,0,0.46,21.94,180,0
04/10/2019,19:59,0,5.37,0.18,0,0,44.3,0.12,0,0,0.44,22.12,180,0
04/10/2019,20:00,0,6.16,0.21,0,0,50.84,0.14,0,0,0.46,22.12,180,0
04/10/2019,20:01,0,6.94,0.23,0,0,57.23,0.16,0,0,0.46,22.25,180,0
04/10/2019,20:02,0,6.37,0.21,0,0,52.57,0.14,0,0,0.46,22.44,180,0
04/10/2019,20:03,0,6.41,0.21,0,0,52.88,0.15,0,0,0.45,22.38,180,0
04/10/2019,20:04,0,5.76,0.19,0,0,47.56,0.13,0,0,0.44,22.56,180,0
04/10/2019,20:05,0,6.23,0.21,0,0,51.43,0.14,0,0,0.44,22.56,180,0
04/10/2019,20:06,0,6.38,0.21,0,0,52.6,0.14,0,0,0.46,22.69,180,0
04/10/2019,20:07,0,6.6,0.22,0,0,54.43,0.15,0,0,0.46,22.75,180,0
04/10/2019,20:08,0,5.8,0.19,0,0,47.84,0.13,0,0,0.45,22.81,180,0
04/10/2019,20:09,0,5.81,0.19,0,0,47.9,0.13,0,0,0.46,22.81,180,0
04/10/2019,20:10,0,6.04,0.2,0,0,49.82,0.14,0,0,0.45,22.94,180,0
04/10/2019,20:11,0,6.92,0.23,0,0,57.1,0.16,0,0,0.46,22.94,180,0
04/10/2019,20:12,0,6.63,0.22,0,0,54.72,0.15,0,0,0.47,23,135,0
04/10/2019,20:13,0,5.95,0.2,0,0,49.09,0.13,0,0,0.45,22.81,180,0
04/10/2019,20:14,0,6.51,0.22,0,0,53.71,0.15,0,0,0.45,22.88,180,0
04/10/2019,20:15,0,7.03,0.23,0,0,57.97,0.16,0,0,0.44,23,180,0
04/10/2019,20:16,0,6.9,0.23,0,0,56.89,0.16,0,0,0.43,23,180,0
04/10/2019,20:17,0,7.29,0.24,0,0,60.11,0.17,0,0,0.44,23.06,180,0
04/10/2019,20:18,0,7.02,0.23,0,0,57.91,0.16,0,0,0.46,23.06,225,0
04/10/2019,20:19,0,6.42,0.21,0,0,52.93,0.15,0,0,0.45,23.19,180,0
04/10/2019,20:20,0.6,6.35,0.21,0,0,52.4,0.14,0,0,0.46,23.38,180,0
04/10/2019,20:21,0,5.55,0.18,0,0,45.78,0.13,0,0,0.46,23.38,180,0
04/10/2019,20:22,0.6,6.57,0.22,0,0,54.18,0.15,0,0,0.45,23.44,180,0
04/10/2019,20:23,0,6.6,0.22,0,0,54.42,0.15,0,0,0.44,23.31,180,0
04/10/2019,20:24,0,6.43,0.21,0,0,53.03,0.15,0,0,0.46,23.5,180,0
04/10/2019,20:25,0,5.57,0.19,0,0,45.93,0.13,0,0,0.47,23.5,180,0
04/10/2019,20:26,0,6.2,0.21,0,0,51.19,0.14,0,0,0.46,23.5,180,0
04/10/2019,20:27,0,6.42,0.21,0,0,52.96,0.15,0,0,0.46,23.56,135,0
04/10/2019,20:28,0,6.24,0.21,0,0,51.51,0.14,0,0,0.46,23.44,180,0
04/10/2019,20:29,0,5.8,0.19,0,0,47.85,0.13,0,0,0.46,23.5,180,0
04/10/2019,20:30,0,6.63,0.22,0,0,54.72,0.15,0,0,0.45,23.75,180,0
04/10/2019,20:31,0,6.4,0.21,0,0,52.79,0.15,0,0,0.44,23.69,135,0
04/10/2019,20:32,0,6.43,0.21,0,0,53.06,0.15,0,0,0.44,23.62,135,0
04/10/2019,20:33,0,6,0.2,0,0,49.52,0.14,0,0,0.46,23.69,225,0
04/10/2019,20:34,0,6.59,0.22,0,0,54.33,0.15,0,0,0.48,23.75,180,0
04/10/2019,20:35,0,6.37,0.21,0,0,52.57,0.14,0,0,0.47,23.62,180,0
04/10/2019,20:36,0,6.43,0.21,0,0,53.03,0.15,0,0,0.47,23.56,180,0
04/10/2019,20:37,0,6.7,0.22,0,0,55.29,0.15,0,0,0.47,23.81,180,0
04/10/2019,20:38,0,5.82,0.19,0,0,48.04,0.13,0,0,0.46,23.75,225,0
04/10/2019,20:39,0,6.39,0.21,0,0,52.68,0.14,0,0,0.45,23.81,135,0
04/10/2019,20:40,0,6.13,0.2,0,0,50.58,0.14,0,0,0.45,23.62,90,0
04/10/2019,20:41,0.6,5.56,0.19,0,0,45.87,0.13,0,0,0.46,23.94,180,0
04/10/2019,20:42,0,5.24,0.17,0,0,43.2,0.12,0,0,0.47,23.75,135,0
04/10/2019,20:43,0,6.33,0.21,0,0,52.23,0.14,0,0,0.46,23.69,180,0
04/10/2019,20:44,0,5.83,0.19,0,0,48.1,0.13,0,0,0.45,23.81,135,0
04/10/2019,20:45,0,6.01,0.2,0,0,49.56,0.14,0,0,0.46,23.81,180,0
04/10/2019,20:46,0,5.59,0.19,0,0,46.12,0.13,0,0,0.47,23.62,180,0
04/10/2019,20:47,0,5.95,0.2,0,0,49.12,0.13,0,0,0.46,23.75,135,0
04/10/2019,20:48,0,5.49,0.18,0,0,45.33,0.12,0,0,0.46,23.88,135,0
04/10/2019,20:49,0,5.12,0.17,0,0,42.22,0.12,0,0,0.46,23.88,180,0
04/10/2019,20:50,0,6.36,0.21,0,0,52.51,0.14,0,0,0.44,23.88,135,0
04/10/2019,20:51,0,6.3,0.21,0,0,51.98,0.14,0,0,0.46,23.81,180,0
04/10/2019,20:52,0,6.14,0.2,0,0,50.65,0.14,0,0,0.46,23.62,180,0
04/10/2019,20:53,0,6.37,0.21,0,0,52.56,0.14,0,0,0.46,23.69,135,0
04/10/2019,20:54,0,6.35,0.21,0,0,52.39,0.14,0,0,0.44,23.69,135,0
04/10/2019,20:55,0,7.41,0.25,0,0,61.15,0.17,0,0,0.45,23.81,135,0
04/10/2019,20:56,0,6.92,0.23,0,0,57.05,0.16,0,0,0.46,23.75,135,0
04/10/2019,20:57,0,5.96,0.2,0,0,49.21,0.14,0,0,0.45,23.62,135,0
04/10/2019,20:58,0,6.32,0.21,0,0,52.15,0.14,0,0,0.45,23.75,135,0
04/10/2019,20:59,0,7.23,0.24,0,0,59.67,0.16,0,0,0.45,23.81,180,0
04/10/2019,21:00,0,6.52,0.22,0,0,53.76,0.15,0,0,0.44,23.81,135,0
04/10/2019,21:01,0.6,6.67,0.22,0,0,55.04,0.15,0,0,0.44,23.81,180,0
04/10/2019,21:02,0,5.85,0.19,0,0,48.25,0.13,0,0,0.45,23.81,225,0
04/10/2019,21:03,0,6.42,0.21,0,0,52.99,0.15,0,0,0.45,23.75,135,0
04/10/2019,21:04,0,6.18,0.21,0,0,50.99,0.14,0,0,0.45,23.56,180,0
04/10/2019,21:05,0,5.99,0.2,0,0,49.46,0.14,0,0,0.46,23.5,180,0
04/10/2019,21:06,0,6.28,0.21,0,0,51.78,0.14,0,0,0.46,23.5,135,0
04/10/2019,21:07,0,6.55,0.22,0,0,54.08,0.15,0,0,0.45,23.56,180,0
04/10/2019,21:08,0,6.24,0.21,0,0,51.52,0.14,0,0,0.46,23.69,180,0
04/10/2019,21:09,0,6.66,0.22,0,0,54.99,0.15,0,0,0.46,23.56,135,0
04/10/2019,21:10,0,7.08,0.24,0,0,58.42,0.16,0,0,0.46,23.62,225,0
04/10/2019,21:11,0,7.29,0.24,0,0,60.17,0.17,0,0,0.44,23.75,180,0
04/10/2019,21:12,0,6.84,0.23,0,0,56.44,0.16,0,0,0.44,23.69,135,0
04/10/2019,21:13,0,7.07,0.24,0,0,58.34,0.16,0,0,0.44,23.88,135,0
04/10/2019,21:14,0,6.96,0.23,0,0,57.41,0.16,0,0,0.44,23.69,180,0
04/10/2019,21:15,0,6.39,0.21,0,0,52.69,0.14,0,0,0.46,23.75,180,0
04/10/2019,21:16,0,6.46,0.22,0,0,53.31,0.15,0,0,0.43,23.81,135,0
04/10/2019,21:17,0,7.19,0.24,0,0,59.34,0.16,0,0,0.45,23.75,135,0
04/10/2019,21:18,0,6.16,0.2,0,0,50.82,0.14,0,0,0.45,23.75,180,0
04/10/2019,21:19,0,6.49,0.22,0,0,53.58,0.15,0,0,0.45,23.69,180,0
04/10/2019,21:20,0,6.45,0.21,0,0,53.21,0.15,0,0,0.48,23.69,90,0
04/10/2019,21:21,0,6.2,0.21,0,0,51.19,0.14,0,0,0.48,23.81,180,0
04/10/2019,21:22,0,6.84,0.23,0,0,56.41,0.16,0,0,0.48,23.81,135,0
04/10/2019,21:23,0,6.11,0.2,0,0,50.38,0.14,0,0,0.47,23.94,225,0
04/10/2019,21:24,0,6.49,0.22,0,0,53.55,0.15,0,0,0.47,23.94,135,0
04/10/2019,21:25,0,6.38,0.21,0,0,52.61,0.14,0,0,0.45,23.81,180,0
04/10/2019,21:26,0,6.21,0.21,0,0,51.24,0.14,0,0,0.46,23.81,180,0
04/10/2019,21:27,0,6.65,0.22,0,0,54.9,0.15,0,0,0.46,23.88,135,0
04/10/2019,21:28,0,6.71,0.22,0,0,55.33,0.15,0,0,0.46,23.75,135,0
04/10/2019,21:29,0,6.73,0.22,0,0,55.54,0.15,0,0,0.45,23.94,135,0
04/10/2019,21:30,0,6.31,0.21,0,0,52.05,0.14,0,0,0.43,23.94,90,0
04/10/2019,21:31,0,7.3,0.24,0,0,60.22,0.17,0,0,0.44,24,180,0
04/10/2019,21:32,0,6.85,0.23,0,0,56.54,0.16,0,0,0.44,23.94,135,0
04/10/2019,21:33,0,7.05,0.23,0,0,58.16,0.16,0,0,0.44,24.12,135,0
04/10/2019,21:34,0,7.11,0.24,0,0,58.69,0.16,0,0,0.46,24.12,180,0
04/10/2019,21:35,0,6.93,0.23,0,0,57.19,0.16,0,0,0.45,24,90,0
04/10/2019,21:36,0,6.76,0.22,0,0,55.74,0.15,0,0,0.46,23.88,225,0
04/10/2019,21:37,0,7.23,0.24,0,0,59.65,0.16,0,0,0.43,24.06,135,0
04/10/2019,21:38,0,6.88,0.23,0,0,56.78,0.16,0,0,0.43,23.94,180,0
04/10/2019,21:39,0,8.13,0.27,0,0,67.08,0.18,0,0,0.44,24.12,180,0
04/10/2019,21:40,0.6,7.26,0.24,0,0,59.9,0.16,0,0,0.43,23.94,135,0
04/10/2019,21:41,0,7.29,0.24,0,0,60.12,0.17,0,0,0.46,24,180,0
04/10/2019,21:42,0,8.15,0.27,0,0,67.24,0.18,0,0,0.45,24,135,0
04/10/2019,21:43,4.56,7.91,0.26,0,0,65.26,0.18,0,0,0.46,23.88,180,0
04/10/2019,21:44,0,8.31,0.28,0,0,68.59,0.19,0,0,0.47,24,135,0
04/10/2019,21:45,0,8.12,0.27,0,0,66.96,0.18,0,0,0.45,24,180,0
04/10/2019,21:46,0,6.93,0.23,0,0,57.19,0.16,0,0,0.47,23.94,180,0
04/10/2019,21:47,0,7.38,0.25,0,0,60.85,0.17,0,0,0.46,23.94,180,0
04/10/2019,21:48,0,8.2,0.27,0,0,67.65,0.19,0,0,0.47,23.94,135,0
04/10/2019,21:49,0.6,9.3,0.31,0,0,76.72,0.21,0,0,0.46,24,180,0
04/10/2019,21:50,0,8.71,0.29,0,0,71.9,0.2,0,0,0.45,23.94,180,0
04/10/2019,21:51,0.6,9.46,0.31,0,0,78.05,0.21,0,0,0.45,23.88,180,0
04/10/2019,21:52,0,8.3,0.28,0,0,68.48,0.19,0,0,0.44,23.94,180,0
04/10/2019,21:53,0,8.79,0.29,0,0,72.49,0.2,0,0,0.45,24,180,0
04/10/2019,21:54,0,8.74,0.29,0,0,72.08,0.2,0,0,0.47,23.94,135,0
04/10/2019,21:55,0,9.3,0.31,0,0,76.75,0.21,0,0,0.44,23.94,135,0
04/10/2019,21:56,0,9.1,0.3,0,0,75.12,0.21,0,0,0.45,23.81,135,0
04/10/2019,21:57,0,10.03,0.33,0,0,82.76,0.23,0,0,0.45,23.88,90,0
04/10/2019,21:58,0,10.36,0.34,0,0,85.47,0.23,0,0,0.45,23.88,135,0
04/10/2019,21:59,0,10.69,0.36,0,0,88.22,0.24,0,0,0.46,23.81,135,0
04/10/2019,22:00,0,9.94,0.33,0,0,81.97,0.23,0,0,0.47,23.81,135,0
04/10/2019,22:01,0,10.24,0.34,0,0,84.5,0.23,0,0,0.47,23.94,135,0
04/10/2019,22:02,0,9.93,0.33,0,0,81.89,0.23,0,0,0.47,24,135,0
04/10/2019,22:03,0,9.56,0.32,0,0,78.91,0.22,0,0,0.46,24,135,0
04/10/2019,22:04,0,9.94,0.33,0,0,82.04,0.23,0,0,0.49,23.88,135,0
04/10/2019,22:05,0,10.75,0.36,0,0,88.66,0.24,0,0,0.47,23.81,135,0
04/10/2019,22:06,0,10.49,0.35,0,0,86.57,0.24,0,0,0.47,23.88,135,0
04/10/2019,22:07,0,10,0.33,0,0,82.51,0.23,0,0,0.47,23.81,135,0
04/10/2019,22:08,0,9.91,0.33,0,0,81.76,0.22,0,0,0.48,24.06,135,0
04/10/2019,22:09,0,10.1,0.34,0,0,83.36,0.23,0,0,0.48,24.06,90,0
04/10/2019,22:10,0,9.33,0.31,0,0,76.98,0.21,0,0,0.46,24,90,0
04/10/2019,22:11,0,9.12,0.3,0,0,75.27,0.21,0,0,0.47,23.81,135,0
04/10/2019,22:12,0,8.9,0.3,0,0,73.44,0.2,0,0,0.47,23.94,90,0
04/10/2019,22:13,0,8.8,0.29,0,0,72.61,0.2,0,0,0.48,23.94,90,0
04/10/2019,22:14,0,8.63,0.29,0,0,71.17,0.2,0,0,0.48,24.19,135,0
04/10/2019,22:15,0,8.17,0.27,0,0,67.38,0.19,0,0,0.49,24.25,90,0
04/10/2019,22:16,0,8.75,0.29,0,0,72.22,0.2,0,0,0.49,24.06,90,0
04/10/2019,22:17,0,8.2,0.27,0,0,67.62,0.19,0,0,0.46,24.06,135,0
04/10/2019,22:18,0,8.5,0.28,0,0,70.13,0.19,0,0,0.46,24,135,0
04/10/2019,22:19,0,8.13,0.27,0,0,67.05,0.18,0,0,0.47,24,135,0
04/10/2019,22:20,0,7.51,0.25,0,0,61.95,0.17,0,0,0.48,24.25,90,0
04/10/2019,22:21,0,8.31,0.28,0,0,68.53,0.19,0,0,0.48,24.31,135,0
04/10/2019,22:22,0,8.29,0.28,0,0,68.4,0.19,0,0,0.46,24.31,90,0
04/10/2019,22:23,0.6,7.91,0.26,0,0,65.29,0.18,0,0,0.47,24.44,135,0
04/10/2019,22:24,0,8.22,0.27,0,0,67.81,0.19,0,0,0.46,24.31,135,0
04/10/2019,22:25,0,8.11,0.27,0,0,66.92,0.18,0,0,0.45,24.31,135,0
04/10/2019,22:26,0,8.26,0.27,0,0,68.15,0.19,0,0,0.46,24.12,135,0
04/10/2019,22:27,0,7.41,0.25,0,0,61.13,0.17,0,0,0.44,24.25,135,0
04/10/2019,22:28,0,7.45,0.25,0,0,61.49,0.17,0,0,0.47,24.38,135,0
04/10/2019,22:29,0,7.61,0.25,0,0,62.78,0.17,0,0,0.46,24.25,135,0
04/10/2019,22:30,0,6.74,0.22,0,0,55.6,0.15,0,0,0.46,24.38,135,0
04/10/2019,22:31,0,7.42,0.25,0,0,61.25,0.17,0,0,0.46,24.31,135,0
04/10/2019,22:32,0,6.66,0.22,0,0,54.98,0.15,0,0,0.46,24.44,135,0
04/10/2019,22:33,0,6.68,0.22,0,0,55.07,0.15,0,0,0.45,24.44,135,0
04/10/2019,22:34,0,6.73,0.22,0,0,55.53,0.15,0,0,0.47,24.56,135,0
04/10/2019,22:35,0,6.67,0.22,0,0,54.99,0.15,0,0,0.46,24.44,135,0
04/10/2019,22:36,0,6.82,0.23,0,0,56.26,0.15,0,0,0.48,24.5,135,0
04/10/2019,22:37,0,6.88,0.23,0,0,56.79,0.16,0,0,0.46,24.56,90,0
04/10/2019,22:38,0,6.84,0.23,0,0,56.46,0.16,0,0,0.46,24.44,90,0
04/10/2019,22:39,4.56,7.07,0.24,0,0,58.31,0.16,0,0,0.46,24.5,135,0
04/10/2019,22:40,0,6.84,0.23,0,0,56.4,0.15,0,0,0.44,24.56,135,0
04/10/2019,22:41,0,7.34,0.24,0,0,60.57,0.17,0,0,0.43,24.5,135,0
04/10/2019,22:42,0.6,6.51,0.22,0,0,53.69,0.15,0,0,0.47,24.56,135,0
04/10/2019,22:43,0,6.68,0.22,0,0,55.08,0.15,0,0,0.46,24.44,135,0
04/10/2019,22:44,0,7.05,0.23,0,0,58.19,0.16,0,0,0.46,24.62,135,0
04/10/2019,22:45,0,7.14,0.24,0,0,58.88,0.16,0,0,0.44,24.38,135,0
04/10/2019,22:46,0,6.95,0.23,0,0,57.33,0.16,0,0,0.45,24.31,135,0
04/10/2019,22:47,0,6.67,0.22,0,0,55.05,0.15,0,0,0.44,24.56,135,0
04/10/2019,22:48,0,7.09,0.24,0,0,58.53,0.16,0,0,0.46,24.62,135,0
04/10/2019,22:49,0,6.14,0.2,0,0,50.68,0.14,0,0,0.46,24.5,90,0
04/10/2019,22:50,0,6.26,0.21,0,0,51.69,0.14,0,0,0.45,24.62,135,0
04/10/2019,22:51,0,7.15,0.24,0,0,59.03,0.16,0,0,0.46,24.5,135,0
04/10/2019,22:52,0,6.88,0.23,0,0,56.73,0.16,0,0,0.44,24.38,135,0
04/10/2019,22:53,0,7.45,0.25,0,0,61.46,0.17,0,0,0.43,24.31,90,0
04/10/2019,22:54,0,7.72,0.26,0,0,63.66,0.17,0,0,0.44,24.38,90,0
04/10/2019,22:55,0,7.77,0.26,0,0,64.13,0.18,0,0,0.45,24.56,90,0
04/10/2019,22:56,0,7.66,0.25,0,0,63.22,0.17,0,0,0.44,24.44,90,0
04/10/2019,22:57,0,7.29,0.24,0,0,60.18,0.17,0,0,0.43,24.25,90,0
04/10/2019,22:58,0,7.62,0.25,0,0,62.86,0.17,0,0,0.45,24.62,90,0
04/10/2019,22:59,0,8.05,0.27,0,0,66.43,0.18,0,0,0.45,24.62,135,0
04/10/2019,23:00,0,7.53,0.25,0,0,62.14,0.17,0,0,0.46,24.94,90,0
04/10/2019,23:01,0,7.68,0.26,0,0,63.33,0.17,0,0,0.47,24.62,90,0
04/10/2019,23:02,2.58,7.7,0.26,0,0,63.52,0.17,0,0,0.46,24.75,135,0
04/10/2019,23:03,0,7.27,0.24,0,0,59.98,0.16,0,0,0.48,24.62,135,0
04/10/2019,23:04,0,7.44,0.25,0,0,61.38,0.17,0,0,0.47,24.62,135,0
04/10/2019,23:05,0,7.17,0.24,0,0,59.19,0.16,0,0,0.46,24.44,90,0
04/10/2019,23:06,0,7.19,0.24,0,0,59.31,0.16,0,0,0.44,24.5,135,0
04/10/2019,23:07,0,7.07,0.24,0,0,58.29,0.16,0,0,0.44,24.44,90,0
04/10/2019,23:08,0.6,7.29,0.24,0,0,60.14,0.17,0,0,0.46,24.5,90,0
04/10/2019,23:09,0,7.45,0.25,0,0,61.46,0.17,0,0,0.46,24.5,90,0
04/10/2019,23:10,0,7.62,0.25,0,0,62.86,0.17,0,0,0.47,24.25,90,0
04/10/2019,23:11,0,7.62,0.25,0,0,62.85,0.17,0,0,0.48,24.31,90,0
04/10/2019,23:12,0,7.54,0.25,0,0,62.22,0.17,0,0,0.46,24.31,90,0
04/10/2019,23:13,0,6.84,0.23,0,0,56.45,0.16,0,0,0.43,24.19,90,0
04/10/2019,23:14,0,7.88,0.26,0,0,64.98,0.18,0,0,0.43,24.31,90,0
04/10/2019,23:15,0,7.89,0.26,0,0,65.08,0.18,0,0,0.45,24.25,90,0
04/10/2019,23:16,0,7.39,0.25,0,0,60.94,0.17,0,0,0.46,24.44,90,0
04/10/2019,23:17,0,7.75,0.26,0,0,63.91,0.18,0,0,0.47,24.56,135,0
04/10/2019,23:18,0,7.83,0.26,0,0,64.58,0.18,0,0,0.44,24.56,90,0
04/10/2019,23:19,0,8.23,0.27,0,0,67.93,0.19,0,0,0.46,24.31,90,0
04/10/2019,23:20,0,7.77,0.26,0,0,64.14,0.18,0,0,0.45,24.5,90,0
04/10/2019,23:21,0,7.67,0.26,0,0,63.29,0.17,0,0,0.46,24.44,135,0
04/10/2019,23:22,0,7.51,0.25,0,0,61.97,0.17,0,0,0.43,24.31,90,0
04/10/2019,23:23,0,7.76,0.26,0,0,64.06,0.18,0,0,0.43,24.44,90,0
04/10/2019,23:24,0,7.68,0.26,0,0,63.35,0.17,0,0,0.45,24.44,90,0
04/10/2019,23:25,0,7.31,0.24,0,0,60.33,0.17,0,0,0.45,24.31,90,0
04/10/2019,23:26,0,7.9,0.26,0,0,65.14,0.18,0,0,0.44,24.25,90,0
04/10/2019,23:27,0,7.88,0.26,0,0,65.04,0.18,0,0,0.44,24.25,90,0
04/10/2019,23:28,0,7.05,0.23,0,0,58.13,0.16,0,0,0.44,24.38,90,0
04/10/2019,23:29,0,7.13,0.24,0,0,58.85,0.16,0,0,0.48,24.25,90,0
04/10/2019,23:30,0,8.4,0.28,0,0,69.32,0.19,0,0,0.46,24.44,135,0
04/10/2019,23:31,0,7.21,0.24,0,0,59.47,0.16,0,0,0.47,24.44,90,0
04/10/2019,23:32,0,7.29,0.24,0,0,60.17,0.17,0,0,0.45,24.38,135,0
04/10/2019,23:33,0,7.45,0.25,0,0,61.48,0.17,0,0,0.44,24.38,90,0
04/10/2019,23:34,0,7.37,0.25,0,0,60.82,0.17,0,0,0.44,24.38,90,0
04/10/2019,23:35,0,7.85,0.26,0,0,64.8,0.18,0,0,0.44,24.25,90,0
04/10/2019,23:36,8.53,7.59,0.25,0,0,62.63,0.17,0,0,0.47,24.38,90,0
04/10/2019,23:37,0,7.43,0.25,0,0,61.29,0.17,0,0,0.49,24.44,135,0
04/10/2019,23:38,0,6.83,0.23,0,0,56.32,0.15,0,0,0.47,24.25,90,0
04/10/2019,23:39,0,7.27,0.24,0,0,59.98,0.16,0,0,0.47,24.38,90,0
04/10/2019,23:40,0,7.27,0.24,0,0,60.01,0.16,0,0,0.49,24.31,90,0
04/10/2019,23:41,0,7.2,0.24,0,0,59.39,0.16,0,0,0.48,24.38,90,0
04/10/2019,23:42,0,8.38,0.28,0,0,69.11,0.19,0,0,0.48,24.38,90,0
04/10/2019,23:43,0,7.74,0.26,0,0,63.88,0.18,0,0,0.48,24.19,90,0
04/10/2019,23:44,0,7.58,0.25,0,0,62.56,0.17,0,0,0.45,24.06,90,0
04/10/2019,23:45,0,7.72,0.26,0,0,63.71,0.18,0,0,0.47,24.12,90,0
04/10/2019,23:46,0,7.87,0.26,0,0,64.95,0.18,0,0,0.48,24.25,90,0
04/10/2019,23:47,0,8.2,0.27,0,0,67.68,0.19,0,0,0.47,24.19,90,0
04/10/2019,23:48,0,7.89,0.26,0,0,65.12,0.18,0,0,0.45,24.12,90,0
04/10/2019,23:49,4.56,7.78,0.26,0,0,64.22,0.18,0,0,0.44,24.19,90,0
04/10/2019,23:50,0,7.37,0.25,0,0,60.81,0.17,0,0,0.44,24.25,90,0
04/10/2019,23:51,0,7.18,0.24,0,0,59.27,0.16,0,0,0.43,24.06,90,0
04/10/2019,23:52,0,7.85,0.26,0,0,64.73,0.18,0,0,0.44,24.06,90,0
04/10/2019,23:53,0,8.15,0.27,0,0,67.25,0.18,0,0,0.45,23.94,90,0
04/10/2019,23:54,0,7.18,0.24,0,0,59.24,0.16,0,0,0.44,24.06,90,0
04/10/2019,23:55,0,7.62,0.25,0,0,62.88,0.17,0,0,0.43,23.88,90,0
04/10/2019,23:56,0,8.2,0.27,0,0,67.63,0.19,0,0,0.45,24,90,0
04/10/2019,23:57,0,8.57,0.29,0,0,70.67,0.19,0,0,0.46,23.94,90,0
04/10/2019,23:59,0,8.12,0.27,0,0,66.95,0.18,0,0,0.47,23.94,90,0