dia_mes_ano,hora_minuto,irr,massaPM1,massaPM2,numPM1,numPM2,tamanho_medio,temp,vento_dir,vento_vel,massaPM4,massaPM10,numPM4,numPM10,rainfall,P_AC,I_AC,I_DC,V_AC,V_DC,IRR,P_DC
20200502,000200,0,3.5,0.12,28.88,0.08,0.46,19.25,180,0,0,0,0,0,0,NA,NA,NA,NA,NA,NA,NA
20200502,000300,0,3.83,0.13,31.6,0.09,0.46,19.06,180,0,0,0,0,0,0,NA,NA,NA,NA,NA,NA,NA
20200502,000400,0,3.42,0.11,28.21,0.08,0.45,18.94,180,0,0,0,0,0,0,NA,NA,NA,NA,NA,NA,NA
20200502,000500,0,4.26,0.14,35.14,0.1,0.45,18.75,180,0,0,0,0,0,0,NA,NA,NA,NA,NA,NA,NA
20200502,000600,0,3.85,0.13,31.79,0.09,0.46,18.94,180,0,0,0,0,0,0,NA,NA,NA,NA,NA,NA,NA
20200502,000700,0,3.7,0.12,30.51,0.08,0.44,18.88,180,0,0,0,0,0,0,NA,NA,NA,NA,NA,NA,NA
20200502,000800,0,3.84,0.13,31.66,0.09,0.44,18.81,180,0,0,0,0,0,0,NA,NA,NA,NA,NA,NA,NA
20200502,000900,0,3.9,0.13,32.18,0.09,0.44,18.62,180,0,0,0,0,0,0,NA,NA,NA,NA,NA,NA,NA
20200502,001000,0,4.08,0.14,33.67,0.09,0.43,18.44,180,0,0,0,0,0,0,NA,NA,NA,NA,NA,NA,NA
20200502,001100,0,4.04,0.13,33.3,0.09,0.44,18.56,180,0,0,0,0,0,0,NA,NA,NA,NA,NA,NA,NA
20200502,001200,0,4.29,0.14,35.4,0.1,0.44,18.38,180,0,0,0,0,0,0,NA,NA,NA,NA,NA,NA,NA
20200502,001300,0,4.39,0.15,36.18,0.1,0.43,18.12,180,0,0,0,0,0,0,NA,NA,NA,NA,NA,NA,NA
20200502,001400,0,3.84,0.13,31.64,0.09,0.46,18.25,180,0,0,0,0,0,0,NA,NA,NA,NA,NA,NA,NA
20200502,001500,0,4.23,0.14,34.9,0.1,0.47,18.31,180,0,0,0,0,0,0,NA,NA,NA,NA,NA,NA,NA
20200502,001600,0,4.57,0.15,37.67,0.1,0.46,18.31,180,0,0,0,0,0,0,NA,NA,NA,NA,NA,NA,NA
20200502,001700,0,4.47,0.15,36.87,0.1,0.47,18.31,180,0,0,0,0,0,0,NA,NA,NA,NA,NA,NA,NA
20200502,001800,0,4.3,0.14,35.5,0.1,0.47,18.62,180,0,0,0,0,0,0,NA,NA,NA,NA,NA,NA,NA
20200502,001900,0,4.31,0.14,35.57,0.1,0.48,18.69,180,0,0,0,0,0,0,NA,NA,NA,NA,NA,NA,NA
20200502,002000,0,4.62,0.15,38.11,0.1,0.49,18.69,180,0,0,0,0,0,0,NA,NA,NA,NA,NA,NA,NA
20200502,002100,0,4.09,0.14,33.71,0.09,0.48,18.69,180,0,0,0,0,0,0,NA,NA,NA,NA,NA,NA,NA
20200502,002200,0,4.17,0.14,34.42,0.09,0.47,18.69,180,0,0,0,0,0,0,NA,NA,NA,NA,NA,NA,NA
20200502,002300,0,4.58,0.15,37.76,0.1,0.45,18.81,180,0,0,0,0,0,0,NA,NA,NA,NA,NA,NA,NA
20200502,002400,0,4.72,0.16,38.96,0.11,0.45,18.81,180,3.99,0,0,0,0,0,NA,NA,NA,NA,NA,NA,NA
20200502,002500,0,4.28,0.14,35.3,0.1,0.45,18.81,180,3.99,0,0,0,0,0,NA,NA,NA,NA,NA,NA,NA
20200502,002600,0,4.75,0.16,39.21,0.11,0.45,18.75,180,0,0,0,0,0,0,NA,NA,NA,NA,NA,NA,NA
20200502,002700,0,4.05,0.13,33.44,0.09,0.46,18.81,90,5.32,0,0,0,0,0,NA,NA,NA,NA,NA,NA,NA
20200502,002800,0,4.9,0.16,40.42,0.11,0.48,18.56,90,0,0,0,0,0,0,NA,NA,NA,NA,NA,NA,NA
20200502,002900,0,4.78,0.16,39.45,0.11,0.47,18.5,90,0,0,0,0,0,0,NA,NA,NA,NA,NA,NA,NA
20200502,003000,0,4.83,0.16,39.83,0.11,0.49,18.56,90,0,0,0,0,0,0,NA,NA,NA,NA,NA,NA,NA
20200502,003100,0,4.84,0.16,39.89,0.11,0.5,18.62,90,0,0,0,0,0,0,NA,NA,NA,NA,NA,NA,NA
20200502,003200,0,4.47,0.15,36.86,0.1,0.5,18.62,90,0,0,0,0,0,0,NA,NA,NA,NA,NA,NA,NA
20200502,003300,0,4.79,0.16,39.56,0.11,0.49,18.44,90,0,0,0,0,0,0,NA,NA,NA,NA,NA,NA,NA
20200502,003400,0,3.97,0.13,32.73,0.09,0.48,18.56,90,0,0,0,0,0,0,NA,NA,NA,NA,NA,NA,NA
20200502,003500,0,5.2,0.17,42.93,0.12,0.46,18.56,90,0,0,0,0,0,0,NA,NA,NA,NA,NA,NA,NA
20200502,003600,0,4.59,0.15,37.89,0.1,0.46,18.44,90,0,0,0,0,0,0,NA,NA,NA,NA,NA,NA,NA
20200502,003700,0,4.14,0.14,34.17,0.09,0.47,18.5,90,0,0,0,0,0,0,NA,NA,NA,NA,NA,NA,NA
20200502,003800,0,4.47,0.15,36.92,0.1,0.46,18.38,90,0,0,0,0,0,0,NA,NA,NA,NA,NA,NA,NA
20200502,003900,0,4.22,0.14,34.81,0.1,0.46,18.38,90,0,0,0,0,0,0,NA,NA,NA,NA,NA,NA,NA
20200502,004000,0,4.9,0.16,40.39,0.11,0.47,18.31,90,0,0,0,0,0,0,NA,NA,NA,NA,NA,NA,NA
20200502,004100,0,4.85,0.16,40,0.11,0.49,18.31,90,0,0,0,0,0,0,NA,NA,NA,NA,NA,NA,NA
20200502,004200,0,4.37,0.15,36.07,0.1,0.5,18.31,90,0,0,0,0,0,0,NA,NA,NA,NA,NA,NA,NA
20200502,004300,0,4.64,0.15,38.3,0.11,0.49,18.25,90,0,0,0,0,0,0,NA,NA,NA,NA,NA,NA,NA
20200502,004400,0,4.01,0.13,33.1,0.09,0.45,18.31,90,0,0,0,0,0,0,NA,NA,NA,NA,NA,NA,NA
20200502,004500,0,4.14,0.14,34.14,0.09,0.46,18.31,90,0,0,0,0,0,0,NA,NA,NA,NA,NA,NA,NA
20200502,004600,0,4.44,0.15,36.59,0.1,0.48,18.31,90,0,0,0,0,0,0,NA,NA,NA,NA,NA,NA,NA
20200502,004700,0,4.28,0.14,35.3,0.1,0.46,18.31,90,0,0,0,0,0,0,NA,NA,NA,NA,NA,NA,NA
20200502,004800,0,4.64,0.15,38.25,0.11,0.47,18.19,90,0,0,0,0,0,0,NA,NA,NA,NA,NA,NA,NA
20200502,004900,0,4.58,0.15,37.82,0.1,0.48,18,90,0,0,0,0,0,0,NA,NA,NA,NA,NA,NA,NA
20200502,005000,0,4.57,0.15,37.71,0.1,0.49,18.19,90,0,0,0,0,0,0,NA,NA,NA,NA,NA,NA,NA
20200502,005100,0,4.48,0.15,36.93,0.1,0.48,18.19,90,0,0,0,0,0,0,NA,NA,NA,NA,NA,NA,NA
20200502,005200,0,4.77,0.16,39.35,0.11,0.49,18.31,90,0,0,0,0,0,0,NA,NA,NA,NA,NA,NA,NA
20200502,005300,0,4.43,0.15,36.51,0.1,0.5,18.31,90,0,0,0,0,0,0,NA,NA,NA,NA,NA,NA,NA
20200502,005400,0,4.62,0.15,38.1,0.1,0.49,18.38,90,0,0,0,0,0,0,NA,NA,NA,NA,NA,NA,NA
20200502,005500,0,5.01,0.17,41.37,0.11,0.47,18.56,90,0,0,0,0,0,0,NA,NA,NA,NA,NA,NA,NA
20200502,005600,0,5.27,0.18,43.46,0.12,0.45,18.44,90,0,0,0,0,0,0,NA,NA,NA,NA,NA,NA,NA
20200502,005700,0,5.83,0.19,48.1,0.13,0.44,18.5,90,0,0,0,0,0,0,NA,NA,NA,NA,NA,NA,NA
20200502,005800,0,5.31,0.18,43.77,0.12,0.44,18.5,90,0,0,0,0,0,0,NA,NA,NA,NA,NA,NA,NA
20200502,005900,0,5.18,0.17,42.71,0.12,0.46,18.44,90,0,0,0,0,0,0,NA,NA,NA,NA,NA,NA,NA
20200502,010000,0,5.29,0.18,43.66,0.12,0.48,18.5,90,0,0,0,0,0,0,NA,NA,NA,NA,NA,NA,NA
20200502,010100,0,5.49,0.18,45.32,0.12,0.47,18.44,90,0,0,0,0,0,0,NA,NA,NA,NA,NA,NA,NA
20200502,010200,0,5.54,0.18,45.74,0.13,0.47,18.44,90,0,0,0,0,0,0,NA,NA,NA,NA,NA,NA,NA
20200502,010300,0,5.82,0.19,48.03,0.13,0.49,18.44,90,0,0,0,0,0,0,NA,NA,NA,NA,NA,NA,NA
20200502,010400,0,5.73,0.19,47.27,0.13,0.49,18.25,90,0,0,0,0,0,0,NA,NA,NA,NA,NA,NA,NA
20200502,010500,0,5.9,0.2,48.67,0.13,0.49,18.12,90,0,0,0,0,0,0,NA,NA,NA,NA,NA,NA,NA
20200502,010600,0,6.28,0.21,51.81,0.14,0.48,18.19,90,2.66,0,0,0,0,0,NA,NA,NA,NA,NA,NA,NA
20200502,010700,0,5.4,0.18,44.59,0.12,0.48,18.25,90,0,0,0,0,0,0,NA,NA,NA,NA,NA,NA,NA
20200502,010800,0,5.55,0.18,45.81,0.13,0.48,18.19,90,0,0,0,0,0,0,NA,NA,NA,NA,NA,NA,NA
20200502,010900,0,6.52,0.22,53.83,0.15,0.48,18.25,90,0,0,0,0,0,0,NA,NA,NA,NA,NA,NA,NA
20200502,011000,0,5.38,0.18,44.35,0.12,0.47,18.44,90,1.33,0,0,0,0,0,NA,NA,NA,NA,NA,NA,NA
20200502,011100,0,5.94,0.2,49.04,0.13,0.48,18.44,90,5.32,0,0,0,0,0,NA,NA,NA,NA,NA,NA,NA
20200502,011200,0,5.93,0.2,48.94,0.13,0.47,18.94,90,0,0,0,0,0,0,NA,NA,NA,NA,NA,NA,NA
20200502,011300,0,5.9,0.2,48.7,0.13,0.49,19,90,6.65,0,0,0,0,0,NA,NA,NA,NA,NA,NA,NA
20200502,011400,0,5.91,0.2,48.72,0.13,0.51,19.19,180,0,0,0,0,0,0,NA,NA,NA,NA,NA,NA,NA
20200502,011500,0,5.44,0.18,44.92,0.12,0.51,19.62,90,2.66,0,0,0,0,0,NA,NA,NA,NA,NA,NA,NA
20200502,011600,0,5.75,0.19,47.46,0.13,0.49,19.62,135,3.99,0,0,0,0,0,NA,NA,NA,NA,NA,NA,NA
20200502,011700,0,6.32,0.21,52.17,0.14,0.51,19.5,135,3.99,0,0,0,0,0,NA,NA,NA,NA,NA,NA,NA
20200502,011800,0,5.27,0.18,43.5,0.12,0.48,19.25,135,0,0,0,0,0,0,NA,NA,NA,NA,NA,NA,NA
20200502,011900,0,5.75,0.19,47.47,0.13,0.46,19.38,135,0,0,0,0,0,0,NA,NA,NA,NA,NA,NA,NA
20200502,012000,0,5.47,0.18,45.15,0.12,0.45,19.62,135,3.99,0,0,0,0,0,NA,NA,NA,NA,NA,NA,NA
20200502,012100,0,5.8,0.19,47.82,0.13,0.48,19.44,180,0,0,0,0,0,0,NA,NA,NA,NA,NA,NA,NA
20200502,012200,0,5.31,0.18,43.82,0.12,0.47,19.5,180,0,0,0,0,0,0,NA,NA,NA,NA,NA,NA,NA
20200502,012300,0,4.54,0.15,37.42,0.1,0.48,19.12,180,0,0,0,0,0,0,NA,NA,NA,NA,NA,NA,NA
20200502,012400,0,5.53,0.18,45.62,0.13,0.49,19,180,0,0,0,0,0,0,NA,NA,NA,NA,NA,NA,NA
20200502,012500,0,5.03,0.17,41.47,0.11,0.49,18.94,180,0,0,0,0,0,0,NA,NA,NA,NA,NA,NA,NA
20200502,012600,0,4.45,0.15,36.69,0.1,0.48,19,135,3.99,0,0,0,0,0,NA,NA,NA,NA,NA,NA,NA
20200502,012700,0,4.81,0.16,39.7,0.11,0.48,19.06,135,2.66,0,0,0,0,0,NA,NA,NA,NA,NA,NA,NA
20200502,012800,0,4.48,0.15,36.97,0.1,0.46,18.88,135,3.99,0,0,0,0,0,NA,NA,NA,NA,NA,NA,NA
20200502,012900,0,5.4,0.18,44.58,0.12,0.47,19.19,0,2.66,0,0,0,0,0,NA,NA,NA,NA,NA,NA,NA
20200502,013000,0,4.86,0.16,40.1,0.11,0.48,19.19,45,3.99,0,0,0,0,0,NA,NA,NA,NA,NA,NA,NA
20200502,013100,0,4.47,0.15,36.86,0.1,0.47,19.38,135,3.99,0,0,0,0,0,NA,NA,NA,NA,NA,NA,NA
20200502,013200,0,4.88,0.16,40.3,0.11,0.47,19.25,135,3.99,0,0,0,0,0,NA,NA,NA,NA,NA,NA,NA
20200502,013300,0,4.68,0.16,38.64,0.11,0.46,19.31,135,3.99,0,0,0,0,0,NA,NA,NA,NA,NA,NA,NA
20200502,013400,0,4.47,0.15,36.91,0.1,0.46,19.38,135,0,0,0,0,0,0,NA,NA,NA,NA,NA,NA,NA
20200502,013500,0,4.47,0.15,36.89,0.1,0.48,19.25,135,0,0,0,0,0,0,NA,NA,NA,NA,NA,NA,NA
20200502,013600,0,5.05,0.17,41.66,0.11,0.47,19.12,135,0,0,0,0,0,0,NA,NA,NA,NA,NA,NA,NA
20200502,013700,0,4.99,0.17,41.13,0.11,0.46,19.19,135,0,0,0,0,0,0,NA,NA,NA,NA,NA,NA,NA
20200502,013800,0,4.31,0.14,35.52,0.1,0.47,19.19,135,0,0,0,0,0,0,NA,NA,NA,NA,NA,NA,NA
20200502,013900,0,5.38,0.18,44.4,0.12,0.48,19.12,135,0,0,0,0,0,0,NA,NA,NA,NA,NA,NA,NA
20200502,014000,0,4.62,0.15,38.1,0.1,0.5,18.88,135,0,0,0,0,0,0,NA,NA,NA,NA,NA,NA,NA
20200502,014100,0,4.1,0.14,33.84,0.09,0.51,18.56,135,0,0,0,0,0,0,NA,NA,NA,NA,NA,NA,NA
20200502,014200,0,4.76,0.16,39.29,0.11,0.52,18.62,135,0,0,0,0,0,0,NA,NA,NA,NA,NA,NA,NA
20200502,014300,0,5.17,0.17,42.65,0.12,0.5,18.69,135,0,0,0,0,0,0,NA,NA,NA,NA,NA,NA,NA
20200502,014400,0,4.46,0.15,36.76,0.1,0.48,18.44,135,0,0,0,0,0,0,NA,NA,NA,NA,NA,NA,NA
20200502,014500,0,5.33,0.18,43.96,0.12,0.49,18.19,135,0,0,0,0,0,0,NA,NA,NA,NA,NA,NA,NA
20200502,014600,0,4.26,0.14,35.13,0.1,0.46,18.12,135,0,0,0,0,0,0,NA,NA,NA,NA,NA,NA,NA
20200502,014700,0,4.71,0.16,38.87,0.11,0.47,18.06,135,0,0,0,0,0,0,NA,NA,NA,NA,NA,NA,NA
20200502,014800,0,4.65,0.15,38.39,0.11,0.47,17.88,135,0,0,0,0,0,0,NA,NA,NA,NA,NA,NA,NA
20200502,014900,0,5.21,0.17,42.96,0.12,0.45,17.88,135,0,0,0,0,0,0,NA,NA,NA,NA,NA,NA,NA
20200502,015000,0,5.36,0.18,44.24,0.12,0.45,18,135,0,0,0,0,0,0,NA,NA,NA,NA,NA,NA,NA
20200502,015100,0,5.04,0.17,41.57,0.11,0.46,17.88,135,0,0,0,0,0,0,NA,NA,NA,NA,NA,NA,NA
20200502,015200,0,5.23,0.17,43.13,0.12,0.47,17.81,135,0,0,0,0,0,0,NA,NA,NA,NA,NA,NA,NA
20200502,015300,0,5.06,0.17,41.74,0.11,0.46,17.69,135,0,0,0,0,0,0,NA,NA,NA,NA,NA,NA,NA
20200502,015400,0,4.89,0.16,40.36,0.11,0.46,17.56,135,0,0,0,0,0,0,NA,NA,NA,NA,NA,NA,NA
20200502,015500,0,5.27,0.18,43.46,0.12,0.46,17.38,135,0,0,0,0,0,0,NA,NA,NA,NA,NA,NA,NA
20200502,015600,0,5.13,0.17,42.3,0.12,0.46,17.31,135,0,0,0,0,0,0,NA,NA,NA,NA,NA,NA,NA
20200502,015700,0,4.28,0.14,35.3,0.1,0.46,17.5,135,0,0,0,0,0,0,NA,NA,NA,NA,NA,NA,NA
20200502,015800,0,5.23,0.17,43.16,0.12,0.45,17.44,135,0,0,0,0,0,0,NA,NA,NA,NA,NA,NA,NA
20200502,015900,0,5.51,0.18,45.43,0.12,0.47,17.5,135,0,0,0,0,0,0,NA,NA,NA,NA,NA,NA,NA
20200502,020000,0,5,0.17,41.25,0.11,0.47,17.5,135,0,0,0,0,0,0,NA,NA,NA,NA,NA,NA,NA
20200502,020100,0,5.19,0.17,42.82,0.12,0.46,17.56,135,0,0,0,0,0,0,NA,NA,NA,NA,NA,NA,NA
20200502,020200,0,4.84,0.16,39.92,0.11,0.46,17.56,135,0,0,0,0,0,0,NA,NA,NA,NA,NA,NA,NA
20200502,020300,0,4.78,0.16,39.44,0.11,0.48,17.44,135,0,0,0,0,0,0,NA,NA,NA,NA,NA,NA,NA
20200502,020400,0,5.36,0.18,44.25,0.12,0.47,17.44,135,0,0,0,0,0,0,NA,NA,NA,NA,NA,NA,NA
20200502,020500,0,4.82,0.16,39.8,0.11,0.49,17.81,135,0,0,0,0,0,0,NA,NA,NA,NA,NA,NA,NA
20200502,020600,0,4.82,0.16,39.77,0.11,0.49,17.44,135,0,0,0,0,0,0,NA,NA,NA,NA,NA,NA,NA
20200502,020700,0,5.13,0.17,42.35,0.12,0.48,17.56,135,0,0,0,0,0,0,NA,NA,NA,NA,NA,NA,NA
20200502,020800,0,5.17,0.17,42.68,0.12,0.51,17.69,135,0,0,0,0,0,0,NA,NA,NA,NA,NA,NA,NA
20200502,020900,0,4.64,0.15,38.28,0.11,0.5,17.81,135,0,0,0,0,0,0,NA,NA,NA,NA,NA,NA,NA
20200502,021000,0,5.06,0.17,41.78,0.11,0.49,17.56,135,0,0,0,0,0,0,NA,NA,NA,NA,NA,NA,NA
20200502,021100,0,4.76,0.16,39.25,0.11,0.49,17.56,135,0,0,0,0,0,0,NA,NA,NA,NA,NA,NA,NA
20200502,021200,0,5.32,0.18,43.88,0.12,0.49,17.62,135,0,0,0,0,0,0,NA,NA,NA,NA,NA,NA,NA
20200502,021300,0,4.83,0.16,39.82,0.11,0.48,17.44,135,0,0,0,0,0,0,NA,NA,NA,NA,NA,NA,NA
20200502,021400,0,5.17,0.17,42.65,0.12,0.49,17,135,0,0,0,0,0,0,NA,NA,NA,NA,NA,NA,NA
20200502,021500,0,5.09,0.17,41.98,0.12,0.48,16.94,135,0,0,0,0,0,0,NA,NA,NA,NA,NA,NA,NA
20200502,021600,0,5.17,0.17,42.68,0.12,0.48,17,135,0,0,0,0,0,0,NA,NA,NA,NA,NA,NA,NA
20200502,021700,0,5.17,0.17,42.67,0.12,0.47,16.88,135,0,0,0,0,0,0,NA,NA,NA,NA,NA,NA,NA
20200502,021800,0,5.65,0.19,46.6,0.13,0.46,17.06,135,0,0,0,0,0,0,NA,NA,NA,NA,NA,NA,NA
20200502,021900,0,5.21,0.17,43.01,0.12,0.46,17,135,0,0,0,0,0,0,NA,NA,NA,NA,NA,NA,NA
20200502,022000,0,6.02,0.2,49.64,0.14,0.46,17.06,135,0,0,0,0,0,0,NA,NA,NA,NA,NA,NA,NA
20200502,022100,0,4.74,0.16,39.07,0.11,0.44,17.31,135,0,0,0,0,0,0,NA,NA,NA,NA,NA,NA,NA
20200502,022200,0,5.06,0.17,41.71,0.11,0.46,17.31,135,0,0,0,0,0,0,NA,NA,NA,NA,NA,NA,NA
20200502,022300,0,5.04,0.17,41.57,0.11,0.46,17.12,135,0,0,0,0,0,0,NA,NA,NA,NA,NA,NA,NA
20200502,022400,0,5.46,0.18,45.08,0.12,0.47,16.94,135,0,0,0,0,0,0,NA,NA,NA,NA,NA,NA,NA
20200502,022500,0,5.3,0.18,43.73,0.12,0.47,16.94,135,0,0,0,0,0,0,NA,NA,NA,NA,NA,NA,NA
20200502,022600,0,5.34,0.18,44.06,0.12,0.47,17,135,0,0,0,0,0,0,NA,NA,NA,NA,NA,NA,NA
20200502,022700,0,5.25,0.17,43.34,0.12,0.48,17.06,180,2.66,0,0,0,0,0,NA,NA,NA,NA,NA,NA,NA
20200502,022800,0,5.22,0.17,43.06,0.12,0.49,17.12,180,3.99,0,0,0,0,0,NA,NA,NA,NA,NA,NA,NA
20200502,022900,0,4.95,0.16,40.8,0.11,0.47,16.94,180,0,0,0,0,0,0,NA,NA,NA,NA,NA,NA,NA
20200502,023000,0,4.68,0.16,38.61,0.11,0.49,17.06,180,0,0,0,0,0,0,NA,NA,NA,NA,NA,NA,NA
20200502,023100,0,5.11,0.17,42.18,0.12,0.49,17.06,180,0,0,0,0,0,0,NA,NA,NA,NA,NA,NA,NA
20200502,023200,0,5.25,0.17,43.29,0.12,0.51,16.94,180,0,0,0,0,0,0,NA,NA,NA,NA,NA,NA,NA
20200502,023300,0,5.32,0.18,43.88,0.12,0.51,16.94,180,0,0,0,0,0,0,NA,NA,NA,NA,NA,NA,NA
20200502,023400,0,5.13,0.17,42.3,0.12,0.47,17.25,180,0,0,0,0,0,0,NA,NA,NA,NA,NA,NA,NA
20200502,023500,0,5.05,0.17,41.7,0.11,0.48,17.12,180,0,0,0,0,0,0,NA,NA,NA,NA,NA,NA,NA
20200502,023600,0,5.26,0.18,43.41,0.12,0.51,17,180,0,0,0,0,0,0,NA,NA,NA,NA,NA,NA,NA
20200502,023700,0,5.43,0.18,44.76,0.12,0.49,16.94,180,0,0,0,0,0,0,NA,NA,NA,NA,NA,NA,NA
20200502,023800,0,4.46,0.15,36.8,0.1,0.51,16.88,180,0,0,0,0,0,0,NA,NA,NA,NA,NA,NA,NA
20200502,023900,0,5.46,0.18,45.03,0.12,0.49,16.81,180,0,0,0,0,0,0,NA,NA,NA,NA,NA,NA,NA
20200502,024000,0,5.03,0.17,41.52,0.11,0.48,16.88,180,0,0,0,0,0,0,NA,NA,NA,NA,NA,NA,NA
20200502,024100,0,4.28,0.14,35.31,0.1,0.47,16.75,180,0,0,0,0,0,0,NA,NA,NA,NA,NA,NA,NA
20200502,024200,0,5.29,0.18,43.62,0.12,0.48,17.25,180,0,0,0,0,0,0,NA,NA,NA,NA,NA,NA,NA
20200502,024300,0,6.22,0.21,51.28,0.14,0.49,17.56,180,0,0,0,0,0,0,NA,NA,NA,NA,NA,NA,NA
20200502,024400,0,5.66,0.19,46.65,0.13,0.49,17.25,180,0,0,0,0,0,0,NA,NA,NA,NA,NA,NA,NA
20200502,024500,0,5.71,0.19,47.09,0.13,0.48,16.88,180,0,0,0,0,0,0,NA,NA,NA,NA,NA,NA,NA
20200502,024600,0,6.01,0.2,49.62,0.14,0.48,16.69,180,0,0,0,0,0,0,NA,NA,NA,NA,NA,NA,NA
20200502,024700,0,5.67,0.19,46.81,0.13,0.48,16.62,180,0,0,0,0,0,0,NA,NA,NA,NA,NA,NA,NA
20200502,024800,0,6.48,0.22,53.47,0.15,0.48,16.81,180,0,0,0,0,0,0,NA,NA,NA,NA,NA,NA,NA
20200502,024900,0,5.38,0.18,44.42,0.12,0.47,16.75,180,0,0,0,0,0,0,NA,NA,NA,NA,NA,NA,NA
20200502,025000,0,5.1,0.17,42.08,0.12,0.48,16.56,180,0,0,0,0,0,0,NA,NA,NA,NA,NA,NA,NA
20200502,025100,0,5.72,0.19,47.2,0.13,0.49,16.56,180,0,0,0,0,0,0,NA,NA,NA,NA,NA,NA,NA
20200502,025200,0,5.37,0.18,44.34,0.12,0.49,16.38,180,0,0,0,0,0,0,NA,NA,NA,NA,NA,NA,NA
20200502,025300,0,5.32,0.18,43.9,0.12,0.47,16.38,180,0,0,0,0,0,0,NA,NA,NA,NA,NA,NA,NA
20200502,025400,0,5.41,0.18,44.62,0.12,0.48,16.25,180,0,0,0,0,0,0,NA,NA,NA,NA,NA,NA,NA
20200502,025500,0,5.65,0.19,46.6,0.13,0.48,16.38,180,0,0,0,0,0,0,NA,NA,NA,NA,NA,NA,NA
20200502,025600,0,6.4,0.21,52.81,0.15,0.49,16.38,180,0,0,0,0,0,0,NA,NA,NA,NA,NA,NA,NA
20200502,025700,0,6.82,0.23,56.23,0.15,0.47,16.25,180,0,0,0,0,0,0,NA,NA,NA,NA,NA,NA,NA
20200502,025800,0,7.49,0.25,61.83,0.17,0.45,16.25,180,0,0,0,0,0,0,NA,NA,NA,NA,NA,NA,NA
20200502,025900,0,7.27,0.24,60.01,0.16,0.46,16.44,180,0,0,0,0,0,0,NA,NA,NA,NA,NA,NA,NA
20200502,030000,0,8.33,0.28,68.71,0.19,0.47,16.69,180,0,0,0,0,0,0,NA,NA,NA,NA,NA,NA,NA
20200502,030100,0,8.44,0.28,69.6,0.19,0.48,16.69,180,0,0,0,0,0,0,NA,NA,NA,NA,NA,NA,NA
20200502,030200,0,9.19,0.31,75.79,0.21,0.5,16.88,180,0,0,0,0,0,0,NA,NA,NA,NA,NA,NA,NA
20200502,030300,0,9.53,0.32,78.65,0.22,0.48,17.19,180,0,0,0,0,0,0,NA,NA,NA,NA,NA,NA,NA
20200502,030400,0,9.94,0.33,81.99,0.23,0.49,17.38,180,0,0,0,0,0,0,NA,NA,NA,NA,NA,NA,NA
20200502,030500,0,9.72,0.32,80.18,0.22,0.51,17.56,180,0,0,0,0,0,0,NA,NA,NA,NA,NA,NA,NA
20200502,030600,0,8.6,0.29,70.94,0.19,0.5,17.38,180,0,0,0,0,0,0,NA,NA,NA,NA,NA,NA,NA
20200502,030700,0,8.31,0.28,68.53,0.19,0.53,17.44,180,0,0,0,0,0,0,NA,NA,NA,NA,NA,NA,NA
20200502,030800,0,7,0.23,57.77,0.16,0.51,17.25,180,0,0,0,0,0,0,NA,NA,NA,NA,NA,NA,NA
20200502,030900,0,7.68,0.26,63.33,0.17,0.49,17.06,180,0,0,0,0,0,0,NA,NA,NA,NA,NA,NA,NA
20200502,031000,0,7.81,0.26,64.4,0.18,0.5,17.06,180,0,0,0,0,0,0,NA,NA,NA,NA,NA,NA,NA
20200502,031100,0,7.94,0.26,65.53,0.18,0.49,16.94,180,0,0,0,0,0,0,NA,NA,NA,NA,NA,NA,NA
20200502,031200,0,7.31,0.24,60.28,0.17,0.48,16.94,180,0,0,0,0,0,0,NA,NA,NA,NA,NA,NA,NA
20200502,031300,0,7.81,0.26,64.41,0.18,0.49,16.88,180,0,0,0,0,0,0,NA,NA,NA,NA,NA,NA,NA
20200502,031400,0,7.43,0.25,61.32,0.17,0.48,17.12,180,0,0,0,0,0,0,NA,NA,NA,NA,NA,NA,NA
20200502,031500,0,7.34,0.24,60.59,0.17,0.49,17.25,180,0,0,0,0,0,0,NA,NA,NA,NA,NA,NA,NA
20200502,031600,0,7.23,0.24,59.65,0.16,0.5,17.25,180,2.66,0,0,0,0,0,NA,NA,NA,NA,NA,NA,NA
20200502,031700,0,6.41,0.21,52.92,0.15,0.49,17.19,180,0,0,0,0,0,0,NA,NA,NA,NA,NA,NA,NA
20200502,031800,0,6.48,0.22,53.48,0.15,0.5,17.25,180,0,0,0,0,0,0,NA,NA,NA,NA,NA,NA,NA
20200502,031900,0,6.02,0.2,49.69,0.14,0.5,17.19,180,0,0,0,0,0,0,NA,NA,NA,NA,NA,NA,NA
20200502,032000,0,5.84,0.19,48.17,0.13,0.5,17.31,180,0,0,0,0,0,0,NA,NA,NA,NA,NA,NA,NA
20200502,032100,0,5.65,0.19,46.64,0.13,0.52,17.06,180,0,0,0,0,0,0,NA,NA,NA,NA,NA,NA,NA
20200502,032200,0,5.57,0.19,45.96,0.13,0.5,17.06,180,0,0,0,0,0,0,NA,NA,NA,NA,NA,NA,NA
20200502,032300,0,5.83,0.19,48.11,0.13,0.48,17,180,0,0,0,0,0,0,NA,NA,NA,NA,NA,NA,NA
20200502,032400,0,5.55,0.18,45.77,0.13,0.48,17.06,180,0,0,0,0,0,0,NA,NA,NA,NA,NA,NA,NA
20200502,032500,0,5.51,0.18,45.49,0.13,0.49,17.06,180,0,0,0,0,0,0,NA,NA,NA,NA,NA,NA,NA
20200502,032600,0,5.35,0.18,44.17,0.12,0.49,17.31,180,0,0,0,0,0,0,NA,NA,NA,NA,NA,NA,NA
20200502,032700,0,5.89,0.2,48.55,0.13,0.49,17.44,180,0,0,0,0,0,0,NA,NA,NA,NA,NA,NA,NA
20200502,032800,0,5.46,0.18,45.08,0.12,0.47,17.44,180,0,0,0,0,0,0,NA,NA,NA,NA,NA,NA,NA
20200502,032900,0,5.72,0.19,47.16,0.13,0.48,16.94,225,0,0,0,0,0,0,NA,NA,NA,NA,NA,NA,NA
20200502,033000,0,5.5,0.18,45.39,0.12,0.49,16.94,225,0,0,0,0,0,0,NA,NA,NA,NA,NA,NA,NA
20200502,033100,0,5.61,0.19,46.26,0.13,0.48,17.06,225,6.65,0,0,0,0,0,NA,NA,NA,NA,NA,NA,NA
20200502,033200,0,5.6,0.19,46.19,0.13,0.47,17.25,225,2.66,0,0,0,0,0,NA,NA,NA,NA,NA,NA,NA
20200502,033300,0,5.77,0.19,47.61,0.13,0.49,17.38,225,5.32,0,0,0,0,0,NA,NA,NA,NA,NA,NA,NA
20200502,033400,0,5.43,0.18,44.77,0.12,0.5,17.19,225,0,0,0,0,0,0,NA,NA,NA,NA,NA,NA,NA
20200502,033500,0,6.19,0.21,51.04,0.14,0.47,17.12,225,2.66,0,0,0,0,0,NA,NA,NA,NA,NA,NA,NA
20200502,033600,0,5.85,0.19,48.3,0.13,0.45,17.19,225,0,0,0,0,0,0,NA,NA,NA,NA,NA,NA,NA
20200502,033700,0,5.53,0.18,45.62,0.13,0.45,17.19,225,0,0,0,0,0,0,NA,NA,NA,NA,NA,NA,NA
20200502,033800,0,5.93,0.2,48.95,0.13,0.48,17.06,225,0,0,0,0,0,0,NA,NA,NA,NA,NA,NA,NA
20200502,033900,0,5.89,0.2,48.6,0.13,0.48,17,225,0,0,0,0,0,0,NA,NA,NA,NA,NA,NA,NA
20200502,034000,0,6.14,0.2,50.65,0.14,0.46,17.12,225,0,0,0,0,0,0,NA,NA,NA,NA,NA,NA,NA
20200502,034100,0,6.13,0.2,50.6,0.14,0.47,17,225,0,0,0,0,0,0,NA,NA,NA,NA,NA,NA,NA
20200502,034200,0,5.85,0.19,48.28,0.13,0.48,16.88,225,2.66,0,0,0,0,0,NA,NA,NA,NA,NA,NA,NA
20200502,034300,0,5.81,0.19,47.93,0.13,0.47,16.62,225,0,0,0,0,0,0,NA,NA,NA,NA,NA,NA,NA
20200502,034400,0,6.19,0.21,51.07,0.14,0.47,16.38,225,0,0,0,0,0,0,NA,NA,NA,NA,NA,NA,NA
20200502,034500,0,6.5,0.22,53.62,0.15,0.5,16.5,180,1.33,0,0,0,0,0,NA,NA,NA,NA,NA,NA,NA
20200502,034600,0,6.12,0.2,50.53,0.14,0.47,16.38,180,2.66,0,0,0,0,0,NA,NA,NA,NA,NA,NA,NA
20200502,034700,0,6.84,0.23,56.44,0.16,0.48,16.25,180,0,0,0,0,0,0,NA,NA,NA,NA,NA,NA,NA
20200502,034800,0,6.4,0.21,52.8,0.15,0.48,16,180,0,0,0,0,0,0,NA,NA,NA,NA,NA,NA,NA
20200502,034900,0,7.16,0.24,59.1,0.16,0.48,16.38,180,0,0,0,0,0,0,NA,NA,NA,NA,NA,NA,NA
20200502,035000,0,7.5,0.25,61.92,0.17,0.47,16.69,180,2.66,0,0,0,0,0,NA,NA,NA,NA,NA,NA,NA
20200502,035100,0,6.26,0.21,51.66,0.14,0.47,16.88,180,3.99,0,0,0,0,0,NA,NA,NA,NA,NA,NA,NA
20200502,035200,0,6.18,0.21,50.99,0.14,0.45,16.88,180,0,0,0,0,0,0,NA,NA,NA,NA,NA,NA,NA
20200502,035300,0,5.74,0.19,47.32,0.13,0.46,16.69,180,0,0,0,0,0,0,NA,NA,NA,NA,NA,NA,NA
20200502,035400,0,6.4,0.21,52.78,0.15,0.48,16.38,180,0,0,0,0,0,0,NA,NA,NA,NA,NA,NA,NA
20200502,035500,0,6.36,0.21,52.45,0.14,0.47,16.5,180,0,0,0,0,0,0,NA,NA,NA,NA,NA,NA,NA
20200502,035600,0,6.1,0.2,50.29,0.14,0.48,16.38,180,0,0,0,0,0,0,NA,NA,NA,NA,NA,NA,NA
20200502,035700,0,6.58,0.22,54.31,0.15,0.48,16.19,180,0,0,0,0,0,0,NA,NA,NA,NA,NA,NA,NA
20200502,035800,0,6.34,0.21,52.29,0.14,0.49,16,180,0,0,0,0,0,0,NA,NA,NA,NA,NA,NA,NA
20200502,035900,0,5.89,0.2,48.63,0.13,0.5,16.19,180,0,0,0,0,0,0,NA,NA,NA,NA,NA,NA,NA
20200502,040000,0,6.09,0.2,50.27,0.14,0.49,16.38,180,2.66,0,0,0,0,0,NA,NA,NA,NA,NA,NA,NA
20200502,040100,0,6.09,0.2,50.25,0.14,0.47,16.38,180,0,0,0,0,0,0,NA,NA,NA,NA,NA,NA,NA
20200502,040200,0,5.36,0.18,44.22,0.12,0.47,15.88,180,0,0,0,0,0,0,NA,NA,NA,NA,NA,NA,NA
20200502,040300,0,6.01,0.2,49.6,0.14,0.46,16.06,180,0,0,0,0,0,0,NA,NA,NA,NA,NA,NA,NA
20200502,040400,0,5.22,0.17,43.07,0.12,0.48,15.75,180,0,0,0,0,0,0,NA,NA,NA,NA,NA,NA,NA
20200502,040500,0,5.8,0.19,47.83,0.13,0.48,15.88,180,0,0,0,0,0,0,NA,NA,NA,NA,NA,NA,NA
20200502,040600,0,5.43,0.18,44.77,0.12,0.48,16.19,180,0,0,0,0,0,0,NA,NA,NA,NA,NA,NA,NA
20200502,040700,0,5.65,0.19,46.62,0.13,0.44,16.04,180,0,0,0,0,0,0,NA,NA,NA,NA,NA,NA,NA
20200502,040800,0,6.25,0.21,51.56,0.14,0.46,15.88,180,0,0,0,0,0,0,NA,NA,NA,NA,NA,NA,NA
20200502,040900,0,6.02,0.2,49.71,0.14,0.45,15.56,180,0,0,0,0,0,0,NA,NA,NA,NA,NA,NA,NA
20200502,041000,0,5.68,0.19,46.89,0.13,0.45,15.5,180,0,0,0,0,0,0,NA,NA,NA,NA,NA,NA,NA
20200502,041100,0,5.83,0.19,48.13,0.13,0.46,15.25,180,0,0,0,0,0,0,NA,NA,NA,NA,NA,NA,NA
20200502,041200,0,5.82,0.19,48.01,0.13,0.45,15.69,180,0,0,0,0,0,0,NA,NA,NA,NA,NA,NA,NA
20200502,041300,0,5.58,0.19,46.05,0.13,0.46,15.94,180,0,0,0,0,0,0,NA,NA,NA,NA,NA,NA,NA
20200502,041400,0,5.83,0.19,48.06,0.13,0.45,16.06,180,0,0,0,0,0,0,NA,NA,NA,NA,NA,NA,NA
20200502,041500,0,5.31,0.18,43.85,0.12,0.46,15.81,180,0,0,0,0,0,0,NA,NA,NA,NA,NA,NA,NA
20200502,041600,0,5.89,0.2,48.56,0.13,0.46,15.81,180,0,0,0,0,0,0,NA,NA,NA,NA,NA,NA,NA
20200502,041700,0,5.73,0.19,47.24,0.13,0.46,15.81,180,0,0,0,0,0,0,NA,NA,NA,NA,NA,NA,NA
20200502,041800,0,5.78,0.19,47.65,0.13,0.44,15.69,180,0,0,0,0,0,0,NA,NA,NA,NA,NA,NA,NA
20200502,041900,0,6.03,0.2,49.73,0.14,0.46,15.62,180,0,0,0,0,0,0,NA,NA,NA,NA,NA,NA,NA
20200502,042000,0,6.02,0.2,49.67,0.14,0.45,15.75,180,0,0,0,0,0,0,NA,NA,NA,NA,NA,NA,NA
20200502,042100,0,5.71,0.19,47.12,0.13,0.45,15.69,180,0,0,0,0,0,0,NA,NA,NA,NA,NA,NA,NA
20200502,042200,0,5.68,0.19,46.9,0.13,0.46,15.5,180,0,0,0,0,0,0,NA,NA,NA,NA,NA,NA,NA
20200502,042300,0,5.8,0.19,47.88,0.13,0.49,15.5,180,0,0,0,0,0,0,NA,NA,NA,NA,NA,NA,NA
20200502,042400,0,6.18,0.21,50.97,0.14,0.47,15.19,180,0,0,0,0,0,0,NA,NA,NA,NA,NA,NA,NA
20200502,042500,0,5.88,0.2,48.52,0.13,0.48,15.12,180,0,0,0,0,0,0,NA,NA,NA,NA,NA,NA,NA
20200502,042600,0,6.25,0.21,51.6,0.14,0.45,15.56,180,0,0,0,0,0,0,NA,NA,NA,NA,NA,NA,NA
20200502,042700,0,5.88,0.2,48.51,0.13,0.45,15.44,180,0,0,0,0,0,0,NA,NA,NA,NA,NA,NA,NA
20200502,042800,0,5.61,0.19,46.28,0.13,0.47,15.38,180,0,0,0,0,0,0,NA,NA,NA,NA,NA,NA,NA
20200502,042900,0,5.88,0.2,48.48,0.13,0.48,15.56,180,0,0,0,0,0,0,NA,NA,NA,NA,NA,NA,NA
20200502,043000,0,5.98,0.2,49.33,0.14,0.46,15.62,180,0,0,0,0,0,0,NA,NA,NA,NA,NA,NA,NA
20200502,043100,0,5.75,0.19,47.47,0.13,0.45,15.69,180,0,0,0,0,0,0,NA,NA,NA,NA,NA,NA,NA
20200502,043200,0,5.8,0.19,47.85,0.13,0.45,15.69,180,0,0,0,0,0,0,NA,NA,NA,NA,NA,NA,NA
20200502,043300,0,5.41,0.18,44.62,0.12,0.46,15.56,180,0,0,0,0,0,0,NA,NA,NA,NA,NA,NA,NA
20200502,043400,0,5.58,0.19,46.06,0.13,0.47,15.5,180,0,0,0,0,0,0,NA,NA,NA,NA,NA,NA,NA
20200502,043500,0,5.65,0.19,46.58,0.13,0.48,15.5,180,0,0,0,0,0,0,NA,NA,NA,NA,NA,NA,NA
20200502,043600,0,6.45,0.21,53.22,0.15,0.48,15.75,180,0,0,0,0,0,0,NA,NA,NA,NA,NA,NA,NA
20200502,043700,0,5.9,0.2,48.65,0.13,0.48,15.56,180,0,0,0,0,0,0,NA,NA,NA,NA,NA,NA,NA
20200502,043800,0,5.87,0.2,48.44,0.13,0.47,15.56,180,0,0,0,0,0,0,NA,NA,NA,NA,NA,NA,NA
20200502,043900,0,6.05,0.2,49.93,0.14,0.47,15.38,180,0,0,0,0,0,0,NA,NA,NA,NA,NA,NA,NA
20200502,044000,0,6.15,0.2,50.76,0.14,0.45,15.38,180,0,0,0,0,0,0,NA,NA,NA,NA,NA,NA,NA
20200502,044100,0,5.87,0.2,48.41,0.13,0.46,15.25,180,0,0,0,0,0,0,NA,NA,NA,NA,NA,NA,NA
20200502,044200,0,5.1,0.17,42.05,0.12,0.47,15.25,180,0,0,0,0,0,0,NA,NA,NA,NA,NA,NA,NA
20200502,044300,0,5.89,0.2,48.57,0.13,0.49,15.31,180,0,0,0,0,0,0,NA,NA,NA,NA,NA,NA,NA
20200502,044400,0,5.92,0.2,48.82,0.13,0.49,15.25,180,0,0,0,0,0,0,NA,NA,NA,NA,NA,NA,NA
20200502,044500,0,5.96,0.2,49.16,0.14,0.47,15.38,180,0,0,0,0,0,0,NA,NA,NA,NA,NA,NA,NA
20200502,044600,0,6.07,0.2,50.09,0.14,0.46,15.19,180,0,0,0,0,0,0,NA,NA,NA,NA,NA,NA,NA
20200502,044700,0,6.95,0.23,57.3,0.16,0.44,15.25,180,0,0,0,0,0,0,NA,NA,NA,NA,NA,NA,NA
20200502,044800,0,5.98,0.2,49.32,0.14,0.46,15.31,180,0,0,0,0,0,0,NA,NA,NA,NA,NA,NA,NA
20200502,044900,0,5.99,0.2,49.44,0.14,0.47,15.38,180,0,0,0,0,0,0,NA,NA,NA,NA,NA,NA,NA
20200502,045000,0,6.47,0.22,53.4,0.15,0.47,15.56,180,0,0,0,0,0,0,NA,NA,NA,NA,NA,NA,NA
20200502,045100,0,6.54,0.22,53.94,0.15,0.5,15.5,180,0,0,0,0,0,0,NA,NA,NA,NA,NA,NA,NA
20200502,045200,0,6.7,0.22,55.3,0.15,0.49,15.56,180,0,0,0,0,0,0,NA,NA,NA,NA,NA,NA,NA
20200502,045300,0,7.83,0.26,64.62,0.18,0.44,15.44,180,0,0,0,0,0,0,NA,NA,NA,NA,NA,NA,NA
20200502,045400,0,7,0.23,57.76,0.16,0.45,15.38,180,0,0,0,0,0,0,NA,NA,NA,NA,NA,NA,NA
20200502,045500,0,7.07,0.24,58.32,0.16,0.47,15.06,180,0,0,0,0,0,0,NA,NA,NA,NA,NA,NA,NA
20200502,045600,0,8.05,0.27,66.44,0.18,0.48,15.31,180,0,0,0,0,0,0,NA,NA,NA,NA,NA,NA,NA
20200502,045700,0,6.89,0.23,56.84,0.16,0.47,15.5,180,0,0,0,0,0,0,NA,NA,NA,NA,NA,NA,NA
20200502,045800,0,7.25,0.24,59.79,0.16,0.48,15.44,180,0,0,0,0,0,0,NA,NA,NA,NA,NA,NA,NA
20200502,045900,0,7.01,0.23,57.82,0.16,0.48,15.44,180,0,0,0,0,0,0,NA,NA,NA,NA,NA,NA,NA
20200502,050000,0,7.39,0.25,60.93,0.17,0.48,15.38,180,0,0,0,0,0,0,NA,NA,NA,NA,NA,NA,NA
20200502,050100,0,7,0.23,57.73,0.16,0.46,15.12,180,0,0,0,0,0,0,NA,NA,NA,NA,NA,NA,NA
20200502,050200,0,6.84,0.23,56.46,0.16,0.47,15.12,180,0,0,0,0,0,0,NA,NA,NA,NA,NA,NA,NA
20200502,050300,0,6.75,0.22,55.7,0.15,0.46,15.12,180,0,0,0,0,0,0,NA,NA,NA,NA,NA,NA,NA
20200502,050400,0,7.67,0.26,63.31,0.17,0.5,14.94,180,0,0,0,0,0,0,NA,NA,NA,NA,NA,NA,NA
20200502,050500,0,7.9,0.26,65.14,0.18,0.49,14.88,180,0,0,0,0,0,0,NA,NA,NA,NA,NA,NA,NA
20200502,050600,0,9.78,0.33,80.67,0.22,0.49,14.88,180,0,0,0,0,0,0,NA,NA,NA,NA,NA,NA,NA
20200502,050700,0,8.85,0.29,73.01,0.2,0.48,14.88,180,0,0,0,0,0,0,NA,NA,NA,NA,NA,NA,NA
20200502,050800,0,9.7,0.32,80.06,0.22,0.47,14.88,180,0,0,0,0,0,0,NA,NA,NA,NA,NA,NA,NA
20200502,050900,0,14.26,0.47,117.64,0.32,0.49,15.25,180,0,0,0,0,0,0,NA,NA,NA,NA,NA,NA,NA
20200502,051000,0,16.9,0.56,139.43,0.38,0.53,15.06,180,0,0,0,0.01,0,0,NA,NA,NA,NA,NA,NA,NA
20200502,051100,0,17.95,0.67,147.95,0.48,0.54,15.19,180,0,0.05,0.01,0.01,0.01,0,NA,NA,NA,NA,NA,NA,NA
20200502,051200,0,18.14,0.71,149.53,0.52,0.55,15.19,180,0,0.08,0.01,0.02,0.01,0,NA,NA,NA,NA,NA,NA,NA
20200502,051300,0,17.62,0.59,145.38,0.4,0.51,15.06,135,0,0,0,0.01,0,0,NA,NA,NA,NA,NA,NA,NA
20200502,051400,0,17.87,0.59,147.42,0.41,0.51,15.12,180,0,0,0,0.01,0,0,NA,NA,NA,NA,NA,NA,NA
20200502,051500,0,20.07,0.75,165.44,0.54,0.57,15.19,180,0,0.06,0.01,0.02,0.01,0,NA,NA,NA,NA,NA,NA,NA
20200502,051600,0,17.72,0.59,146.19,0.4,0.5,15.25,180,0,0,0,0.01,0,0,NA,NA,NA,NA,NA,NA,NA
20200502,051700,0,18.11,0.6,149.39,0.41,0.53,15.31,180,0,0,0,0.01,0,0,NA,NA,NA,NA,NA,NA,NA
20200502,051800,0,16.06,0.62,132.36,0.46,0.54,15.31,180,0,0.07,0.01,0.02,0.01,0,NA,NA,NA,NA,NA,NA,NA
20200502,051900,0,14.29,0.48,117.93,0.32,0.51,15.56,180,0,0,0,0,0,0,NA,NA,NA,NA,NA,NA,NA
20200502,052000,0,11.91,0.4,98.23,0.27,0.53,15.69,180,0,0,0,0,0,0,NA,NA,NA,NA,NA,NA,NA
20200502,052100,0,13.13,0.46,108.29,0.32,0.53,15.31,180,0,0.02,0,0.01,0,0,NA,NA,NA,NA,NA,NA,NA
20200502,052200,0,15.84,0.53,130.72,0.36,0.5,15.38,180,0,0,0,0,0,0,NA,NA,NA,NA,NA,NA,NA
20200502,052300,0,15.73,0.53,129.8,0.36,0.54,15.19,180,0,0.01,0,0.01,0,0,NA,NA,NA,NA,NA,NA,NA
20200502,052400,0,14.3,0.48,117.97,0.32,0.49,15.31,180,0,0,0,0,0,0,NA,NA,NA,NA,NA,NA,NA
20200502,052500,0,14.32,0.48,118.18,0.32,0.52,15.25,180,0,0,0,0,0,0,NA,NA,NA,NA,NA,NA,NA
20200502,052600,0,11.01,0.37,90.86,0.25,0.51,15.12,180,0,0,0,0,0,0,NA,NA,NA,NA,NA,NA,NA
20200502,052700,0,12.03,0.4,99.28,0.27,0.52,15.12,180,0,0,0,0,0,0,NA,NA,NA,NA,NA,NA,NA
20200502,052800,0,11.08,0.37,91.41,0.25,0.52,15,180,0,0,0,0,0,0,NA,NA,NA,NA,NA,NA,NA
20200502,052900,0,9.83,0.33,81.14,0.22,0.52,15.06,180,0,0,0,0,0,0,NA,NA,NA,NA,NA,NA,NA
20200502,053000,0,8.65,0.29,71.33,0.2,0.51,15.38,180,0,0,0,0,0,0,NA,NA,NA,NA,NA,NA,NA
20200502,053100,0,9.55,0.32,78.76,0.22,0.49,15.5,180,0,0,0,0,0,0,NA,NA,NA,NA,NA,NA,NA
20200502,053200,0,8.09,0.27,66.74,0.18,0.51,15.62,180,0,0,0,0,0,0,NA,NA,NA,NA,NA,NA,NA
20200502,053300,0,6.98,0.23,57.55,0.16,0.49,15.62,180,0,0,0,0,0,0,NA,NA,NA,NA,NA,NA,NA
20200502,053400,0,7.54,0.25,62.24,0.17,0.48,15.69,180,0,0,0,0,0,0,NA,NA,NA,NA,NA,NA,NA
20200502,053500,0,6.77,0.23,55.86,0.15,0.47,15.69,180,0,0,0,0,0,0,NA,NA,NA,NA,NA,NA,NA
20200502,053600,0,6.19,0.21,51.06,0.14,0.47,15.75,180,0,0,0,0,0,0,NA,NA,NA,NA,NA,NA,NA
20200502,053700,0,6.17,0.21,50.88,0.14,0.48,16,180,0,0,0,0,0,0,NA,NA,NA,NA,NA,NA,NA
20200502,053800,0,7.15,0.24,58.99,0.16,0.48,15.81,180,0,0,0,0,0,0,NA,NA,NA,NA,NA,NA,NA
20200502,053900,0,6.91,0.23,57.02,0.16,0.48,15.69,180,0,0,0,0,0,0,NA,NA,NA,NA,NA,NA,NA
20200502,054000,0,6.93,0.23,57.18,0.16,0.49,15.5,180,0,0,0,0,0,0,NA,NA,NA,NA,NA,NA,NA
20200502,054100,0,6.88,0.23,56.74,0.16,0.48,15.44,180,0,0,0,0,0,0,NA,NA,NA,NA,NA,NA,NA
20200502,054200,0,5.96,0.2,49.18,0.14,0.46,15.31,180,0,0,0,0,0,0,NA,NA,NA,NA,NA,NA,NA
20200502,054300,0,6.42,0.21,52.93,0.15,0.45,15.31,180,0,0,0,0,0,0,NA,NA,NA,NA,NA,NA,NA
20200502,054400,0,6.09,0.2,50.28,0.14,0.45,15.12,180,0,0,0,0,0,0,NA,NA,NA,NA,NA,NA,NA
20200502,054500,0,6.36,0.21,52.46,0.14,0.46,15.31,180,0,0,0,0,0,0,NA,NA,NA,NA,NA,NA,NA
20200502,054600,0,7.01,0.23,57.82,0.16,0.46,15.19,180,0,0,0,0,0,0,NA,NA,NA,NA,NA,NA,NA
20200502,054700,0,6.83,0.23,56.38,0.15,0.47,15.19,180,0,0,0,0,0,0,NA,NA,NA,NA,NA,NA,NA
20200502,054800,0,7.13,0.24,58.8,0.16,0.47,15.12,180,0,0,0,0,0,0,NA,NA,NA,NA,NA,NA,NA
20200502,054900,0,6.43,0.21,53.04,0.15,0.46,15.06,180,0,0,0,0,0,0,NA,NA,NA,NA,NA,NA,NA
20200502,055000,0,6.2,0.21,51.13,0.14,0.47,15.38,180,0,0,0,0,0,0,NA,NA,NA,NA,NA,NA,NA
20200502,055100,0,6.43,0.21,53.06,0.15,0.47,15.31,180,0,0,0,0,0,0,NA,NA,NA,NA,NA,NA,NA
20200502,055200,0,6.97,0.23,57.49,0.16,0.48,15.38,180,0,0,0,0,0,0,NA,NA,NA,NA,NA,NA,NA
20200502,055300,0,5.84,0.19,48.21,0.13,0.45,15.56,180,0,0,0,0,0,0,NA,NA,NA,NA,NA,NA,NA
20200502,055400,0,6.49,0.22,53.53,0.15,0.47,15.88,180,0,0,0,0,0,0,6,0.09,0.07,218.8,478.9,6,33.52
20200502,055500,0,6.56,0.22,54.15,0.15,0.48,15.88,180,0,0,0,0,0,0,9,0.1,0.08,218.8,494.7,6,39.58
20200502,055600,0,6.48,0.22,53.47,0.15,0.48,16.06,180,0,0,0,0,0,0,15,0.11,0.09,218.7,500.1,7,45.01
20200502,055700,0,5.63,0.19,46.48,0.13,0.46,16.12,180,0,0,0,0,0,0,24,0.14,0.11,218.6,490.3,7,53.93
20200502,055800,0,6.72,0.22,55.41,0.15,0.46,16.19,180,0,0,0,0,0,0,33,0.17,0.12,218.7,502.3,12,60.28
20200502,055900,0,5.89,0.2,48.57,0.13,0.45,16.31,180,0,0,0,0,0,0,43,0.22,0.15,218.7,491.4,10,73.71
20200502,060000,0,5.8,0.19,47.83,0.13,0.46,16.31,180,0,0,0,0,0,0,54,0.26,0.17,218.6,500.9,12,85.15
20200502,060100,0,6.11,0.2,50.44,0.14,0.45,16.44,135,0,0,0,0,0,0,62,0.3,0.18,218.6,518.9,12,93.4
20200502,060200,0,6.44,0.21,53.09,0.15,0.49,16.75,180,0,0,0,0,0,0,69,0.33,0.19,218.6,515,13,97.85
20200502,060300,0,5.99,0.2,49.44,0.14,0.49,17.12,180,0,0,0,0,0,0,77,0.37,0.21,218.8,511.3,15,107.37
20200502,060400,0,5.96,0.2,49.16,0.14,0.46,17,180,0,0,0,0,0,0,84,0.4,0.22,218.9,515.3,15,113.37
20200502,060500,0,6.07,0.2,50.06,0.14,0.46,16.94,180,0,0,0,0,0,0,90,0.44,0.23,218.8,525.4,16,120.84
20200502,060600,0,6.26,0.21,51.61,0.14,0.45,16.69,180,0,0,0,0,0,0,110,0.52,0.26,218.9,541,19,140.66
20200502,060700,0,6.19,0.21,51.06,0.14,0.45,16.62,180,0,0,0,0,0,0,134,0.63,0.28,218.9,575.2,24,161.06
20200502,060800,0,6.13,0.2,50.61,0.14,0.44,16.44,180,0,0,0,0,0,0,147,0.69,0.31,219,573.7,28,177.85
20200502,060900,0,5.66,0.19,46.71,0.13,0.45,16.5,180,0,0,0,0,0,0,156,0.73,0.32,219,565.2,30,180.86
20200502,061000,0,5.96,0.2,49.2,0.14,0.45,16.44,180,0,0,0,0,0,0,162,0.75,0.33,218.8,575.7,30,189.98
20200502,061100,0,5.86,0.19,48.33,0.13,0.46,16.44,180,0,0,0,0,0,0,168,0.78,0.34,218.8,580.3,30,197.3
20200502,061200,0,5.25,0.17,43.34,0.12,0.46,16.38,180,0,0,0,0,0,0,197,0.91,0.4,218.8,547.4,36,218.96
20200502,061300,0,6.23,0.21,51.37,0.14,0.47,16.44,180,3.99,0,0,0,0,0,207,0.96,0.43,218.8,540.2,36,232.29
20200502,061400,0,5.8,0.19,47.82,0.13,0.47,16.25,180,1.33,0,0,0,0,0,222,1.03,0.46,218.8,554.2,38,254.93
20200502,061500,0,5.87,0.2,48.4,0.13,0.48,16.31,180,5.32,0,0,0,0,0,249,1.15,0.5,218.8,553.5,42,276.75
20200502,061600,0,5.53,0.18,45.6,0.13,0.46,16.38,135,0,0,0,0,0,0,243,1.12,0.5,218.8,549.5,39,274.75
20200502,061700,0,5.91,0.2,48.73,0.13,0.5,16.5,180,0,0,0,0,0,0,288,1.32,0.58,218.8,540.3,45,313.37
20200502,061800,0,5.53,0.18,45.61,0.13,0.48,16.56,180,0,0,0,0,0,0,297,1.36,0.61,219,539.6,45,329.16
20200502,061900,0,6.08,0.2,50.19,0.14,0.49,16.69,180,0,0,0,0,0,0,345,1.6,0.72,219.1,528.3,53,380.38
20200502,062000,0,6.02,0.2,49.65,0.14,0.48,16.31,180,0,0,0,0,0,0,390,1.79,0.78,219.3,535.1,57,417.38
20200502,062100,0,5.78,0.19,47.67,0.13,0.49,16.31,180,0,0,0,0,0,0,417,1.9,0.83,219.4,530.2,60,440.07
20200502,062200,0,6.35,0.21,52.35,0.14,0.48,16.19,180,0,0,0,0,0,0,453,2.07,0.89,219.3,539.3,65,479.98
20200502,062300,0,6.1,0.2,50.33,0.14,0.49,16.5,180,0,0,0,0,0,0,474,2.17,0.93,219.3,535.5,68,498.02
20200502,062400,0,6.18,0.21,51.02,0.14,0.46,16.5,180,0,0,0,0,0,0,512,2.35,0.99,219.3,545.5,76,540.04
20200502,062500,0,5.18,0.17,42.71,0.12,0.47,16.69,180,0,0,0,0,0,0,542,2.48,1.04,219.2,545.2,79,567.01
20200502,062600,0,6.09,0.2,50.24,0.14,0.46,16.62,180,0,0,0,0,0,0,564,2.58,1.09,219.2,549.4,80,598.85
20200502,062700,0,6.1,0.2,50.3,0.14,0.48,16.62,180,0,0,0,0,0,0,591,2.7,1.14,219.2,544.8,83,621.07
20200502,062800,0,5.82,0.19,47.98,0.13,0.46,16.56,180,0,0,0,0,0,0,582,2.66,1.12,219.3,540.2,83,605.02
20200502,062900,0,6.54,0.22,53.93,0.15,0.45,16.81,180,0,0,0,0,0,0,528,2.4,1,219.4,550.3,79,550.3
20200502,063000,0,5.87,0.2,48.43,0.13,0.46,16.81,180,0,0,0,0,0,0,627,2.9,1.21,219.5,549.8,95,665.26
20200502,063100,0,5.66,0.19,46.72,0.13,0.46,17.06,180,0,0,0,0,0,0,702,3.21,1.41,219.5,522.1,106,736.16
20200502,063200,0,6.02,0.2,49.68,0.14,0.48,17.38,180,0,0,0,0,0,0,732,3.34,1.39,219.6,544.9,111,757.41
20200502,063300,0,6.33,0.21,52.22,0.14,0.47,17.25,180,0,0,0,0,0,0,768,3.5,1.43,219.8,555.3,108,794.08
20200502,063400,0,6.05,0.2,49.91,0.14,0.47,17.44,180,0,0,0,0,0,0,681,3.31,1.42,219.7,534.4,115,758.85
20200502,063500,0,5.75,0.19,47.48,0.13,0.48,17.31,180,0,0,0,0,0,0,864,3.94,1.63,219.9,548.8,123,894.54
20200502,063600,0,6.11,0.2,50.44,0.14,0.47,17.69,180,0,0,0,0,0,0,894,4.06,1.65,220,552.8,126,912.12
20200502,063700,0,5.77,0.19,47.59,0.13,0.46,17.62,180,0,0,0,0,0,0,927,4.23,1.7,219.8,566.2,130,962.54
20200502,063800,0,5.95,0.2,49.06,0.13,0.45,17.5,180,0,0,0,0,0,0,957,4.38,1.76,219.9,565,133,994.4
20200502,063900,0,5.99,0.2,49.43,0.14,0.46,17.62,180,0,0,0,0,0,0,1000,4.55,1.83,219.8,563.7,138,1031.57
20200502,064000,0,6.13,0.2,50.59,0.14,0.47,17.75,180,0,0,0,0,0,0,1032,4.7,1.87,220,569,144,1064.03
20200502,064100,0,5.92,0.2,48.83,0.13,0.44,17.81,180,0,0,0,0,0,0,1062,4.84,1.91,219.9,570.2,147,1089.08
20200502,064200,0,5.65,0.19,46.61,0.13,0.46,18.12,180,0,0,0,0,0,0,1092,4.97,1.96,219.9,570.1,150,1117.4
20200502,064300,0,6.13,0.2,50.61,0.14,0.48,18.44,180,0,0,0,0,0,0,1119,5.09,2.03,220,563.5,155,1143.9
20200502,064400,0,6.34,0.21,52.29,0.14,0.48,18.75,180,0,0,0,0,0,0,1150,5.26,2.05,220,577.2,155,1183.26
20200502,064500,0,6.39,0.21,52.72,0.14,0.45,18.88,180,0,0,0,0,0,0,1170,5.33,2.08,220,578.2,158,1202.66
20200502,064600,0,6.91,0.23,56.97,0.16,0.47,19,180,0,0,0,0,0,0,1173,5.33,2.08,220,574,158,1193.92
20200502,064700,0,6.57,0.22,54.2,0.15,0.47,19.19,180,0,0,0,0,0,0,1155,5.27,2.07,220.1,576.6,155,1193.56
20200502,064800,0,7.12,0.24,58.75,0.16,0.48,19.44,180,0,0,0,0,0,0,1041,4.74,1.89,219.8,572.7,140,1082.4
20200502,064900,0,7.17,0.24,59.11,0.16,0.48,19.75,180,0,0,0,0,0,0,1236,5.63,2.2,220,576.2,165,1267.64
20200502,065000,0,6.98,0.23,57.6,0.16,0.48,20.12,180,0,0,0,0,0,0,1280,5.82,2.26,220,582,170,1315.32
20200502,065100,0,6.3,0.21,52,0.14,0.47,19.94,180,0,0,0,0,0,0,1254,5.71,2.26,219.9,571.3,167,1291.14
20200502,065200,0,6.26,0.21,51.63,0.14,0.48,19.88,180,0,0,0,0,0,0,1290,5.87,2.32,219.9,570.1,170,1322.63
20200502,065300,0,5.45,0.18,44.93,0.12,0.45,19.75,180,0,0,0,0,0,0,1301,5.93,2.31,219.9,573.6,172,1325.02
20200502,065400,0,6.14,0.2,50.66,0.14,0.48,19.62,180,0,0,0,0,0,0,1347,6.13,2.37,219.9,586.8,176,1390.72
20200502,065500,0,6.13,0.2,50.57,0.14,0.49,19.44,180,0,0,0,0,0,0,1360,6.21,2.4,219.7,578.8,176,1389.12
20200502,065600,0,6.27,0.21,51.69,0.14,0.48,19.5,180,0,0,0,0,0,0,1473,6.7,2.55,220,585.1,191,1492
20200502,065700,0,5.7,0.19,47.03,0.13,0.47,19.44,180,0,0,0,0,0,0,1523,6.93,2.67,220,587.2,197,1567.82
20200502,065800,0,5.81,0.19,47.89,0.13,0.46,19.56,180,0,0,0,0,0,0,1545,7.03,2.7,220,583.5,197,1575.45
20200502,065900,0,6.01,0.2,49.6,0.14,0.46,19.56,180,0,0,0,0,0,0,1605,7.31,2.8,219.9,587.8,207,1645.84
20200502,070000,0,5.77,0.19,47.62,0.13,0.48,20.06,180,0,0,0,0,0,0,1716,7.84,3,220,587.6,220,1762.8
20200502,070100,0,5.57,0.19,45.92,0.13,0.47,20.25,180,0,0,0,0,0,0,1791,8.13,3.1,220,583.8,228,1809.78
20200502,070200,0,5.72,0.19,47.2,0.13,0.47,20.25,180,0,0,0,0,0,0,1845,8.39,3.22,220.3,586.6,232,1888.85
20200502,070300,0,6.09,0.2,50.22,0.14,0.46,20.56,180,0,0,0,0,0,0,1850,8.4,3.2,220.1,586.2,237,1875.84
20200502,070400,0,5.89,0.2,48.57,0.13,0.45,21.56,180,0,0,0,0,0,0,1755,7.98,3.02,220.1,584.1,223,1763.98
20200502,070500,0,5.93,0.2,48.89,0.13,0.45,22.31,180,0,0,0,0,0,0,1722,7.83,3.12,219.9,566.3,222,1766.86
20200502,070600,0,5.82,0.19,48,0.13,0.47,22.75,180,0,0,0,0,0,0,1962,8.92,3.42,220.1,587.2,246,2008.22
20200502,070700,0,5.9,0.2,48.64,0.13,0.49,23.56,180,0,0,0,0,0,0,2019,9.18,3.53,220.2,584.3,254,2062.58
20200502,070800,0,5.62,0.19,46.35,0.13,0.49,23.62,180,0,0,0,0,0,0,2046,9.28,3.56,220.1,579.8,258,2064.09
20200502,070900,0,5.94,0.2,48.99,0.13,0.48,24.56,180,0,0,0,0,0,0,2103,9.59,3.65,220.3,589.4,266,2151.31
20200502,071000,0,5.93,0.2,48.93,0.13,0.48,25.44,180,0,0,0,0,0,0,2151,9.77,3.77,220.4,581.9,270,2193.76
20200502,071100,0,6.32,0.21,52.11,0.14,0.46,25.5,180,0,0,0,0,0,0,2124,9.64,3.74,220.3,578.8,267,2164.71
20200502,071200,0,6.68,0.22,55.12,0.15,0.46,26.31,180,0,0,0,0,0,0,2232,10.12,3.95,220.5,575,278,2271.25
20200502,071300,0,6.19,0.21,51.03,0.14,0.45,26.62,180,0,0,0,0,0,0,2301,10.43,4.04,220.7,577.4,289,2332.7
20200502,071400,0,7.21,0.24,59.5,0.16,0.48,26.19,180,0,0,0,0,0,0,2349,10.65,4.17,220.8,569.6,293,2375.23
20200502,071500,0,5.88,0.2,48.51,0.13,0.46,25.25,180,0,0,0,0,0,0,2374,10.77,4.24,220.6,573.6,295,2432.06
20200502,071600,0,6.45,0.21,53.22,0.15,0.45,25.94,180,0,0,0,0,0,0,2413,10.94,4.32,220.7,567.3,299,2450.74
20200502,071700,0,6.27,0.21,51.73,0.14,0.45,26.12,180,0,0,0,0,0,0,2478,11.25,4.42,220.8,571.8,307,2527.36
20200502,071800,0,5.73,0.19,47.26,0.13,0.47,25.88,180,0,0,0,0,0,0,2529,11.48,4.51,220.8,571.5,315,2577.46
20200502,071900,0,6.17,0.21,50.93,0.14,0.48,25.44,180,0,0,0,0,0,0,2571,11.65,4.61,220.8,568,319,2618.48
20200502,072000,0,6.05,0.2,49.88,0.14,0.47,26.88,180,0,0,0,0,0,0,2523,11.44,4.45,220.8,570.4,313,2538.28
20200502,072100,0,6.69,0.22,55.23,0.15,0.48,27.5,180,0,0,0,0,0,0,2658,12.03,4.71,221,569.2,328,2680.93
20200502,072200,0,6.25,0.21,51.56,0.14,0.48,27.56,180,0,0,0,0,0,0,2708,12.26,4.79,221.1,576.1,336,2759.52
20200502,072300,0,6.13,0.2,50.56,0.14,0.48,27.44,180,0,0,0,0,0,0,2748,12.44,4.91,221,568,337,2788.88
20200502,072400,0,6.97,0.23,57.54,0.16,0.48,27.94,180,0,0,0,0,0,0,2814,12.74,5,220.9,571.5,345,2857.5
20200502,072500,0,6.15,0.2,50.77,0.14,0.47,28.12,180,0,0,0,0,0,0,2850,12.92,5.08,221,567.3,350,2881.88
20200502,072600,0,5.88,0.2,48.54,0.13,0.47,28.38,180,0,0,0,0,0,0,2859,12.95,5.08,221.1,573.8,348,2914.9
20200502,072700,0,6.12,0.2,50.52,0.14,0.46,28.5,180,0,0,0,0,0,0,2841,13.08,5.16,221.1,570.9,350,2945.84
20200502,072800,0,6.25,0.21,51.58,0.14,0.45,28.38,135,0,0,0,0,0,0,2901,13.13,5.19,221.2,569.9,353,2957.78
20200502,072900,0,5.74,0.19,47.4,0.13,0.47,28.19,180,0,0,0,0,0,0,2937,13.28,5.22,221.1,570.6,354,2978.53
20200502,073000,0,6.23,0.21,51.39,0.14,0.47,28.62,180,0,0,0,0,0,0,2982,13.56,5.36,221.1,568.5,362,3047.16
20200502,073100,0,5.82,0.19,48.03,0.13,0.47,28.69,180,0,0,0,0,0,0,3051,13.72,5.36,221,571.8,368,3064.85
20200502,073200,0,5.91,0.2,48.77,0.13,0.48,29.75,180,0,0,0,0,0,0,2535,11.46,4.51,220.5,565.1,309,2548.6
20200502,073300,0,6.1,0.2,50.32,0.14,0.46,30.44,180,0,0,0,0,0,0,2211,10.05,4.02,220,558.1,269,2243.56
20200502,073400,0,5.16,0.17,42.6,0.12,0.45,30.62,180,0,0,0,0,0,0,2433,11.04,4.42,220.5,561.7,296,2482.71
20200502,073500,0,4.88,0.16,40.26,0.11,0.48,31,180,0,0,0,0,0,0,2351,10.66,4.25,220.5,560,287,2380
20200502,073600,0,5.43,0.18,44.81,0.12,0.47,30.38,180,0,0,0,0,0,0,2706,12.25,4.84,220.8,564.3,325,2731.21
20200502,073700,0,5.51,0.18,45.44,0.12,0.47,29,180,0,0,0,0,0,0,2817,12.75,5,221.1,564.6,342,2823
20200502,073800,0,5.52,0.18,45.56,0.13,0.47,28.38,180,0,0,0,0,0,0,2634,11.94,4.77,220.8,559.5,315,2668.81
20200502,073900,0,4.88,0.16,40.3,0.11,0.46,28.38,180,0,0,0,0,0,0,2574,11.61,4.61,220.5,564.1,312,2600.5
20200502,074000,0,4.91,0.16,40.47,0.11,0.46,28.31,180,0,0,0,0,0,0,2454,11.07,4.38,220.3,559.2,298,2449.3
20200502,074100,0,5.05,0.17,41.69,0.11,0.49,27.75,180,0,0,0,0,0,0,2667,12.08,4.82,220.4,563.4,324,2715.59
20200502,074200,0,5.32,0.18,43.89,0.12,0.49,27.5,180,0,0,0,0,0,0,2784,12.61,5.02,220.2,562.4,337,2823.25
20200502,074300,0,4.76,0.16,39.3,0.11,0.46,28.06,180,0,0,0,0,0,0,2898,13.15,5.32,220.5,562.4,348,2991.97
20200502,074400,0,4.76,0.16,39.29,0.11,0.48,28.75,180,0,0,0,0,0,0,2902,13.17,5.25,220.4,560.1,351,2940.53
20200502,074500,0,5.45,0.18,44.93,0.12,0.47,28.44,180,0,0,0,0,0,0,2904,13.17,5.27,220.4,559.6,350,2949.09
20200502,074600,0,5.34,0.18,44.04,0.12,0.47,29.06,180,0,0,0,0,0,0,3150,14.28,5.69,220.6,564.3,379,3210.87
20200502,074700,0,5.85,0.19,48.24,0.13,0.48,29,180,0,0,0,0,0,0,3048,13.91,5.54,220.7,562.6,368,3116.8
20200502,074800,0,5.13,0.17,42.3,0.12,0.49,30,180,0,0,0,0,0,0,3162,14.32,5.77,221,560.1,376,3231.78
20200502,074900,0,5.47,0.18,45.11,0.12,0.48,30.5,180,0,0,0,0,0,0,2710,12.2,4.86,220.3,555.8,331,2701.19
20200502,075000,0,5.81,0.19,47.94,0.13,0.48,30.38,180,0,0,0,0,0,0,2853,12.99,5.19,220.6,564.1,345,2927.68
20200502,075100,0,4.64,0.15,38.29,0.11,0.48,30.38,180,0,0,0,0,0,0,3027,13.71,5.47,220.8,563.3,365,3081.25
20200502,075200,0,4.74,0.16,39.13,0.11,0.47,30.69,180,0,0,0,0,0,0,3417,15.46,6.15,221.1,560.3,411,3445.84
20200502,075300,0,5.53,0.18,45.66,0.13,0.46,30.94,180,0,0,0,0,0,0,3565,16.11,6.45,221.3,562.9,429,3630.7
20200502,075400,0,5.08,0.17,41.94,0.12,0.47,30.88,180,0,0,0,0,0,0,3816,17.23,6.85,221.5,561.7,459,3847.64
20200502,075500,0,5.24,0.17,43.21,0.12,0.46,31.19,180,0,0,0,0,0,0,3744,16.8,6.72,221.4,560.5,452,3766.56
20200502,075600,0,4.68,0.16,38.65,0.11,0.46,31.81,180,0,0,0,0,0,0,3843,17.54,7.05,221.6,559.9,462,3947.29
20200502,075700,0,4.37,0.15,36.02,0.1,0.46,30.62,180,0,0,0,0,0,0,4026,18.2,7.29,221.7,559.2,485,4076.57
20200502,075800,0,5.34,0.18,44.03,0.12,0.46,30.12,180,0,0,0,0,0,0,4064,18.31,7.33,221.6,563.2,490,4128.26
20200502,075900,0,4.81,0.16,39.66,0.11,0.47,30.75,90,2.66,0,0,0,0,0,4041,18.23,7.31,221.7,555.3,490,4059.24
20200502,080000,0,4.72,0.16,38.92,0.11,0.49,30.56,180,2.66,0,0,0,0,0,4109,18.56,7.47,221.5,554.3,496,4140.62
20200502,080100,0,5.96,0.2,49.2,0.14,0.49,30.19,135,7.98,0,0,0,0,0,4130,18.63,7.53,221.7,553.8,499,4170.11
20200502,080200,0,5.2,0.17,42.87,0.12,0.51,29.25,135,2.66,0,0,0,0,0,4152,18.73,7.54,221.7,554.7,503,4182.44
20200502,080300,0,4.51,0.15,37.22,0.1,0.5,30.31,90,3.99,0,0,0,0,0,4173,18.82,7.56,221.7,555.4,505,4198.82
20200502,080400,0,4.8,0.16,39.58,0.11,0.51,29.81,90,7.98,0,0,0,0,0,4197,18.95,7.7,221.6,553.9,508,4265.03
20200502,080500,0,4.55,0.15,37.52,0.1,0.48,30.31,90,3.99,0,0,0,0,0,4227,19.05,7.76,221.7,549.2,513,4261.79
20200502,080600,0,4.75,0.16,39.19,0.11,0.48,30.88,180,2.66,0,0,0,0,0,4242,19.16,7.84,221.8,552.7,516,4333.17
20200502,080700,0,4.42,0.15,36.43,0.1,0.46,30.62,45,5.32,0,0,0,0,0,4272,19.27,7.83,221.8,552.1,520,4322.94
20200502,080800,0,4.42,0.15,36.5,0.1,0.47,30.62,180,6.65,0,0,0,0,0,4302,19.38,7.86,221.9,551.6,525,4335.58
20200502,080900,0,4.78,0.16,39.43,0.11,0.45,29.5,0,6.65,0,0,0,0,0,4313,19.45,7.89,221.7,552.5,525,4359.22
20200502,081000,0,4.02,0.13,33.17,0.09,0.46,29.88,45,6.65,0,0,0,0,0,4299,19.44,7.97,221.6,550.1,525,4384.3
20200502,081100,0,3.94,0.13,32.48,0.09,0.45,30.06,45,2.66,0,0,0,0,0,4290,19.36,7.86,221.7,553.4,525,4349.72
20200502,081200,0,4.77,0.16,39.35,0.11,0.47,30,45,10.64,0,0,0,0,0,4370,19.65,8,221.6,553.7,534,4429.6
20200502,081300,0,4.17,0.14,34.37,0.09,0.47,29.62,135,5.32,0,0,0,0,0,4422,19.94,8.25,221.8,545.1,540,4497.07
20200502,081400,0,4.48,0.15,36.98,0.1,0.47,28.94,135,5.32,0,0,0,0,0,4457,20.09,8.29,221.7,544.3,543,4512.25
20200502,081500,0,3.98,0.13,32.84,0.09,0.46,29.19,135,1.33,0,0,0,0,0,4479,20.18,8.31,221.9,544.2,546,4522.3
20200502,081600,0,5.02,0.17,41.43,0.11,0.46,29.25,0,10.64,0,0,0,0,0,4509,20.33,8.37,222,548.8,551,4593.46
20200502,081700,0,4.26,0.14,35.12,0.1,0.46,28.19,135,6.65,0,0,0,0,0,3891,16.7,6.95,221,532.6,554,3701.57
20200502,081800,0,4.83,0.16,39.81,0.11,0.45,27.62,135,7.98,0,0,0,0,0,4544,20.49,8.44,221.9,544.2,555,4593.05
20200502,081900,0,4.04,0.13,33.33,0.09,0.45,28.44,135,0,0,0,0,0,0,4559,20.54,8.47,221.9,549.2,557,4651.72
20200502,082000,0,3.74,0.12,30.87,0.08,0.48,29.31,135,2.66,0,0,0,0,0,4599,20.76,8.51,222,543.8,563,4627.74
20200502,082100,0,4.33,0.14,35.75,0.1,0.51,29.69,135,2.66,0,0,0,0,0,4628,20.84,8.62,222,548.4,566,4727.21
20200502,082200,0,4.54,0.15,37.48,0.1,0.49,29.25,135,2.66,0,0,0,0,0,4656,20.99,8.59,222,546.4,569,4693.58
20200502,082300,0,4.08,0.14,33.67,0.09,0.49,29.19,135,0,0,0,0,0,0,4677,21.08,8.64,222,547.6,575,4731.26
20200502,082400,0,3.9,0.13,32.17,0.09,0.5,28.12,135,10.64,0,0,0,0,0,4689,21.15,8.75,221.9,544,573,4760
20200502,082500,0,3.55,0.12,29.28,0.08,0.49,27.81,135,6.65,0,0,0,0,0,4722,21.3,8.81,221.8,539.8,578,4755.64
20200502,082600,0,3.85,0.13,31.75,0.09,0.49,27.81,135,10.64,0,0,0,0,0,4758,21.48,8.95,221.6,541.4,583,4845.53
20200502,082700,0,3.16,0.11,26.09,0.07,0.46,28.31,0,6.65,0,0,0,0,0,4794,21.6,8.93,221.9,542.8,587,4847.2
20200502,082800,0,3.74,0.12,30.81,0.08,0.45,28.81,90,5.32,0,0,0,0,0,4827,21.75,9,221.9,542.9,592,4886.1
20200502,082900,0,3.41,0.11,28.15,0.08,0.47,28.94,90,7.98,0,0,0,0,0,4854,21.88,9.11,221.8,538.9,595,4909.38
20200502,083000,0,3.59,0.12,29.66,0.08,0.45,29.94,225,3.99,0,0,0,0,0,4887,22.04,9.17,221.7,539.1,601,4943.55
20200502,083100,0,3.87,0.13,31.89,0.09,0.46,29.5,135,3.99,0,0,0,0,0,4923,22.19,9.19,221.9,542.3,604,4983.74
20200502,083200,0,3.35,0.11,27.61,0.08,0.48,29.12,135,1.33,0,0,0,0,0,4953,22.31,9.23,221.9,540,607,4984.2
20200502,083300,0,3.3,0.11,27.21,0.07,0.48,29.81,90,2.66,0,0,0,0,0,4976,22.41,9.38,222,541.6,611,5080.21
20200502,083400,0,3.58,0.12,29.53,0.08,0.49,29.69,0,11.97,0,0,0,0,0,4998,22.52,9.47,222,537.5,615,5090.12
20200502,083500,0,3.24,0.11,26.74,0.07,0.49,30.07,45,7.98,0,0,0,0,0,5025,22.64,9.48,222,534.8,619,5069.9
20200502,083600,0,3.42,0.11,28.22,0.08,0.49,30.44,45,3.99,0,0,0,0,0,5055,22.8,9.61,221.9,536.9,624,5159.61
20200502,083700,0,3.15,0.1,25.96,0.07,0.48,30.12,0,13.3,0,0,0,0,0,5097,22.96,9.61,222,536.1,628,5151.92
20200502,083800,0,3.21,0.11,26.49,0.07,0.49,30,45,7.98,0,0,0,0,0,5125,23.12,9.64,221.8,536.5,631,5171.86
20200502,083900,0,2.76,0.09,22.8,0.06,0.49,29.94,45,6.65,0,0,0,0,0,5160,23.26,9.79,221.9,538.7,636,5273.87
20200502,084000,0,3.11,0.1,25.65,0.07,0.49,30.31,180,2.66,0,0,0,0,0,5196,23.38,9.74,222.2,538.3,642,5243.04
20200502,084100,0,3.03,0.1,25.03,0.07,0.48,30.06,45,2.66,0,0,0,0,0,5229,23.54,9.98,222.4,535.2,647,5341.3
20200502,084200,0,2.99,0.1,24.67,0.07,0.48,30.31,0,10.64,0,0,0,0,0,5265,23.68,9.98,222.3,531.7,651,5306.37
20200502,084300,0,2.42,0.08,19.97,0.05,0.46,29.94,45,10.64,0,0,0,0,0,5291,23.81,10.13,222.3,533.7,656,5406.38
20200502,084400,0,2.83,0.09,23.37,0.06,0.46,30.62,45,3.99,0,0,0,0,0,5328,23.97,10.1,222.3,533.8,660,5391.38
20200502,084500,0,2.88,0.1,23.76,0.07,0.46,30.69,45,9.31,0,0,0,0,0,5356,24.09,10.23,222.3,532,663,5442.36
20200502,084600,0,2.43,0.08,20.04,0.06,0.45,30.19,45,9.31,0,0,0,0,0,5391,24.23,10.24,222.5,531.4,668,5441.54
20200502,084700,0,2.99,0.1,24.64,0.07,0.45,29.88,0,9.31,0,0,0,0,0,5423,24.38,10.3,222.4,535.2,672,5512.56
20200502,084800,0,3.2,0.11,26.4,0.07,0.45,29.75,0,3.99,0,0,0,0,0,5439,24.47,10.39,222.2,528.1,674,5486.96
20200502,084900,0,3.41,0.11,28.17,0.08,0.45,30.75,0,2.66,0,0,0,0,0,5475,24.63,10.51,222.4,533,680,5601.83
20200502,085000,0,2.89,0.1,23.83,0.07,0.46,31.19,335,5.32,0,0,0,0,0,5509,24.78,10.47,222.5,530.2,685,5551.19
20200502,085100,0,2.81,0.1,23.16,0.06,0.47,31.07,335,5.99,0,0,0,0,0,5568,25.03,10.69,222.4,530.9,691,5675.32
20200502,085200,0,2.73,0.09,22.49,0.06,0.48,30.94,335,6.65,0,0,0,0,0,5607,25.19,10.67,222.7,532.9,697,5686.04
20200502,085300,0,2.71,0.09,22.39,0.06,0.49,30,0,5.32,0,0,0,0,0,5643,25.35,10.83,222.7,529.3,700,5732.32
20200502,085400,0,2.8,0.09,23.11,0.06,0.5,30.62,45,3.99,0,0,0,0,0,5681,25.5,10.84,222.7,528.8,706,5732.19
20200502,085500,0,2.73,0.09,22.56,0.06,0.48,30.38,0,2.66,0,0,0,0,0,5712,25.64,10.93,222.8,533.8,712,5834.43
20200502,085600,0,3.03,0.1,25,0.07,0.49,30.5,335,3.99,0,0,0,0,0,5774,25.92,10.99,222.8,529.2,720,5815.91
20200502,085700,0,2.63,0.09,21.68,0.06,0.47,30.5,45,9.31,0,0,0,0,0,5794,26,11.13,222.7,532.8,723,5930.06
20200502,085800,0,2.66,0.09,21.96,0.06,0.47,31.38,180,2.66,0,0,0,0,0,5823,26.19,11.22,222.8,528.8,727,5933.14
20200502,085900,0,2.85,0.09,23.53,0.06,0.46,31.19,135,3.99,0,0,0,0,0,5871,26.34,11.31,222.7,524.2,733,5928.7
20200502,090000,0,2.99,0.1,24.7,0.07,0.47,31.12,0,9.31,0,0,0,0,0,5888,26.46,11.41,222.7,528.6,736,6031.33
20200502,090100,0,2.96,0.1,24.4,0.07,0.48,31.19,180,2.66,0,0,0,0,0,5925,26.62,11.39,222.6,525,742,5979.75
20200502,090200,0,2.58,0.09,21.31,0.06,0.46,31.06,135,2.66,0,0,0,0,0,5955,26.72,11.54,222.7,526.2,745,6072.35
20200502,090300,0,3.06,0.1,25.22,0.07,0.46,30.81,135,0,0,0,0,0,0,5979,26.85,11.6,222.6,525.3,750,6093.48
20200502,090400,0,2.93,0.1,24.19,0.07,0.47,30.44,180,3.99,0,0,0,0,0,6000,26.95,11.53,222.6,528.4,753,6092.45
20200502,090500,0,2.82,0.09,23.26,0.06,0.46,30.25,135,5.32,0,0,0,0,0,6021,27.04,11.64,222.7,523.9,756,6098.2
20200502,090600,0,2.52,0.08,20.78,0.06,0.45,30.88,180,3.99,0,0,0,0,0,6057,27.18,11.68,223,528.4,761,6171.71
20200502,090700,0,3.04,0.1,25.11,0.07,0.45,31.44,90,5.32,0,0,0,0,0,6079,27.27,11.68,222.9,524.4,764,6124.99
20200502,090800,0,2.74,0.09,22.58,0.06,0.44,31.25,90,13.3,0,0,0,0,0,6105,27.36,11.83,223,527.3,767,6237.96
20200502,090900,0,2.4,0.08,19.79,0.05,0.45,30.44,180,0,0,0,0,0,0,6128,27.48,11.89,222.6,521,770,6194.69
20200502,091000,0,2.84,0.09,23.41,0.06,0.44,30.81,45,5.32,0,0,0,0,0,6168,27.67,11.91,222.8,527.7,774,6284.91
20200502,091100,0,3.19,0.11,26.34,0.07,0.45,29.94,180,2.66,0,0,0,0,0,6186,27.77,11.84,222.8,529.7,776,6271.65
20200502,091200,0,2.61,0.09,21.57,0.06,0.45,29.5,180,2.66,0,0,0,0,0,6192,27.83,11.97,222.7,526.3,777,6299.81
20200502,091300,0,2.69,0.09,22.22,0.06,0.45,29,90,11.97,0,0,0,0,0,6174,27.77,11.91,222.3,523.6,776,6236.08
20200502,091400,0,2.79,0.09,23.04,0.06,0.45,29.5,90,2.66,0,0,0,0,0,6055,27.23,11.79,222.2,522.4,761,6159.1
20200502,091500,0,3.11,0.1,25.63,0.07,0.45,30,135,9.31,0,0,0,0,0,6054,27.14,11.64,222.3,524.8,762,6108.67
20200502,091600,0,2.87,0.1,23.64,0.06,0.47,30.56,0,9.31,0,0,0,0,0,6120,27.36,11.77,222.3,521.2,776,6134.52
20200502,091700,0,2.45,0.08,20.23,0.06,0.47,30.31,135,13.3,0,0,0,0,0,6306,28.34,12.27,222.6,525.4,794,6446.66
20200502,091800,0,2.59,0.09,21.4,0.06,0.46,30.88,45,3.99,0,0,0,0,0,6342,28.43,12.26,223,524.7,799,6432.82
20200502,091900,0,2.38,0.08,19.59,0.05,0.45,30.31,0,10.64,0,0,0,0,0,6366,28.55,12.29,223,522.8,802,6425.21
20200502,092000,0,2.66,0.09,21.93,0.06,0.45,30.25,135,6.65,0,0,0,0,0,6204,27.86,12.08,222.7,523.5,785,6323.88
20200502,092100,0,2.82,0.09,23.28,0.06,0.45,29.62,90,11.97,0,0,0,0,0,6411,28.75,12.37,222.9,524.7,797,6490.54
20200502,092200,0,2.78,0.09,22.96,0.06,0.45,29.31,135,5.32,0,0,0,0,0,6165,27.34,11.72,222.4,525.9,780,6163.55
20200502,092300,0,2.7,0.09,22.27,0.06,0.45,29.5,135,6.65,0,0,0,0,0,6477,29.05,12.37,222.9,528,811,6531.36
20200502,092400,0,2.81,0.09,23.15,0.06,0.45,29.44,45,6.65,0,0,0,0,0,6469,29.03,12.49,222.8,527.8,811,6592.22
20200502,092500,0,2.83,0.09,23.35,0.06,0.45,28.88,135,9.31,0,0,0,0,0,6465,29.02,12.34,222.6,529.9,809,6538.97
20200502,092600,0,2.76,0.09,22.8,0.06,0.44,29.25,135,3.99,0,0,0,0,0,6458,29.01,12.45,222.6,530.5,809,6604.72
20200502,092700,0,2.39,0.08,19.71,0.05,0.44,28.94,180,9.31,0,0,0,0,0,6474,29.05,12.44,222.8,526.3,809,6547.17
20200502,092800,0,2.59,0.09,21.38,0.06,0.44,29.38,90,5.32,0,0,0,0,0,6471,29.04,12.44,222.8,531,811,6605.64
20200502,092900,0,2.78,0.09,22.9,0.06,0.45,29,180,3.99,0,0,0,0,0,6459,29.01,12.35,222.8,526.8,811,6505.98
20200502,093000,0,3.19,0.11,26.3,0.07,0.44,29,180,5.32,0,0,0,0,0,6459,29.01,12.47,222.6,526,811,6559.22
20200502,093100,0,3.57,0.12,29.49,0.08,0.43,28.62,180,10.64,0,0,0,0,0,6459,29,12.48,222.7,528.4,811,6594.43
20200502,093200,0,3.42,0.11,28.19,0.08,0.44,28.19,180,7.98,0,0,0,0,0,6466,29.05,12.59,222.9,525.6,812,6617.3
20200502,093300,0,3.73,0.12,30.79,0.08,0.45,28.69,135,7.98,0,0,0,0,0,6477,29.05,12.49,222.7,521.9,814,6518.53
20200502,093400,0,2.8,0.09,23.1,0.06,0.47,29.06,90,6.65,0,0,0,0,0,6477,29.07,12.52,222.8,523.1,815,6549.21
20200502,093500,0,3.1,0.1,25.53,0.07,0.47,29.56,135,10.64,0,0,0,0,0,6486,28.85,12.63,224.8,523,819,6605.49
20200502,093600,0,3.34,0.11,27.56,0.08,0.46,29.19,135,5.32,0,0,0,0,0,6486,28.84,12.63,224.9,521.9,819,6591.6
20200502,093700,0,3.69,0.12,30.42,0.08,0.46,29.31,180,1.33,0,0,0,0,0,6489,28.84,12.53,224.8,526.1,819,6592.03
20200502,093800,0,3.34,0.11,27.58,0.08,0.46,29.12,180,0,0,0,0,0,0,6492,28.86,12.66,224.8,518.4,820,6562.94
20200502,093900,0,2.88,0.1,23.75,0.07,0.46,29.19,135,6.65,0,0,0,0,0,6489,28.85,12.77,224.8,517.7,822,6611.03
20200502,094000,0,2.87,0.1,23.71,0.07,0.46,29.75,180,2.66,0,0,0,0,0,6486,28.82,12.67,224.8,515.7,823,6533.92
20200502,094100,0,2.74,0.09,22.6,0.06,0.46,29.38,180,1.33,0,0,0,0,0,6501,28.91,12.83,224.8,518.2,825,6648.51
20200502,094200,0,2.82,0.09,23.26,0.06,0.48,30.38,45,14.63,0,0,0,0,0,6522,29,12.86,224.8,517,828,6648.62
20200502,094300,0,2.56,0.09,21.09,0.06,0.47,30.75,45,3.99,0,0,0,0,0,6540,29.05,12.78,225.1,518.3,831,6623.87
20200502,094400,0,2.57,0.09,21.16,0.06,0.46,30.44,180,0,0,0,0,0,0,6543,29.08,12.9,225.1,515.4,832,6648.66
20200502,094500,0,2.66,0.09,21.92,0.06,0.47,29.81,225,2.66,0,0,0,0,0,6591,29.28,12.92,225,519.6,835,6713.23
20200502,094600,0,2.88,0.1,23.75,0.07,0.47,30.31,180,0,0,0,0,0,0,6631,29.46,13,225.1,515.3,840,6698.9
20200502,094700,0,3.06,0.1,25.25,0.07,0.46,30,90,13.3,0,0,0,0,0,6643,29.52,13.09,225.1,518.9,843,6792.4
20200502,094800,0,2.64,0.09,21.79,0.06,0.46,29.69,225,5.32,0,0,0,0,0,6663,29.61,13.02,225,516.5,844,6724.83
20200502,094900,0,2.78,0.09,22.9,0.06,0.46,29.12,180,3.99,0,0,0,0,0,6673,29.63,13.17,225.1,517.2,844,6811.52
20200502,095000,0,2.96,0.1,24.4,0.07,0.46,29.12,225,6.65,0,0,0,0,0,6708,29.78,13.2,225.2,519.3,847,6854.76
20200502,095100,0,2.71,0.09,22.34,0.06,0.45,30,180,3.99,0,0,0,0,0,6744,29.98,13.22,225.1,520.3,852,6878.37
20200502,095200,0,2.86,0.1,23.64,0.06,0.45,30.62,0,7.98,0,0,0,0,0,6766,30.03,13.14,225.2,523.9,852,6884.05
20200502,095300,0,3.2,0.11,26.4,0.07,0.45,30.38,135,17.29,0,0,0,0,0,6787,30.14,13.21,225.3,519.7,855,6865.24
20200502,095400,0,2.92,0.1,24.09,0.07,0.44,29.31,135,19.95,0,0,0,0,0,6786,30.1,13.28,225.3,523.3,857,6949.42
20200502,095500,0,2.97,0.1,24.54,0.07,0.45,29.06,135,14.63,0,0,0,0,0,6803,30.19,13.17,225.3,520.8,858,6858.94
20200502,095600,0,2.81,0.09,23.22,0.06,0.44,29.12,135,10.64,0,0,0,0,0,6825,30.28,13.36,225.4,522.2,860,6976.59
20200502,095700,0,2.87,0.1,23.71,0.07,0.44,29.5,180,2.66,0,0,0,0,0,6882,30.56,13.36,225.3,522.7,863,6983.27
20200502,095800,0,2.7,0.09,22.28,0.06,0.43,29.5,90,19.95,0,0,0,0,0,6900,30.63,13.49,225.3,523.3,864,7059.32
20200502,095900,0,2.69,0.09,22.18,0.06,0.44,29,135,18.62,0,0,0,0,0,6909,30.65,13.25,225.4,526.3,864,6973.47
20200502,100000,0,2.52,0.08,20.8,0.06,0.44,28.38,135,17.29,0,0,0,0,0,5742,24.99,11.56,223.8,499.4,866,5773.06
20200502,100100,0,2.97,0.1,24.52,0.07,0.46,28.62,135,11.97,0,0,0,0,0,6915,30.7,13.52,225.2,523.7,866,7080.42
20200502,100200,0,2.83,0.09,23.35,0.06,0.47,28.94,90,11.97,0,0,0,0,0,6915,30.67,13.41,225.4,521,869,6986.61
20200502,100300,0,2.59,0.09,21.4,0.06,0.46,29.06,90,18.62,0,0,0,0,0,6903,30.65,13.5,225.2,522.1,870,7048.35
20200502,100400,0,3.23,0.11,26.65,0.07,0.46,28.56,135,9.31,0,0,0,0,0,6888,30.55,13.51,225.1,514.4,870,6949.54
20200502,100500,0,2.66,0.09,21.94,0.06,0.47,29,180,3.99,0,0,0,0,0,6893,30.59,13.6,225.2,514.5,872,6997.2
20200502,100600,0,3,0.1,24.75,0.07,0.45,29,180,0,0,0,0,0,0,6915,30.7,13.53,225.2,517.1,875,6996.36
20200502,100700,0,2.8,0.09,23.11,0.06,0.46,30.25,0,2.66,0,0,0,0,0,6915,30.69,13.67,225.3,516.1,879,7055.09
20200502,100800,0,2.76,0.09,22.76,0.06,0.46,30.56,90,9.31,0,0,0,0,0,6912,30.68,13.51,225.2,518.6,878,7006.29
20200502,100900,0,2.69,0.09,22.15,0.06,0.47,31.06,45,6.65,0,0,0,0,0,6915,30.72,13.66,225.3,514.8,879,7032.17
20200502,101000,0,2.67,0.09,22,0.06,0.46,29.75,335,6.65,0,0,0,0,0,6921,30.7,13.77,225.1,512,882,7050.24
20200502,101100,0,3.11,0.1,25.66,0.07,0.47,30.5,90,9.31,0,0,0,0,0,6915,30.71,13.8,225,510.8,882,7049.04
20200502,101200,0,2.32,0.08,19.11,0.05,0.49,29.94,270,6.65,0,0,0,0,0,6912,30.72,13.64,225,514,884,7010.96
20200502,101300,0,2.78,0.09,22.96,0.06,0.49,29.81,180,2.66,0,0,0,0,0,6905,30.65,13.66,225.2,514.6,884,7029.44
20200502,101400,0,2.72,0.09,22.45,0.06,0.47,30,270,5.32,0,0,0,0,0,6904,30.65,13.71,225.1,513.8,886,7044.2
20200502,101500,0,2.6,0.09,21.43,0.06,0.47,30.5,45,3.99,0,0,0,0,0,6930,30.78,13.72,225.1,509.4,887,6988.97
20200502,101600,0,2.57,0.09,21.23,0.06,0.47,30.44,135,6.65,0,0,0,0,0,6974,30.97,13.88,225.1,513.7,892,7130.16
20200502,101700,0,2.52,0.08,20.77,0.06,0.48,30.75,180,3.99,0,0,0,0,0,7002,31.08,13.79,225.3,514.9,892,7100.47
20200502,101800,0,2.47,0.08,20.39,0.06,0.47,30.62,180,3.99,0,0,0,0,0,7005,31.08,13.78,225.3,519,892,7151.82
20200502,101900,0,2.23,0.07,18.43,0.05,0.46,30.25,135,6.65,0,0,0,0,0,7046,31.28,13.8,225.2,514.7,895,7102.86
20200502,102000,0,2.59,0.09,21.4,0.06,0.45,29.69,180,2.66,0,0,0,0,0,7080,31.44,13.99,225.3,518.7,898,7256.61
20200502,102100,0,2.17,0.07,17.87,0.05,0.45,29.56,225,7.98,0,0,0,0,0,7061,31.34,13.77,225.2,519,899,7146.63
20200502,102200,0,3.11,0.1,25.64,0.07,0.45,29.06,180,13.3,0,0,0,0,0,7062,31.34,13.92,225.3,518.2,898,7213.34
20200502,102300,0,2.92,0.1,24.06,0.07,0.45,29.12,225,7.98,0,0,0,0,0,7104,31.54,14.09,225.2,514.7,905,7252.12
20200502,102400,0,2.59,0.09,21.4,0.06,0.44,29.62,225,3.99,0,0,0,0,0,7092,31.46,13.95,225.3,512.9,907,7154.95
20200502,102500,0,2.55,0.08,21.04,0.06,0.46,30.06,225,3.99,0,0,0,0,0,7086,31.47,14.1,225.1,513.7,907,7243.17
20200502,102600,0,2.92,0.1,24.08,0.07,0.47,28.94,225,9.31,0,0,0,0,0,7080,31.41,13.92,225.2,514.5,908,7161.84
20200502,102700,0,2.95,0.1,24.31,0.07,0.46,28.69,225,3.99,0,0,0,0,0,7073,31.39,14.04,225.1,507.6,907,7126.7
20200502,102800,0,2.89,0.1,23.88,0.07,0.48,29.44,225,0,0,0,0,0,0,7059,31.35,14.03,225.1,508.2,908,7130.05
20200502,102900,0,2.66,0.09,21.92,0.06,0.49,29.5,225,5.32,0,0,0,0,0,7071,31.4,14.16,225.1,509.2,911,7210.27
20200502,103000,0,2.93,0.1,24.21,0.07,0.49,29.88,335,6.65,0,0,0,0,0,7068,31.39,14.18,225.1,507.5,911,7196.35
20200502,103100,0,2.76,0.09,22.79,0.06,0.46,30.25,225,13.3,0,0,0,0,0,7086,31.46,14.27,225,501.9,916,7162.11
20200502,103200,0,2.57,0.09,21.2,0.06,0.46,30,225,2.66,0,0,0,0,0,7101,31.57,14.28,224.9,503.3,919,7187.12
20200502,103300,0,2.64,0.09,21.8,0.06,0.45,31.44,180,1.33,0,0,0,0,0,7116,31.61,14.34,225.3,507.8,921,7281.85
20200502,103400,0,2.48,0.08,20.44,0.06,0.46,30.56,90,6.65,0,0,0,0,0,7125,31.64,14.26,225,504.9,922,7199.87
20200502,103500,0,2.87,0.1,23.69,0.07,0.46,31.31,180,1.33,0,0,0,0,0,7113,31.63,14.36,224.9,505.9,919,7264.72
20200502,103600,0,3.11,0.1,25.65,0.07,0.47,31.44,90,2.66,0,0,0,0,0,7129,31.68,14.25,225,506.6,921,7219.05
20200502,103700,0,2.67,0.09,22.07,0.06,0.45,31.56,135,6.65,0,0,0,0,0,7143,31.75,14.16,225,504.3,922,7140.89
20200502,103800,0,2.95,0.1,24.33,0.07,0.45,30.38,135,1.33,0,0,0,0,0,7170,31.85,14.2,225.1,509.7,924,7237.74
20200502,103900,0,2.61,0.09,21.55,0.06,0.46,30.62,180,3.99,0,0,0,0,0,7194,31.94,14.4,225.2,510.7,924,7354.08
20200502,104000,0,3.01,0.1,24.84,0.07,0.44,30.44,135,6.65,0,0,0,0,0,7215,32.13,14.31,224.6,512.3,925,7331.01
20200502,104100,0,2.83,0.09,23.35,0.06,0.44,30,180,6.65,0,0,0,0,0,7244,32.19,14.46,224.7,509,927,7360.14
20200502,104200,0,2.49,0.08,20.55,0.06,0.46,30.38,180,10.64,0,0,0,0,0,7257,32.32,14.43,224.8,512,930,7388.16
20200502,104300,0,2.74,0.09,22.57,0.06,0.46,30.06,135,11.97,0,0,0,0,0,7266,32.35,14.5,224.8,512.7,931,7434.15
20200502,104400,0,3.26,0.11,26.88,0.07,0.45,30.12,225,6.65,0,0,0,0,0,7262,32.27,14.41,224.8,507.7,933,7315.96
20200502,104500,0,2.6,0.09,21.45,0.06,0.44,29.94,180,7.98,0,0,0,0,0,7260,32.26,14.55,225,508.6,933,7400.13
20200502,104600,0,3.13,0.1,25.81,0.07,0.45,29.88,180,2.66,0,0,0,0,0,7271,32.29,14.55,225.1,510.9,934,7433.6
20200502,104700,0,2.54,0.08,20.96,0.06,0.44,29.94,225,10.64,0,0,0,0,0,7234,32.11,14.36,225.3,511.1,930,7339.4
20200502,104800,0,2.56,0.09,21.15,0.06,0.44,29.38,270,6.65,0,0,0,0,0,7261,32.2,14.55,225.5,507.8,931,7388.49
20200502,104900,0,2.89,0.1,23.82,0.07,0.45,29.19,225,6.65,0,0,0,0,0,7251,32.17,14.41,225.4,512.7,934,7388.01
20200502,105000,0,2.69,0.09,22.16,0.06,0.44,29.5,225,14.63,0,0,0,0,0,7263,32.23,14.46,225.3,508.2,933,7348.57
20200502,105100,0,3.02,0.1,24.88,0.07,0.43,29.19,225,13.3,0,0,0,0,0,7269,32.29,14.53,225.2,512.6,934,7448.08
20200502,105200,0,2.94,0.1,24.23,0.07,0.44,29.56,180,2.66,0,0,0,0,0,7287,32.33,14.46,225.3,508.2,934,7348.57
20200502,105300,0,2.58,0.09,21.29,0.06,0.44,29.88,180,9.31,0,0,0,0,0,7299,32.41,14.49,225.1,509.5,936,7382.65
20200502,105400,0,2.56,0.09,21.15,0.06,0.43,30.19,135,2.66,0,0,0,0,0,7302,32.42,14.62,225.2,510.2,937,7459.12
20200502,105500,0,2.66,0.09,21.98,0.06,0.44,30.69,180,0,0,0,0,0,0,7333,32.58,14.56,225,511.3,942,7444.53
20200502,105600,0,2.33,0.08,19.26,0.05,0.44,30.38,135,11.97,0,0,0,0,0,7350,32.64,14.59,225.1,516.6,939,7537.19
20200502,105700,0,2.58,0.09,21.27,0.06,0.44,30.06,90,15.96,0,0,0,0,0,7362,32.72,14.65,225.1,512.7,945,7511.06
20200502,105800,0,2.99,0.1,24.69,0.07,0.44,30.19,180,10.64,0,0,0,0,0,7395,32.83,14.67,225.2,515.1,946,7556.52
20200502,105900,0,3.05,0.1,25.15,0.07,0.44,30.12,135,6.65,0,0,0,0,0,7398,32.82,14.52,225.2,516.7,946,7502.48
20200502,110000,0,2.36,0.08,19.44,0.05,0.43,30,225,15.96,0,0,0,0,0,7381,32.76,14.65,225.3,511.5,948,7493.48
20200502,110100,0,2.36,0.08,19.47,0.05,0.46,29.62,180,9.31,0,0,0,0,0,7380,32.76,14.78,225.2,510.6,948,7546.67
20200502,110200,0,2.91,0.1,23.97,0.07,0.45,29.19,270,7.98,0,0,0,0,0,7384,32.81,14.64,225,511,951,7481.04
20200502,110300,0,2.93,0.1,24.17,0.07,0.46,29.62,270,7.98,0,0,0,0,0,7357,32.68,14.7,225.1,508.9,949,7480.83
20200502,110400,0,2.8,0.09,23.12,0.06,0.45,30.56,180,1.33,0,0,0,0,0,7347,32.65,14.71,225,508.2,951,7475.62
20200502,110500,0,2.96,0.1,24.42,0.07,0.46,30.25,180,3.99,0,0,0,0,0,7341,32.66,14.69,224.8,507.8,951,7459.58
20200502,110600,0,2.59,0.09,21.37,0.06,0.45,30.06,90,9.31,0,0,0,0,0,7335,32.63,14.54,224.7,507.2,949,7374.69
20200502,110700,0,2.8,0.09,23.07,0.06,0.45,30.44,225,10.64,0,0,0,0,0,7350,32.71,14.58,224.8,508.7,951,7416.85
20200502,110800,0,2.34,0.08,19.28,0.05,0.46,30.06,225,10.64,0,0,0,0,0,7375,32.8,14.62,224.9,510.3,951,7460.59
20200502,110900,0,2.54,0.08,20.95,0.06,0.46,29.75,180,6.65,0,0,0,0,0,7395,32.89,14.67,224.8,511.2,956,7499.3
20200502,111000,0,2.86,0.1,23.63,0.06,0.46,30.06,180,11.97,0,0,0,0,0,7410,32.96,14.84,224.8,509,957,7553.56
20200502,111100,0,2.45,0.08,20.22,0.06,0.45,29.75,135,13.3,0,0,0,0,0,7422,32.99,14.73,224.9,512.1,957,7543.23
20200502,111200,0,2.49,0.08,20.52,0.06,0.46,29.75,180,10.64,0,0,0,0,0,7439,33.05,14.81,225,508.3,957,7527.92
20200502,111300,0,3.27,0.11,27,0.07,0.46,30.06,180,6.65,0,0,0,0,0,7419,32.97,14.73,224.9,508.4,954,7488.73
20200502,111400,0,2.97,0.1,24.52,0.07,0.46,30.38,180,10.64,0,0,0,0,0,7434,33.04,14.88,224.9,511.5,956,7611.12
20200502,111500,0,3.01,0.1,24.81,0.07,0.46,29.88,180,9.31,0,0,0,0,0,7437,33.1,14.77,224.8,510.4,957,7538.61
20200502,111600,0,2.76,0.09,22.73,0.06,0.46,29.62,135,13.3,0,0,0,0,0,7446,33.11,14.9,224.8,511,960,7613.9
20200502,111700,0,3.03,0.1,25.02,0.07,0.45,30.06,225,7.98,0,0,0,0,0,7443,33.11,14.8,224.8,508.5,960,7525.8
20200502,111800,0,2.89,0.1,23.88,0.07,0.45,30.12,225,11.97,0,0,0,0,0,7476,33.26,14.86,224.7,512.4,965,7614.26
20200502,111900,0,2.88,0.1,23.73,0.07,0.45,30,225,10.64,0,0,0,0,0,7470,33.25,14.89,224.6,508.1,963,7565.61
20200502,112000,0,3.01,0.1,24.85,0.07,0.47,29.81,225,13.3,0,0,0,0,0,7449,33.15,14.9,224.6,512.4,965,7634.76
20200502,112100,0,2.47,0.08,20.39,0.06,0.46,29.56,225,9.31,0,0,0,0,0,7423,33.04,14.89,224.6,507.5,962,7556.68
20200502,112200,0,2.54,0.08,20.93,0.06,0.45,29.81,225,7.98,0,0,0,0,0,7425,33.03,14.98,224.6,503.1,963,7536.44
20200502,112300,0,2.95,0.1,24.35,0.07,0.44,30.38,180,1.33,0,0,0,0,0,7452,33.19,14.86,224.6,507.6,966,7542.94
20200502,112400,0,2.65,0.09,21.85,0.06,0.45,29.94,180,2.66,0,0,0,0,0,7416,33.02,14.87,224.6,507,959,7539.09
20200502,112500,0,2.67,0.09,22.02,0.06,0.46,29.81,180,9.31,0,0,0,0,0,7440,33.12,14.94,224.6,510.9,962,7632.85
20200502,112600,0,2.95,0.1,24.3,0.07,0.45,29.94,180,10.64,0,0,0,0,0,7479,33.26,14.85,224.7,509.2,966,7561.62
20200502,112700,0,2.79,0.09,22.98,0.06,0.45,30.31,135,3.99,0,0,0,0,0,7477,33.28,14.97,224.5,508.9,963,7618.23
20200502,112800,0,2.5,0.08,20.63,0.06,0.45,30.12,135,14.63,0,0,0,0,0,7440,33.14,14.8,224.6,511.6,960,7571.68
20200502,112900,0,2.63,0.09,21.7,0.06,0.46,30.06,90,19.95,0,0,0,0,0,7473,33.21,14.95,224.8,507,962,7579.65
20200502,113000,0,3.45,0.11,28.48,0.08,0.46,30.06,90,14.63,0,0,0,0,0,7479,33.24,14.92,224.7,507.2,962,7567.42
20200502,113100,0,2.61,0.09,21.51,0.06,0.45,30.81,180,5.32,0,0,0,0,0,7476,33.29,14.96,224.6,513,962,7674.48
20200502,113200,0,3.06,0.1,25.24,0.07,0.46,30.06,180,10.64,0,0,0,0,0,7502,33.39,14.91,224.6,511.2,963,7621.99
20200502,113300,0,2.78,0.09,22.93,0.06,0.45,30.75,180,6.65,0,0,0,0,0,7499,33.39,14.87,224.5,510.3,963,7588.16
20200502,113400,0,3.06,0.1,25.21,0.07,0.45,30.56,180,6.65,0,0,0,0,0,7509,33.43,14.81,224.5,512.6,965,7591.61
20200502,113500,0,3.47,0.12,28.66,0.08,0.46,30.25,180,7.98,0,0,0,0,0,7518,33.49,14.93,224.5,516.5,965,7711.35
20200502,113600,0,2.77,0.09,22.84,0.06,0.46,30.69,180,2.66,0,0,0,0,0,7519,33.5,14.78,224.6,513.3,965,7586.57
20200502,113700,0,3.14,0.1,25.88,0.07,0.46,31.06,180,6.65,0,0,0,0,0,7521,33.5,14.79,224.5,514.4,968,7607.98
20200502,113800,0,2.9,0.1,23.91,0.07,0.46,31.31,135,5.32,0,0,0,0,0,7506,33.4,14.95,224.5,507.8,966,7591.61
20200502,113900,0,3.21,0.11,26.45,0.07,0.47,31.38,180,7.98,0,0,0,0,0,7486,33.31,15.01,224.6,511.3,960,7674.61
20200502,114000,0,2.91,0.1,24,0.07,0.48,31.25,180,0,0,0,0,0,0,7470,33.25,14.85,224.7,510.5,968,7580.93
20200502,114100,0,2.72,0.09,22.44,0.06,0.48,31.38,225,3.99,0,0,0,0,0,7447,33.13,15.02,224.7,502.6,968,7549.05
20200502,114200,0,2.45,0.08,20.24,0.06,0.48,31.69,270,3.99,0,0,0,0,0,7450,33.15,14.79,224.7,510.7,965,7553.25
20200502,114300,0,2.84,0.09,23.46,0.06,0.46,31.75,135,6.65,0,0,0,0,0,6663,27.37,12.87,222.7,455.5,962,5862.28
20200502,114400,0,2.62,0.09,21.62,0.06,0.45,32.81,90,23.94,0,0,0,0,0,7441,33.1,14.8,224.6,511.8,963,7574.64
20200502,114500,0,2.69,0.09,22.17,0.06,0.45,31.62,135,3.99,0,0,0,0,0,7415,33.03,14.81,224.3,511.8,962,7579.76
20200502,114600,0,3.14,0.1,25.87,0.07,0.45,31.06,180,6.65,0,0,0,0,0,7425,33.09,14.77,224.3,508.2,962,7506.11
20200502,114700,0,2.77,0.09,22.83,0.06,0.46,31.19,225,15.96,0,0,0,0,0,7439,33.13,14.93,224.5,510.6,962,7623.26
20200502,114800,0,2.58,0.09,21.28,0.06,0.45,31.25,225,10.64,0,0,0,0,0,7463,33.23,14.82,224.5,509.6,962,7552.27
20200502,114900,0,2.86,0.1,23.6,0.06,0.45,31.06,225,13.3,0,0,0,0,0,7466,33.24,14.82,224.5,510.8,963,7570.06
20200502,115000,0,2.66,0.09,21.97,0.06,0.46,29.94,225,29.26,0,0,0,0,0,7473,33.28,14.99,224.6,508,963,7614.92
20200502,115100,0,2.96,0.1,24.4,0.07,0.47,30.81,225,5.32,0,0,0,0,0,7473,33.3,14.88,224.6,511.7,963,7614.1
20200502,115200,0,3.4,0.11,28.02,0.08,0.45,31.06,180,6.65,0,0,0,0,0,7503,33.34,14.94,224.8,507.4,966,7580.56
20200502,115300,0,3.35,0.11,27.64,0.08,0.46,31.25,225,3.99,0,0,0,0,0,7511,33.42,15.05,224.8,511.4,966,7696.57
20200502,115400,0,3.22,0.11,26.58,0.07,0.45,31.06,180,19.95,0,0,0,0,0,7497,33.35,14.89,224.7,508.7,966,7574.54
20200502,115500,0,2.68,0.09,22.1,0.06,0.45,30.69,180,7.98,0,0,0,0,0,7461,33.19,14.96,224.6,509.5,963,7622.12
20200502,115600,0,2.99,0.1,24.67,0.07,0.44,31.25,180,6.65,0,0,0,0,0,7434,33.09,14.89,224.5,507.9,960,7562.63
20200502,115700,0,2.84,0.09,23.41,0.06,0.45,30.94,180,2.66,0,0,0,0,0,7435.5,33.09,14.86,224.53,507.95,960.75,7548.14
20200502,115800,0,3.3,0.11,27.2,0.07,0.45,30.5,180,3.99,0,0,0,0,0,7437,33.09,14.82,224.55,508,961.5,7528.56
20200502,115900,0,2.81,0.09,23.21,0.06,0.46,31.19,225,0,0,0,0,0,0,7438.5,33.09,14.79,224.57,508.05,962.25,7514.06
20200502,120000,0,2.77,0.09,22.86,0.06,0.46,31.29,213.75,2.33,0,0,0,0,0,7440,33.1,14.76,224.6,508.1,963,7499.56
20200502,120100,0,2.73,0.09,22.5,0.06,0.46,31.38,202.5,4.66,0,0,0,0,0,7425,33.02,14.74,224.7,508.6,962,7496.76
20200502,120200,0,2.68,0.09,22.14,0.06,0.46,31.47,191.25,6.99,0,0,0,0,0,7424,33.02,14.87,224.7,509.8,960,7580.73
20200502,120300,0,2.64,0.09,21.79,0.06,0.45,31.56,180,9.31,0,0,0,0,0,7412,32.97,14.72,224.8,510.8,959,7518.98
20200502,120400,0,3.03,0.1,24.97,0.07,0.45,31.19,180,9.31,0,0,0,0,0,7386,32.87,14.81,224.7,507.6,956,7517.56
20200502,120500,0,2.72,0.09,22.4,0.06,0.45,31.25,90,14.63,0,0,0,0,0,7344,32.7,14.55,224.5,510.8,951,7432.14
20200502,120600,0,3.2,0.11,26.36,0.07,0.44,30.62,90,11.97,0,0,0,0,0,7338,32.69,14.57,224.4,510,953,7430.7
20200502,120700,0,2.63,0.09,21.73,0.06,0.44,30,135,6.65,0,0,0,0,0,7386,32.89,14.8,224.5,508.1,957,7519.88
20200502,120800,0,2.66,0.09,21.91,0.06,0.43,30.31,45,7.98,0,0,0,0,0,7405,32.99,14.74,224.4,512.3,959,7551.3
20200502,120900,0,2.94,0.1,24.22,0.07,0.43,30.94,225,22.61,0,0,0,0,0,7428,33.08,14.84,224.4,507.8,959,7535.75
20200502,121000,0,2.86,0.1,23.58,0.06,0.43,30.12,225,10.64,0,0,0,0,0,7410,33.04,14.81,224.3,512.1,960,7584.2
20200502,121100,0,3,0.1,24.72,0.07,0.43,30.25,225,29.26,0,0,0,0,0,7404,33.03,14.67,224.1,511,959,7496.37
20200502,121200,0,3.13,0.1,25.82,0.07,0.43,30.19,225,14.63,0,0,0,0,0,7434,33.17,14.91,224.1,508.7,963,7584.72
20200502,121300,0,3.2,0.11,26.39,0.07,0.42,30.31,270,14.63,0,0,0,0,0,7423,33.09,14.87,224.3,510,962,7583.7
20200502,121400,0,2.66,0.09,21.91,0.06,0.43,30.5,225,14.63,0,0,0,0,0,7395,32.94,14.53,224.5,514.8,956,7480.04
20200502,121500,0,2.65,0.09,21.9,0.06,0.43,30.75,180,7.98,0,0,0,0,0,7357,32.79,14.64,224.4,511.3,953,7485.43
20200502,121600,0,3.1,0.1,25.59,0.07,0.44,30.62,270,21.28,0,0,0,0,0,7347,32.71,14.66,224.4,506.8,953,7429.69
20200502,121700,0,3.05,0.1,25.16,0.07,0.43,30.44,225,9.31,0,0,0,0,0,7275,32.41,14.52,224.3,511.1,940,7421.17
20200502,121800,0,2.86,0.1,23.57,0.06,0.44,30.5,335,10.64,0,0,0,0,0,7209,32.12,14.34,224.1,507.9,931,7283.29
20200502,121900,0,3.05,0.1,25.16,0.07,0.44,30.62,225,13.3,0,0,0,0,0,7239,32.29,14.38,224.1,509.9,936,7332.36
20200502,122000,0,3.1,0.1,25.55,0.07,0.44,31.56,135,5.32,0,0,0,0,0,7308,32.59,14.5,224.1,509.4,945,7386.3
20200502,122100,0,2.65,0.09,21.85,0.06,0.45,32.62,180,7.98,0,0,0,0,0,7320,32.67,14.44,224.1,512.2,942,7396.17
20200502,122200,0,2.83,0.09,23.34,0.06,0.44,31.69,225,14.63,0,0,0,0,0,7376,32.92,14.64,224,515.3,948,7543.99
20200502,122300,0,3.42,0.11,28.21,0.08,0.44,31.5,270,13.3,0,0,0,0,0,7415,33.09,14.58,224.2,514.1,953,7495.58
20200502,122400,0,3.12,0.1,25.71,0.07,0.44,31.12,180,13.3,0,0,0,0,0,7425,33.12,14.76,224.1,513.9,954,7585.16
20200502,122500,0,3.27,0.11,26.96,0.07,0.44,31.56,225,25.27,0,0,0,0,0,7446,33.2,14.82,224.2,513.3,960,7607.11
20200502,122600,0,2.68,0.09,22.11,0.06,0.46,31.06,225,10.64,0,0,0,0,0,7317,32.72,14.34,224,518.6,927,7436.72
20200502,122700,0,3.11,0.1,25.65,0.07,0.45,31.31,225,9.31,0,0,0,0,0,7519,33.54,14.76,224.1,519.1,962,7661.92
20200502,122800,0,2.91,0.1,23.98,0.07,0.45,31.38,225,14.63,0,0,0,0,0,7436,33.17,14.64,224.1,519.4,954,7604.02
20200502,122900,0,3.52,0.12,29.01,0.08,0.45,31.56,180,10.64,0,0,0,0,0,7390,32.99,14.45,223.9,515,948,7441.75
20200502,123000,0,2.96,0.1,24.4,0.07,0.45,32,225,7.98,0,0,0,0,0,7360,32.84,14.57,224,517.4,945,7538.52
20200502,123100,0,3.15,0.1,25.96,0.07,0.44,32.44,180,3.99,0,0,0,0,0,7318,32.64,14.3,224.1,517.5,937,7400.25
20200502,123200,0,3.33,0.11,27.45,0.08,0.44,32.5,225,9.31,0,0,0,0,0,7272,32.45,14.39,224,515.2,933,7413.73
20200502,123300,0,3.39,0.11,27.93,0.08,0.44,32.06,180,5.32,0,0,0,0,0,7283,32.47,14.25,224,518.4,934,7387.2
20200502,123400,0,3.25,0.11,26.79,0.07,0.47,32.12,135,9.31,0,0,0,0,0,7241,32.3,14.22,223.9,519.1,931,7381.6
20200502,123500,0,3,0.1,24.74,0.07,0.46,32.44,135,3.99,0,0,0,0,0,7233,32.33,14.4,223.9,514.2,933,7404.48
20200502,123600,0,3.12,0.1,25.73,0.07,0.45,31.94,180,2.66,0,0,0,0,0,7227,32.3,14.32,223.6,509.3,933,7293.18
