dia_mes_ano,hora_minuto,irr,massaPM1,massaPM2,massaPM4,massaPM10,numPM1,numPM2,numPM4,numPM10,tamanho_medio,temp,vento_dir,vento_vel,rainfall
20200425,000200,0,3.12,0.1,0,0,25.73,0.07,0,0,0.45,23.44,135,14.63,0
20200425,000300,0,2.71,0.09,0,0,22.32,0.06,0,0,0.44,23.31,0,15.96,0
20200425,000400,0,3.29,0.11,0,0,27.12,0.07,0,0,0.45,23.31,90,13.3,0
20200425,000500,0,3.08,0.1,0,0,25.38,0.07,0,0,0.43,23.44,90,7.98,0
20200425,000600,0,3.17,0.11,0,0,26.18,0.07,0,0,0.45,23.31,90,21.28,0
20200425,000700,0,3.15,0.1,0,0,26,0.07,0,0,0.44,23.31,90,25.27,0
20200425,000800,0,3.04,0.1,0,0,25.11,0.07,0,0,0.42,23.38,135,7.98,0
20200425,000900,0,3.35,0.11,0,0,27.64,0.08,0,0,0.43,23.38,90,38.57,0
20200425,001000,0,2.9,0.1,0,0,23.91,0.07,0,0,0.44,23.5,90,11.97,0
20200425,001100,0,3.33,0.11,0,0,27.43,0.08,0,0,0.43,23.44,90,15.96,0
20200425,001200,0,2.96,0.1,0,0,24.4,0.07,0,0,0.44,23.5,45,13.3,0
20200425,001300,0,3.23,0.11,0,0,26.64,0.07,0,0,0.43,23.56,135,19.95,0
20200425,001400,0,2.9,0.1,0,0,23.96,0.07,0,0,0.44,23.38,135,11.97,0
20200425,001500,0,2.93,0.1,0,0,24.17,0.07,0,0,0.43,23.38,90,13.3,0
20200425,001600,0,3.58,0.12,0,0,29.51,0.08,0,0,0.47,23.44,0,18.62,0
20200425,001700,0,3.81,0.13,0,0,31.42,0.09,0,0,0.48,23.31,90,21.28,0
20200425,001800,0,3.07,0.1,0,0,25.35,0.07,0,0,0.48,23.31,90,5.32,0
20200425,001900,0,3.32,0.11,0,0,27.43,0.08,0,0,0.47,23.56,135,19.95,0
20200425,002000,0,3.91,0.13,0,0,32.24,0.09,0,0,0.46,23.56,135,5.32,0
20200425,002100,0,3.41,0.11,0,0,28.17,0.08,0,0,0.44,23.56,90,26.6,0
20200425,002200,0,3.26,0.11,0,0,26.91,0.07,0,0,0.44,23.62,90,29.26,0
20200425,002300,0,3.02,0.1,0,0,24.91,0.07,0,0,0.43,23.62,90,14.63,0
20200425,002400,0,3.24,0.11,0,0,26.76,0.07,0,0,0.44,23.5,90,25.27,0
20200425,002500,0,2.98,0.1,0,0,24.57,0.07,0,0,0.45,23.5,135,5.32,0
20200425,002600,0,3.75,0.12,0,0,30.93,0.09,0,0,0.46,23.62,90,11.97,0
20200425,002700,0,3.14,0.1,0,0,25.89,0.07,0,0,0.45,23.56,90,13.3,0
20200425,002800,0,3.46,0.12,0,0,28.53,0.08,0,0,0.45,23.56,135,3.99,0
20200425,002900,0,3.28,0.11,0,0,27.03,0.07,0,0,0.45,23.56,135,17.29,0
20200425,003000,0,3.18,0.11,0,0,26.2,0.07,0,0,0.45,23.56,90,14.63,0
20200425,003100,0,3.61,0.12,0,0,29.77,0.08,0,0,0.47,23.69,0,14.63,0
20200425,003200,0,2.54,0.08,0,0,20.94,0.06,0,0,0.47,23.56,45,19.95,0
20200425,003300,0,3.32,0.11,0,0,27.38,0.08,0,0,0.47,23.75,135,9.31,0
20200425,003400,0,3.36,0.11,0,0,27.7,0.08,0,0,0.47,23.69,90,33.25,0
20200425,003500,0,3.26,0.11,0,0,26.91,0.07,0,0,0.46,23.62,180,10.64,0
20200425,003600,0,3.32,0.11,0,0,27.39,0.08,0,0,0.45,23.62,90,30.59,0
20200425,003700,0,3.45,0.11,0,0,28.45,0.08,0,0,0.45,23.81,90,15.96,0
20200425,003800,0,2.9,0.1,0,0,23.92,0.07,0,0,0.46,23.81,90,29.26,0
20200425,003900,0,3,0.1,0,0,24.79,0.07,0,0,0.46,23.81,90,21.28,0
20200425,004000,0,3.3,0.11,0,0,27.26,0.07,0,0,0.45,23.81,45,25.27,0
20200425,004100,0,3.17,0.11,0,0,26.16,0.07,0,0,0.45,23.69,135,11.97,0
20200425,004200,0,2.96,0.1,0,0,24.42,0.07,0,0,0.45,23.81,90,27.93,0
20200425,004300,0,3.08,0.1,0,0,25.39,0.07,0,0,0.46,23.69,90,18.62,0
20200425,004400,0,3.01,0.1,0,0,24.79,0.07,0,0,0.45,23.81,0,18.62,0
20200425,004500,0,2.71,0.09,0,0,22.39,0.06,0,0,0.45,23.88,90,25.27,0
20200425,004600,0,3.05,0.1,0,0,25.15,0.07,0,0,0.45,23.81,90,17.29,0
20200425,004700,0,2.97,0.1,0,0,24.52,0.07,0,0,0.45,23.88,90,31.92,0
20200425,004800,0,2.86,0.1,0,0,23.57,0.06,0,0,0.47,23.81,135,9.31,0
20200425,004900,0,3.03,0.1,0,0,25,0.07,0,0,0.47,23.75,90,22.61,0
20200425,005000,0,3,0.1,0,0,24.72,0.07,0,0,0.46,23.62,90,15.96,0
20200425,005100,0,3.21,0.11,0,0,26.5,0.07,0,0,0.46,23.81,90,13.3,0
20200425,005200,0,2.86,0.1,0,0,23.63,0.06,0,0,0.46,23.81,45,27.93,0
20200425,005300,0,3.12,0.1,0,0,25.75,0.07,0,0,0.46,23.69,45,15.96,0
20200425,005400,0,3,0.1,0,0,24.76,0.07,0,0,0.45,23.81,0,18.62,0
20200425,005500,0,3,0.1,0,0,24.74,0.07,0,0,0.46,23.75,90,15.96,0
20200425,005600,0,2.73,0.09,0,0,22.5,0.06,0,0,0.47,23.62,135,7.98,0
20200425,005700,0,2.95,0.1,0,0,24.38,0.07,0,0,0.46,23.69,90,17.29,0
20200425,005800,0,2.82,0.09,0,0,23.24,0.06,0,0,0.46,23.56,90,13.3,0
20200425,005900,0,3.13,0.1,0,0,25.81,0.07,0,0,0.46,23.69,90,18.62,0
20200425,010000,0,2.73,0.09,0,0,22.54,0.06,0,0,0.46,23.69,90,35.91,0
20200425,010100,0,3.38,0.11,0,0,27.89,0.08,0,0,0.46,23.62,90,23.94,0
20200425,010200,0,2.92,0.1,0,0,24.06,0.07,0,0,0.45,23.56,90,14.63,0
20200425,010300,0,3.22,0.11,0,0,26.54,0.07,0,0,0.43,23.62,90,11.97,0
20200425,010400,0,2.64,0.09,0,0,21.75,0.06,0,0,0.44,23.62,135,7.98,0
20200425,010500,0,3.34,0.11,0,0,27.56,0.08,0,0,0.46,23.5,90,33.25,0
20200425,010600,0,2.7,0.09,0,0,22.25,0.06,0,0,0.47,23.5,0,27.93,0
20200425,010700,0,2.99,0.1,0,0,24.69,0.07,0,0,0.48,23.5,90,27.93,0
20200425,010800,0,3.15,0.1,0,0,25.95,0.07,0,0,0.48,23.44,90,9.31,0
20200425,010900,0,2.85,0.09,0,0,23.5,0.06,0,0,0.47,23.31,135,11.97,0
20200425,011000,0,2.66,0.09,0,0,21.96,0.06,0,0,0.45,23.25,90,14.63,0
20200425,011100,0,2.67,0.09,0,0,22.06,0.06,0,0,0.46,23.38,90,17.29,0
20200425,011200,0,3.37,0.11,0,0,27.76,0.08,0,0,0.46,23.19,90,22.61,0
20200425,011300,0,2.96,0.1,0,0,24.39,0.07,0,0,0.47,23.44,90,18.62,0
20200425,011400,0,2.79,0.09,0,0,23.05,0.06,0,0,0.47,23.19,90,15.96,0
20200425,011500,0,2.75,0.09,0,0,22.66,0.06,0,0,0.47,23.06,135,10.64,0
20200425,011600,0,2.62,0.09,0,0,21.6,0.06,0,0,0.46,23.19,135,11.97,0
20200425,011700,0,2.69,0.09,0,0,22.19,0.06,0,0,0.46,23.19,135,17.29,0
20200425,011800,0,3.03,0.1,0,0,25.03,0.07,0,0,0.46,23.31,0,15.96,0
20200425,011900,0,3.2,0.11,0,0,26.39,0.07,0,0,0.45,23.25,135,21.28,0
20200425,012000,0,3.09,0.1,0,0,25.53,0.07,0,0,0.46,23.38,90,22.61,0
20200425,012100,0,2.79,0.09,0,0,22.98,0.06,0,0,0.45,23.25,90,10.64,0
20200425,012200,0,3.01,0.1,0,0,24.87,0.07,0,0,0.44,23.12,135,13.3,0
20200425,012300,0,3.19,0.11,0,0,26.28,0.07,0,0,0.45,23.06,135,9.31,0
20200425,012400,0,2.77,0.09,0,0,22.89,0.06,0,0,0.44,23.06,180,10.64,0
20200425,012500,0,2.78,0.09,0,0,22.97,0.06,0,0,0.44,23.06,135,6.65,0
20200425,012600,0,3.31,0.11,0,0,27.32,0.08,0,0,0.44,23.06,180,3.99,0
20200425,012700,0,2.84,0.09,0,0,23.46,0.06,0,0,0.45,23.06,90,18.62,0
20200425,012800,0,3.29,0.11,0,0,27.16,0.07,0,0,0.45,22.88,45,21.28,0
20200425,012900,0,2.87,0.1,0,0,23.66,0.07,0,0,0.45,23.12,45,13.3,0
20200425,013000,0,3.1,0.1,0,0,25.61,0.07,0,0,0.44,23.06,180,7.98,0
20200425,013100,0,2.59,0.09,0,0,21.35,0.06,0,0,0.45,23.06,90,18.62,0
20200425,013200,0,2.98,0.1,0,0,24.6,0.07,0,0,0.45,23.06,135,10.64,0
20200425,013300,0,2.84,0.09,0,0,23.41,0.06,0,0,0.46,23.06,135,5.32,0
20200425,013400,0,2.97,0.1,0,0,24.5,0.07,0,0,0.46,22.81,135,11.97,0
20200425,013500,0,2.6,0.09,0,0,21.42,0.06,0,0,0.46,23.06,90,11.97,0
20200425,013600,0,2.92,0.1,0,0,24.07,0.07,0,0,0.45,23.06,180,7.98,0
20200425,013700,0,2.88,0.1,0,0,23.76,0.07,0,0,0.44,22.94,90,7.98,0
20200425,013800,0,2.89,0.1,0,0,23.88,0.07,0,0,0.44,22.94,90,13.3,0
20200425,013900,0,2.82,0.09,0,0,23.24,0.06,0,0,0.43,23,90,10.64,0
20200425,014000,0,2.58,0.09,0,0,21.26,0.06,0,0,0.43,23.06,90,9.31,0
20200425,014100,0,2.95,0.1,0,0,24.3,0.07,0,0,0.42,23,135,9.31,0
20200425,014200,0,2.74,0.09,0,0,22.58,0.06,0,0,0.43,22.88,135,6.65,0
20200425,014300,0,3.02,0.1,0,0,24.88,0.07,0,0,0.43,22.81,90,14.63,0
20200425,014400,0,3.07,0.1,0,0,25.34,0.07,0,0,0.43,22.88,90,10.64,0
20200425,014500,0,2.8,0.09,0,0,23.07,0.06,0,0,0.44,22.94,180,6.65,0
20200425,014600,0,3.06,0.1,0,0,25.23,0.07,0,0,0.45,22.69,225,11.97,0
20200425,014700,0,3.14,0.1,0,0,25.92,0.07,0,0,0.44,23,90,15.96,0
20200425,014800,0,2.92,0.1,0,0,24.11,0.07,0,0,0.43,22.94,90,14.63,0
20200425,014900,0,3,0.1,0,0,24.75,0.07,0,0,0.43,22.81,90,11.97,0
20200425,015000,0,3.12,0.1,0,0,25.75,0.07,0,0,0.43,22.94,45,25.27,0
20200425,015100,0,2.68,0.09,0,0,22.14,0.06,0,0,0.44,23,45,17.29,0
20200425,015200,0,2.7,0.09,0,0,22.24,0.06,0,0,0.44,22.75,90,9.31,0
20200425,015300,0,3.26,0.11,0,0,26.91,0.07,0,0,0.43,22.88,135,7.98,0
20200425,015400,0,2.6,0.09,0,0,21.41,0.06,0,0,0.44,22.75,180,7.98,0
20200425,015500,0,2.67,0.09,0,0,22.04,0.06,0,0,0.44,22.94,90,10.64,0
20200425,015600,0,3.31,0.11,0,0,27.32,0.08,0,0,0.44,23,90,15.96,0
20200425,015700,0,2.81,0.09,0,0,23.2,0.06,0,0,0.43,22.94,180,9.31,0
20200425,015800,0,2.93,0.1,0,0,24.17,0.07,0,0,0.44,22.88,45,29.26,0
20200425,015900,0,3.18,0.11,0,0,26.23,0.07,0,0,0.45,22.81,135,10.64,0
20200425,020000,0,2.84,0.09,0,0,23.45,0.06,0,0,0.45,22.88,90,6.65,0
20200425,020100,0,3.11,0.1,0,0,25.64,0.07,0,0,0.44,22.94,45,25.27,0
20200425,020200,0,3.11,0.1,0,0,25.64,0.07,0,0,0.43,22.88,90,14.63,0
20200425,020300,0,2.86,0.1,0,0,23.58,0.06,0,0,0.44,23,45,31.92,0
20200425,020400,0,2.76,0.09,0,0,22.74,0.06,0,0,0.43,22.75,135,7.98,0
20200425,020500,0,2.9,0.1,0,0,23.96,0.07,0,0,0.43,22.81,0,7.98,0
20200425,020600,0,2.85,0.09,0,0,23.5,0.06,0,0,0.43,22.62,90,13.3,0
20200425,020700,0,3.18,0.11,0,0,26.23,0.07,0,0,0.44,22.75,90,18.62,0
20200425,020800,0,2.83,0.09,0,0,23.39,0.06,0,0,0.44,22.75,90,13.3,0
20200425,020900,0,2.7,0.09,0,0,22.31,0.06,0,0,0.44,22.69,90,9.31,0
20200425,021000,0,2.81,0.09,0,0,23.16,0.06,0,0,0.43,22.56,90,15.96,0
20200425,021100,0,3.17,0.11,0,0,26.12,0.07,0,0,0.44,22.75,135,10.64,0
20200425,021200,0,2.67,0.09,0,0,22.01,0.06,0,0,0.44,22.62,90,22.61,0
20200425,021300,0,3.16,0.11,0,0,26.06,0.07,0,0,0.45,22.75,45,14.63,0
20200425,021400,0,2.68,0.09,0,0,22.07,0.06,0,0,0.46,22.69,135,3.99,0
20200425,021500,0,3.56,0.12,0,0,29.36,0.08,0,0,0.46,22.75,135,14.63,0
20200425,021600,0,2.91,0.1,0,0,24.05,0.07,0,0,0.45,22.62,135,7.98,0
20200425,021700,0,2.66,0.09,0,0,21.94,0.06,0,0,0.44,22.75,135,15.96,0
20200425,021800,0,2.97,0.1,0,0,24.53,0.07,0,0,0.46,22.69,90,10.64,0
20200425,021900,0,2.65,0.09,0,0,21.9,0.06,0,0,0.46,22.69,90,17.29,0
20200425,022000,0,3.12,0.1,0,0,25.76,0.07,0,0,0.45,22.69,0,11.97,0
20200425,022100,0,2.79,0.09,0,0,22.99,0.06,0,0,0.45,22.69,0,11.97,0
20200425,022200,0,3.47,0.12,0,0,28.61,0.08,0,0,0.47,22.5,90,14.63,0
20200425,022300,0,2.65,0.09,0,0,21.88,0.06,0,0,0.45,22.44,90,7.98,0
20200425,022400,0,2.84,0.09,0,0,23.45,0.06,0,0,0.45,22.62,135,6.65,0
20200425,022500,0,3.05,0.1,0,0,25.18,0.07,0,0,0.44,22.62,135,9.31,0
20200425,022600,0,2.72,0.09,0,0,22.45,0.06,0,0,0.44,22.62,45,25.27,0
20200425,022700,0,2.95,0.1,0,0,24.35,0.07,0,0,0.45,22.62,90,13.3,0
20200425,022800,0,2.62,0.09,0,0,21.63,0.06,0,0,0.44,22.62,45,14.63,0
20200425,022900,0,2.86,0.1,0,0,23.6,0.06,0,0,0.45,22.56,135,7.98,0
20200425,023000,0,2.64,0.09,0,0,21.8,0.06,0,0,0.45,22.56,135,11.97,0
20200425,023100,0,2.98,0.1,0,0,24.62,0.07,0,0,0.45,22.56,45,11.97,0
20200425,023200,0,2.55,0.08,0,0,21.02,0.06,0,0,0.43,22.5,135,10.64,0
20200425,023300,0,2.71,0.09,0,0,22.37,0.06,0,0,0.42,22.56,135,7.98,0
20200425,023400,0,2.95,0.1,0,0,24.33,0.07,0,0,0.42,22.5,45,11.97,0
20200425,023500,0,2.85,0.09,0,0,23.52,0.06,0,0,0.42,22.5,90,6.65,0
20200425,023600,0,2.99,0.1,0,0,24.65,0.07,0,0,0.43,22.44,90,10.64,0
20200425,023700,0,2.37,0.08,0,0,19.57,0.05,0,0,0.43,22.56,90,11.97,0
20200425,023800,0,2.94,0.1,0,0,24.27,0.07,0,0,0.45,22.44,90,15.96,0
20200425,023900,0,2.51,0.08,0,0,20.72,0.06,0,0,0.45,22.5,45,14.63,0
20200425,024000,0,3.02,0.1,0,0,24.92,0.07,0,0,0.45,22.44,180,9.31,0
20200425,024100,0,2.67,0.09,0,0,22,0.06,0,0,0.44,22.31,45,7.98,0
20200425,024200,0,2.66,0.09,0,0,21.93,0.06,0,0,0.44,22.38,90,17.29,0
20200425,024300,0,2.68,0.09,0,0,22.08,0.06,0,0,0.44,22.31,90,15.96,0
20200425,024400,0,2.57,0.09,0,0,21.21,0.06,0,0,0.45,22.38,45,10.64,0
20200425,024500,0,2.81,0.09,0,0,23.18,0.06,0,0,0.45,22.25,135,10.64,0
20200425,024600,0,2.82,0.09,0,0,23.27,0.06,0,0,0.45,22.5,0,10.64,0
20200425,024700,0,2.73,0.09,0,0,22.48,0.06,0,0,0.46,22.5,0,22.61,0
20200425,024800,0,2.62,0.09,0,0,21.62,0.06,0,0,0.45,22.44,135,11.97,0
20200425,024900,0,2.9,0.1,0,0,23.96,0.07,0,0,0.45,22.44,135,10.64,0
20200425,025000,0,2.82,0.09,0,0,23.28,0.06,0,0,0.44,22.44,90,22.61,0
20200425,025100,0,2.82,0.09,0,0,23.29,0.06,0,0,0.44,22.38,45,18.62,0
20200425,025200,0,2.68,0.09,0,0,22.08,0.06,0,0,0.45,22.44,180,9.31,0
20200425,025300,0,3.15,0.1,0,0,25.99,0.07,0,0,0.44,22.44,90,10.64,0
20200425,025400,0,2.3,0.08,0,0,19.01,0.05,0,0,0.44,22.44,135,10.64,0
20200425,025500,0,2.52,0.08,0,0,20.77,0.06,0,0,0.45,22.31,90,7.98,0
20200425,025600,0,2.79,0.09,0,0,23.04,0.06,0,0,0.44,22.38,135,7.98,0
20200425,025700,0,2.62,0.09,0,0,21.64,0.06,0,0,0.45,22.38,180,15.96,0
20200425,025800,0,2.39,0.08,0,0,19.72,0.05,0,0,0.45,22.25,135,10.64,0
20200425,025900,0,3.1,0.1,0,0,25.6,0.07,0,0,0.47,22.38,90,7.98,0
20200425,030000,0,2.68,0.09,0,0,22.14,0.06,0,0,0.48,22.31,90,15.96,0
20200425,030100,0,2.82,0.09,0,0,23.28,0.06,0,0,0.47,22.31,135,19.95,0
20200425,030200,0,2.82,0.09,0,0,23.27,0.06,0,0,0.46,22.38,180,13.3,0
20200425,030300,0,2.67,0.09,0,0,22,0.06,0,0,0.47,22.31,335,15.96,0
20200425,030400,0,2.9,0.1,0,0,23.91,0.07,0,0,0.46,22.44,135,14.63,0
20200425,030500,0,3.2,0.11,0,0,26.38,0.07,0,0,0.46,22.44,0,14.63,0
20200425,030600,0,3.27,0.11,0,0,26.96,0.07,0,0,0.46,22.25,90,9.31,0
20200425,030700,0,2.5,0.08,0,0,20.61,0.06,0,0,0.46,22.38,135,6.65,0
20200425,030800,0,2.66,0.09,0,0,21.93,0.06,0,0,0.45,22.31,135,6.65,0
20200425,030900,0,2.91,0.1,0,0,23.99,0.07,0,0,0.45,22.25,135,7.98,0
20200425,031000,0,3.1,0.1,0,0,25.6,0.07,0,0,0.44,22.25,45,19.95,0
20200425,031100,0,3,0.1,0,0,24.71,0.07,0,0,0.45,22.12,45,15.96,0
20200425,031200,0,2.56,0.09,0,0,21.14,0.06,0,0,0.44,22.25,90,17.29,0
20200425,031300,0,2.57,0.09,0,0,21.17,0.06,0,0,0.45,22.12,135,3.99,0
20200425,031400,0,3.1,0.1,0,0,25.55,0.07,0,0,0.44,22.31,45,10.64,0
20200425,031500,0,2.47,0.08,0,0,20.37,0.06,0,0,0.44,22.25,90,19.95,0
20200425,031600,0,2.61,0.09,0,0,21.57,0.06,0,0,0.45,22.25,90,6.65,0
20200425,031700,0,3,0.1,0,0,24.77,0.07,0,0,0.45,22.19,180,13.3,0
20200425,031800,0,2.55,0.08,0,0,21.02,0.06,0,0,0.47,22.25,0,6.65,0
20200425,031900,0,2.67,0.09,0,0,21.99,0.06,0,0,0.47,22.19,135,5.32,0
20200425,032000,0,3.07,0.1,0,0,25.3,0.07,0,0,0.47,22,135,6.65,0
20200425,032100,0,2.61,0.09,0,0,21.57,0.06,0,0,0.46,22.19,90,21.28,0
20200425,032200,0,2.69,0.09,0,0,22.23,0.06,0,0,0.46,22.12,180,13.3,0
20200425,032300,0,2.7,0.09,0,0,22.32,0.06,0,0,0.44,22.12,90,11.97,0
20200425,032400,0,2.78,0.09,0,0,22.95,0.06,0,0,0.45,22,335,6.65,0
20200425,032500,0,2.71,0.09,0,0,22.34,0.06,0,0,0.44,22.12,45,10.64,0
20200425,032600,0,2.75,0.09,0,0,22.68,0.06,0,0,0.43,21.94,225,3.99,0
20200425,032700,0,2.95,0.1,0,0,24.31,0.07,0,0,0.44,22.06,90,18.62,0
20200425,032800,0,3.05,0.1,0,0,25.18,0.07,0,0,0.44,22.12,180,23.94,0
20200425,032900,0,2.73,0.09,0,0,22.56,0.06,0,0,0.43,22.19,335,11.97,0
20200425,033000,0,2.72,0.09,0,0,22.42,0.06,0,0,0.42,22.06,45,10.64,0
20200425,033100,0,2.75,0.09,0,0,22.68,0.06,0,0,0.43,22.19,90,18.62,0
20200425,033200,0,2.36,0.08,0,0,19.45,0.05,0,0,0.43,22.12,135,9.31,0
20200425,033300,0,2.67,0.09,0,0,22.04,0.06,0,0,0.44,21.94,135,11.97,0
20200425,033400,0,2.5,0.08,0,0,20.64,0.06,0,0,0.43,22.12,45,9.31,0
20200425,033500,0,2.52,0.08,0,0,20.77,0.06,0,0,0.43,22.12,0,10.64,0
20200425,033600,0,2.64,0.09,0,0,21.77,0.06,0,0,0.44,22.06,90,21.28,0
20200425,033700,0,2.55,0.08,0,0,21.03,0.06,0,0,0.43,21.88,90,7.98,0
20200425,033800,0,2.79,0.09,0,0,23.02,0.06,0,0,0.43,22.12,45,14.63,0
20200425,033900,0,2.14,0.07,0,0,17.68,0.05,0,0,0.43,22.12,0,11.97,0
20200425,034000,0,2.72,0.09,0,0,22.4,0.06,0,0,0.44,22.06,0,7.98,0
20200425,034100,0,2.28,0.08,0,0,18.78,0.05,0,0,0.45,21.94,45,10.64,0
20200425,034200,0,2.99,0.1,0,0,24.64,0.07,0,0,0.45,22.12,90,25.27,0
20200425,034300,0,2.2,0.07,0,0,18.17,0.05,0,0,0.45,22.31,0,14.63,0
20200425,034400,0,2.82,0.09,0,0,23.27,0.06,0,0,0.45,22.25,135,5.32,0
20200425,034500,0,2.71,0.09,0,0,22.39,0.06,0,0,0.46,22,90,7.98,0
20200425,034600,0,2.57,0.09,0,0,21.22,0.06,0,0,0.47,22.19,90,19.95,0
20200425,034700,0,2.57,0.09,0,0,21.17,0.06,0,0,0.47,22.19,90,14.63,0
20200425,034800,0,2.76,0.09,0,0,22.76,0.06,0,0,0.47,22.06,45,6.65,0
20200425,034900,0,2.85,0.09,0,0,23.53,0.06,0,0,0.47,22.12,135,3.99,0
20200425,035000,0,2.87,0.1,0,0,23.67,0.07,0,0,0.47,22.06,180,9.31,0
20200425,035100,0,2.71,0.09,0,0,22.4,0.06,0,0,0.45,22,135,11.97,0
20200425,035200,0,2.76,0.09,0,0,22.78,0.06,0,0,0.44,21.94,45,13.3,0
20200425,035300,0,2.77,0.09,0,0,22.83,0.06,0,0,0.45,22.06,135,14.63,0
20200425,035400,0,2.69,0.09,0,0,22.17,0.06,0,0,0.45,21.94,90,21.28,0
20200425,035500,0,2.54,0.08,0,0,20.94,0.06,0,0,0.44,22.12,45,13.3,0
20200425,035600,0,3.02,0.1,0,0,24.89,0.07,0,0,0.44,22.12,90,14.63,0
20200425,035700,0,2.86,0.1,0,0,23.57,0.06,0,0,0.43,21.94,180,7.98,0
20200425,035800,0,2.64,0.09,0,0,21.74,0.06,0,0,0.43,22.06,135,9.31,0
20200425,035900,0,2.93,0.1,0,0,24.15,0.07,0,0,0.44,21.94,135,6.65,0
20200425,040000,0,2.73,0.09,0,0,22.53,0.06,0,0,0.46,21.94,90,7.98,0
20200425,040100,0,2.49,0.08,0,0,20.56,0.06,0,0,0.45,21.88,135,5.32,0
20200425,040200,0,2.21,0.07,0,0,18.24,0.05,0,0,0.45,22,90,21.28,0
20200425,040300,0,3.19,0.11,0,0,26.31,0.07,0,0,0.45,21.81,90,10.64,0
20200425,040400,0,2.74,0.09,0,0,22.63,0.06,0,0,0.46,22,90,6.65,0
20200425,040500,0,2.33,0.08,0,0,19.25,0.05,0,0,0.44,21.94,135,7.98,0
20200425,040600,0,2.92,0.1,0,0,24.07,0.07,0,0,0.45,21.94,45,7.98,0
20200425,040700,0,2.26,0.08,0,0,18.62,0.05,0,0,0.45,21.94,135,2.66,0
20200425,040800,0,2.58,0.09,0,0,21.29,0.06,0,0,0.45,21.94,90,14.63,0
20200425,040900,0,2.75,0.09,0,0,22.67,0.06,0,0,0.46,22.06,135,6.65,0
20200425,041000,0,2.62,0.09,0,0,21.59,0.06,0,0,0.46,22.25,135,15.96,0
20200425,041100,0,2.53,0.08,0,0,20.87,0.06,0,0,0.45,22.12,90,14.63,0
20200425,041200,0,2.38,0.08,0,0,19.67,0.05,0,0,0.45,22.12,180,7.98,0
20200425,041300,0,2.44,0.08,0,0,20.12,0.06,0,0,0.47,22.31,135,11.97,0
20200425,041400,0,2.64,0.09,0,0,21.81,0.06,0,0,0.44,22.25,180,7.98,0
20200425,041500,0,2.34,0.08,0,0,19.27,0.05,0,0,0.45,22.25,90,11.97,0
20200425,041600,0,2.37,0.08,0,0,19.57,0.05,0,0,0.46,22.25,45,7.98,0
20200425,041700,0,2.31,0.08,0,0,19.03,0.05,0,0,0.45,22.44,135,9.31,0
20200425,041800,0,2.28,0.08,0,0,18.81,0.05,0,0,0.45,22.44,90,15.96,0
20200425,041900,0,2.36,0.08,0,0,19.48,0.05,0,0,0.44,22.56,135,5.32,0
20200425,042000,0,2.17,0.07,0,0,17.94,0.05,0,0,0.44,22.56,45,15.96,0
20200425,042100,0,2.61,0.09,0,0,21.56,0.06,0,0,0.44,22.62,45,7.98,0
20200425,042200,0,1.89,0.06,0,0,15.63,0.04,0,0,0.43,22.69,0,13.3,0
20200425,042300,0,1.93,0.06,0,0,15.89,0.04,0,0,0.44,22.69,45,13.3,0
20200425,042400,0,2.18,0.07,0,0,17.98,0.05,0,0,0.43,22.75,45,17.29,0
20200425,042500,0,2.06,0.07,0,0,17.01,0.05,0,0,0.44,22.88,90,15.96,0
20200425,042600,0,1.76,0.06,0,0,14.55,0.04,0,0,0.44,22.75,335,7.98,0
20200425,042700,0,2.09,0.07,0,0,17.27,0.05,0,0,0.44,22.94,0,6.65,0
20200425,042800,0,2.04,0.07,0,0,16.87,0.05,0,0,0.44,22.81,45,10.64,0
20200425,042900,0,2.33,0.08,0,0,19.23,0.05,0,0,0.43,22.88,45,15.96,0
20200425,043000,0,2.51,0.08,0,0,20.7,0.06,0,0,0.43,22.75,45,10.64,0
20200425,043100,0,2.17,0.07,0,0,17.87,0.05,0,0,0.45,22.75,90,15.96,0
20200425,043200,0,2.15,0.07,0,0,17.71,0.05,0,0,0.44,22.94,45,21.28,0
20200425,043300,0,1.94,0.06,0,0,15.99,0.04,0,0,0.44,23,45,14.63,0
20200425,043400,0,1.97,0.07,0,0,16.27,0.04,0,0,0.43,23,0,11.97,0
20200425,043500,0,2.29,0.08,0,0,18.87,0.05,0,0,0.43,22.94,0,29.26,0
20200425,043600,0,2,0.07,0,0,16.5,0.05,0,0,0.45,22.94,180,11.97,0
20200425,043700,0,1.89,0.06,0,0,15.62,0.04,0,0,0.44,23.06,45,26.6,0
20200425,043800,0,2.29,0.08,0,0,18.87,0.05,0,0,0.44,22.81,45,23.94,0
20200425,043900,0,1.75,0.06,0,0,14.44,0.04,0,0,0.45,23.06,135,18.62,0
20200425,044000,0,2.11,0.07,0,0,17.37,0.05,0,0,0.46,23.06,0,11.97,0
20200425,044100,0,1.66,0.06,0,0,13.73,0.04,0,0,0.45,23.06,0,7.98,0
20200425,044200,0,2.02,0.07,0,0,16.68,0.05,0,0,0.45,23,0,27.93,0
20200425,044300,0,2.05,0.07,0,0,16.92,0.05,0,0,0.44,22.88,45,13.3,0
20200425,044400,0,2.31,0.08,0,0,19.07,0.05,0,0,0.44,22.62,45,6.65,0
20200425,044500,0,2,0.07,0,0,16.48,0.05,0,0,0.44,22.44,90,9.31,0
20200425,044600,0,1.98,0.07,0,0,16.36,0.04,0,0,0.44,22.44,335,7.98,0
20200425,044700,0,1.94,0.06,0,0,15.99,0.04,0,0,0.45,22.44,45,9.31,0
20200425,044800,0,1.73,0.06,0,0,14.24,0.04,0,0,0.45,22.31,0,7.98,0
20200425,044900,0,2.03,0.07,0,0,16.74,0.05,0,0,0.45,22.38,45,10.64,0
20200425,045000,0,2.05,0.07,0,0,16.94,0.05,0,0,0.46,22.38,0,5.32,0
20200425,045100,0,2.11,0.07,0,0,17.4,0.05,0,0,0.46,22.44,335,6.65,0
20200425,045200,0,1.81,0.06,0,0,14.92,0.04,0,0,0.46,22.38,0,7.98,0
20200425,045300,0,1.93,0.06,0,0,15.93,0.04,0,0,0.46,22.5,335,6.65,0
20200425,045400,0,1.75,0.06,0,0,14.43,0.04,0,0,0.46,22.31,45,14.63,0
20200425,045500,0,1.9,0.06,0,0,15.65,0.04,0,0,0.47,22.44,270,2.66,0
20200425,045600,0,2.3,0.08,0,0,19,0.05,0,0,0.46,22.38,270,7.98,0
20200425,045700,0,1.71,0.06,0,0,14.1,0.04,0,0,0.46,22.44,90,6.65,0
20200425,045800,0,1.64,0.05,0,0,13.52,0.04,0,0,0.45,22.44,180,3.99,0
20200425,045900,0,1.92,0.06,0,0,15.85,0.04,0,0,0.46,22.44,0,17.29,0
20200425,050000,0,2.34,0.08,0,0,19.34,0.05,0,0,0.45,22.5,0,3.99,0
20200425,050100,0,2.11,0.07,0,0,17.42,0.05,0,0,0.46,22.5,0,3.99,0
20200425,050200,0,2.05,0.07,0,0,16.91,0.05,0,0,0.47,22.44,0,0,0
20200425,050300,0,2.15,0.07,0,0,17.7,0.05,0,0,0.45,22.38,0,3.99,0
20200425,050400,0,2.06,0.07,0,0,17.02,0.05,0,0,0.46,22.44,0,6.65,0
20200425,050500,0,1.89,0.06,0,0,15.61,0.04,0,0,0.46,22.38,45,0,0
20200425,050600,0,2.19,0.07,0,0,18.07,0.05,0,0,0.45,22.38,0,7.98,0
20200425,050700,0,2.02,0.07,0,0,16.67,0.05,0,0,0.46,22.31,135,3.99,0
20200425,050800,0,1.81,0.06,0,0,14.95,0.04,0,0,0.44,22.31,135,6.65,0
20200425,050900,0,1.94,0.06,0,0,16.04,0.04,0,0,0.44,22.44,45,10.64,0
20200425,051000,0,2.01,0.07,0,0,16.56,0.05,0,0,0.44,22.44,0,5.32,0
20200425,051100,0,1.78,0.06,0,0,14.68,0.04,0,0,0.44,22.38,0,3.99,0
20200425,051200,0,1.98,0.07,0,0,16.33,0.04,0,0,0.44,22.25,45,10.64,0
20200425,051300,0,2.22,0.07,0,0,18.28,0.05,0,0,0.44,22.31,45,5.32,0
20200425,051400,0,2.23,0.07,0,0,18.36,0.05,0,0,0.44,22.12,45,2.66,0
20200425,051500,0,2.13,0.07,0,0,17.54,0.05,0,0,0.43,22.12,90,9.31,0
20200425,051600,0,2.06,0.07,0,0,17,0.05,0,0,0.42,22.12,135,7.98,0
20200425,051700,0,1.66,0.06,0,0,13.68,0.04,0,0,0.44,22.06,0,3.99,0
20200425,051800,0,2.03,0.07,0,0,16.78,0.05,0,0,0.43,22.12,335,3.99,0
20200425,051900,0,1.58,0.05,0,0,13.04,0.04,0,0,0.43,22.25,335,1.33,0
20200425,052000,0,1.64,0.05,0,0,13.52,0.04,0,0,0.44,22.06,335,0,0
20200425,052100,0,1.91,0.06,0,0,15.78,0.04,0,0,0.44,22.12,335,0,0
20200425,052200,0,2.18,0.07,0,0,17.98,0.05,0,0,0.44,22.12,335,0,0
20200425,052300,0,2.53,0.08,0,0,20.89,0.06,0,0,0.45,22.12,335,0,0
20200425,052400,0,1.89,0.06,0,0,15.55,0.04,0,0,0.46,22.25,135,7.98,0
20200425,052500,0,2.28,0.08,0,0,18.84,0.05,0,0,0.46,22,135,0,0
20200425,052600,0,2.3,0.08,0,0,19,0.05,0,0,0.45,22.19,180,3.99,0
20200425,052700,0,2.07,0.07,0,0,17.1,0.05,0,0,0.46,22.19,135,3.99,0
20200425,052800,0,1.93,0.06,0,0,15.95,0.04,0,0,0.46,22.12,135,7.98,0
20200425,052900,0,1.93,0.06,0,0,15.95,0.04,0,0,0.45,22.12,135,7.98,0
20200425,053000,0,2.06,0.07,0,0,17.01,0.05,0,0,0.44,22,135,1.33,0
20200425,053100,0,2.14,0.07,0,0,17.63,0.05,0,0,0.43,22,135,0,0
20200425,053200,0,2.22,0.07,0,0,18.33,0.05,0,0,0.44,21.94,135,3.99,0
20200425,053300,0,2.36,0.08,0,0,19.44,0.05,0,0,0.45,21.81,135,1.33,0
20200425,053400,0,1.94,0.06,0,0,15.99,0.04,0,0,0.45,21.88,135,7.98,0
20200425,053500,0,2.05,0.07,0,0,16.93,0.05,0,0,0.45,21.69,135,5.32,0
20200425,053600,0,1.87,0.06,0,0,15.39,0.04,0,0,0.46,21.75,135,7.98,0
20200425,053700,0,2.35,0.08,0,0,19.42,0.05,0,0,0.45,21.75,135,3.99,0
20200425,053800,0,1.94,0.06,0,0,15.99,0.04,0,0,0.45,21.81,135,2.66,0
20200425,053900,0,2.24,0.07,0,0,18.52,0.05,0,0,0.46,21.56,135,2.66,0
20200425,054000,0,1.93,0.06,0,0,15.88,0.04,0,0,0.46,21.75,135,1.33,0
20200425,054100,0,2.27,0.08,0,0,18.73,0.05,0,0,0.47,21.62,135,0,0
20200425,054200,0,2.09,0.07,0,0,17.25,0.05,0,0,0.45,21.5,45,3.99,0
20200425,054300,0,2.31,0.08,0,0,19.07,0.05,0,0,0.45,21.56,45,1.33,0
20200425,054400,0,2.02,0.07,0,0,16.65,0.05,0,0,0.45,21.62,45,3.99,0
20200425,054500,0,2.16,0.07,0,0,17.85,0.05,0,0,0.46,21.81,180,7.98,0
20200425,054600,0,1.99,0.07,0,0,16.43,0.05,0,0,0.45,21.69,180,3.99,0
20200425,054700,0,1.94,0.06,0,0,15.99,0.04,0,0,0.46,21.62,180,5.32,0
20200425,054800,0,2.38,0.08,0,0,19.66,0.05,0,0,0.46,21.81,135,5.32,0
20200425,054900,0,2.34,0.08,0,0,19.32,0.05,0,0,0.47,21.81,135,0,0
20200425,055000,0,2.32,0.08,0,0,19.17,0.05,0,0,0.45,21.69,135,3.99,0
20200425,055200,0,2.35,0.08,0,0,19.41,0.05,0,0,0.44,21.62,135,0,0
20200425,055300,0,1.91,0.06,0,0,15.78,0.04,0,0,0.44,21.56,135,0,0
20200425,055400,0,2.15,0.07,0,0,17.76,0.05,0,0,0.44,21.69,135,0,0
20200425,055500,0,2.44,0.08,0,0,20.16,0.06,0,0,0.45,21.5,135,0,0
20200425,055600,0,2.6,0.09,0,0,21.43,0.06,0,0,0.43,21.62,135,0,0
20200425,055700,0,2.11,0.07,0,0,17.41,0.05,0,0,0.45,21.56,135,7.98,0
20200425,055800,0,2.18,0.07,0,0,17.98,0.05,0,0,0.45,21.69,45,3.99,0
20200425,055900,0,1.99,0.07,0,0,16.39,0.05,0,0,0.44,21.75,135,7.98,0
20200425,060000,0,2.46,0.08,0,0,20.28,0.06,0,0,0.44,21.81,135,3.99,0
20200425,060100,0,2.42,0.08,0,0,19.94,0.05,0,0,0.44,21.81,135,1.33,0
20200425,060200,0,2.39,0.08,0,0,19.75,0.05,0,0,0.43,21.81,180,2.66,0
20200425,060300,0,2.44,0.08,0,0,20.16,0.06,0,0,0.43,21.81,180,5.32,0
20200425,060400,0,2.46,0.08,0,0,20.28,0.06,0,0,0.44,21.69,135,5.32,0
20200425,060500,0,2.6,0.09,0,0,21.47,0.06,0,0,0.44,21.81,90,7.98,0
20200425,060600,0,2.3,0.08,0,0,19.01,0.05,0,0,0.44,21.94,90,3.99,0
20200425,060700,0,2.73,0.09,0,0,22.56,0.06,0,0,0.43,22.31,180,5.32,0
20200425,060800,0,2.43,0.08,0,0,20.04,0.06,0,0,0.43,22.38,90,5.32,0
20200425,060900,0,2.66,0.09,0,0,21.93,0.06,0,0,0.43,22.5,90,5.32,0
20200425,061000,0,2.6,0.09,0,0,21.48,0.06,0,0,0.45,22.56,45,3.99,0
20200425,061100,0,2.34,0.08,0,0,19.32,0.05,0,0,0.45,22.88,45,6.65,0
20200425,061200,0,2.22,0.07,0,0,18.29,0.05,0,0,0.45,23,45,6.65,0
20200425,061300,0,2.4,0.08,0,0,19.79,0.05,0,0,0.45,23,45,7.98,0
20200425,061400,0,2.67,0.09,0,0,22.01,0.06,0,0,0.44,22.88,45,7.98,0
20200425,061500,0,2.56,0.09,0,0,21.13,0.06,0,0,0.44,22.81,135,3.99,0
20200425,061600,0,2.4,0.08,0,0,19.81,0.05,0,0,0.45,22.88,135,0,0
20200425,061700,0,2.34,0.08,0,0,19.27,0.05,0,0,0.46,22.88,0,6.65,0
20200425,061800,0,2.36,0.08,0,0,19.47,0.05,0,0,0.46,22.81,0,7.98,0
20200425,061900,0,2.54,0.08,0,0,20.98,0.06,0,0,0.45,22.75,225,5.32,0
20200425,062000,0,2.56,0.09,0,0,21.14,0.06,0,0,0.46,22.88,0,3.99,0
20200425,062100,0,2.59,0.09,0,0,21.37,0.06,0,0,0.46,23.06,45,1.33,0
20200425,062200,0,2.29,0.08,0,0,18.86,0.05,0,0,0.46,23.06,45,2.66,0
20200425,062300,0,2.43,0.08,0,0,20.06,0.06,0,0,0.47,23.12,45,2.66,0
20200425,062400,0,2.26,0.08,0,0,18.63,0.05,0,0,0.48,23.25,90,3.99,0
20200425,062500,0,2.39,0.08,0,0,19.68,0.05,0,0,0.46,23.12,90,3.99,0
20200425,062600,0,2.48,0.08,0,0,20.48,0.06,0,0,0.45,23.25,90,2.66,0
20200425,062700,0,2.47,0.08,0,0,20.38,0.06,0,0,0.44,23.19,90,2.66,0
20200425,062800,0,2.08,0.07,0,0,17.15,0.05,0,0,0.46,23.62,45,2.66,0
20200425,062900,0,2.38,0.08,0,0,19.66,0.05,0,0,0.46,23.88,45,1.33,0
20200425,063000,0,2.23,0.07,0,0,18.36,0.05,0,0,0.46,24.19,45,6.65,0
20200425,063100,0,2.14,0.07,0,0,17.67,0.05,0,0,0.45,24.38,45,2.66,0
20200425,063200,0,1.84,0.06,0,0,15.18,0.04,0,0,0.45,24.81,45,3.99,0
20200425,063300,0,2.05,0.07,0,0,16.89,0.05,0,0,0.46,25,0,7.98,0
20200425,063400,0,1.93,0.06,0,0,15.95,0.04,0,0,0.45,25,45,13.3,0
20200425,063500,0,1.81,0.06,0,0,14.93,0.04,0,0,0.45,25.12,45,7.98,0
20200425,063600,0,1.75,0.06,0,0,14.41,0.04,0,0,0.45,24.88,135,3.99,0
20200425,063700,0,1.81,0.06,0,0,14.96,0.04,0,0,0.45,25.19,90,3.99,0
20200425,063800,0,1.76,0.06,0,0,14.51,0.04,0,0,0.44,25.44,45,6.65,0
20200425,063900,0,1.65,0.05,0,0,13.63,0.04,0,0,0.45,25.62,45,1.33,0
20200425,064000,0,1.94,0.06,0,0,16,0.04,0,0,0.45,25.69,135,3.99,0
20200425,064100,0,1.56,0.05,0,0,12.89,0.04,0,0,0.45,26.31,90,6.65,0
20200425,064200,0,1.66,0.06,0,0,13.71,0.04,0,0,0.44,26.06,135,3.99,0
20200425,064300,0,1.85,0.06,0,0,15.29,0.04,0,0,0.44,26.62,135,2.66,0
20200425,064400,0,1.84,0.06,0,0,15.22,0.04,0,0,0.43,26.06,90,5.32,0
20200425,064500,0,1.5,0.05,0,0,12.36,0.03,0,0,0.44,25.94,0,13.3,0
20200425,064600,0,1.58,0.05,0,0,13,0.04,0,0,0.44,25.75,90,10.64,0
20200425,064700,0,1.58,0.05,0,0,13.05,0.04,0,0,0.44,25.62,0,6.65,0
20200425,064800,0,1.39,0.05,0,0,11.45,0.03,0,0,0.46,25.12,135,10.64,0
20200425,064900,0,1.96,0.07,0,0,16.13,0.04,0,0,0.46,25,180,3.99,0
20200425,065000,0,1.78,0.06,0,0,14.69,0.04,0,0,0.48,24.69,90,7.98,0
20200425,065100,0,1.8,0.06,0,0,14.82,0.04,0,0,0.48,25.19,135,5.32,0
20200425,065200,0,2.01,0.07,0,0,16.61,0.05,0,0,0.46,25.06,90,6.65,0
20200425,065300,0,1.3,0.04,0,0,10.71,0.03,0,0,0.47,25.19,90,6.65,0
20200425,065400,0,1.43,0.05,0,0,11.76,0.03,0,0,0.46,25.31,135,6.65,0
20200425,065500,0,1.9,0.06,0,0,15.66,0.04,0,0,0.46,25.38,135,3.99,0
20200425,065600,0,1.8,0.06,0,0,14.81,0.04,0,0,0.45,25.38,135,9.31,0
20200425,065700,0,1.58,0.05,0,0,13,0.04,0,0,0.45,25.31,135,2.66,0
20200425,065800,0,2.03,0.07,0,0,16.78,0.05,0,0,0.45,25.31,135,6.65,0
20200425,065900,0,1.59,0.05,0,0,13.16,0.04,0,0,0.44,25.69,135,7.98,0
20200425,070000,0,1.85,0.06,0,0,15.24,0.04,0,0,0.44,26.25,135,2.66,0
20200425,070100,0,1.67,0.06,0,0,13.74,0.04,0,0,0.44,26.69,135,3.99,0
20200425,070200,0,1.29,0.04,0,0,10.66,0.03,0,0,0.42,26.19,90,10.64,0
20200425,070300,0,1.35,0.04,0,0,11.15,0.03,0,0,0.42,26.94,90,3.99,0
20200425,070400,0,1.57,0.05,0,0,12.91,0.04,0,0,0.42,27.5,0,9.31,0
20200425,070500,0,1.14,0.04,0,0,9.41,0.03,0,0,0.42,27.38,45,10.64,0
20200425,070600,0,1.31,0.04,0,0,10.83,0.03,0,0,0.42,27.12,180,2.66,0
20200425,070700,0,1.2,0.04,0,0,9.92,0.03,0,0,0.42,27.38,0,11.97,0
20200425,070800,0,1.37,0.05,0,0,11.27,0.03,0,0,0.41,27.12,45,9.31,0
20200425,070900,0,1.39,0.05,0,0,11.46,0.03,0,0,0.42,27.38,90,13.3,0
20200425,071000,0,0.85,0.03,0,0,7.03,0.02,0,0,0.42,27.38,45,15.96,0
20200425,071100,0,1.07,0.04,0,0,8.85,0.02,0,0,0.42,27.38,45,9.31,0
20200425,071200,0,1.39,0.05,0,0,11.44,0.03,0,0,0.42,27.31,90,9.31,0
20200425,071300,0,1.37,0.05,0,0,11.27,0.03,0,0,0.42,27.31,135,6.65,0
20200425,071400,0,1.05,0.04,0,0,8.7,0.02,0,0,0.42,27.5,45,11.97,0
20200425,071500,0,1.15,0.04,0,0,9.49,0.03,0,0,0.42,27.06,90,9.31,0
20200425,071600,0,0.95,0.03,0,0,7.83,0.02,0,0,0.42,26.69,0,6.65,0
20200425,071700,0,1.28,0.04,0,0,10.56,0.03,0,0,0.42,26.5,45,6.65,0
20200425,071800,0,1.15,0.04,0,0,9.47,0.03,0,0,0.43,26.69,180,0,0
20200425,071900,0,0.94,0.03,0,0,7.78,0.02,0,0,0.43,-127,45,7.98,0
20200425,072000,0,1.24,0.04,0,0,10.24,0.03,0,0,0.42,28,90,3.99,0
20200425,072100,0,1.4,0.05,0,0,11.59,0.03,0,0,0.44,27.94,45,9.31,0
20200425,072200,0,1.28,0.04,0,0,10.53,0.03,0,0,0.45,28,0,18.62,0
20200425,072300,0,1.03,0.03,0,0,8.46,0.02,0,0,0.45,28.19,90,7.98,0
20200425,072400,0,1.39,0.05,0,0,11.43,0.03,0,0,0.45,28.38,90,10.64,0
20200425,072500,0,0.98,0.03,0,0,8.11,0.02,0,0,0.45,28.62,45,14.63,0
20200425,072600,0,1.02,0.03,0,0,8.45,0.02,0,0,0.45,28.31,0,6.65,0
20200425,072700,0,1.33,0.04,0,0,11.01,0.03,0,0,0.46,28.25,45,11.97,0
20200425,072800,0,1.36,0.05,0,0,11.2,0.03,0,0,0.46,28.94,90,15.96,0
20200425,072900,0,1.23,0.04,0,0,10.17,0.03,0,0,0.45,28.62,90,7.98,0
20200425,073000,0,1.08,0.04,0,0,8.92,0.02,0,0,0.44,29,45,9.31,0
20200425,073100,0,1.06,0.04,0,0,8.73,0.02,0,0,0.44,29.19,45,9.31,0
20200425,073200,0,1.23,0.04,0,0,10.14,0.03,0,0,0.44,28.75,45,15.96,0
20200425,073300,0,0.91,0.03,0,0,7.5,0.02,0,0,0.44,29.31,45,9.31,0
20200425,073400,0,1.06,0.04,0,0,8.76,0.02,0,0,0.43,28.88,90,13.3,0
20200425,073500,0,1.31,0.04,0,0,10.79,0.03,0,0,0.43,28.94,0,17.29,0
20200425,073600,0,0.94,0.03,0,0,7.76,0.02,0,0,0.43,28.94,135,6.65,0
20200425,073700,0,1.75,0.06,0,0,14.45,0.04,0,0,0.43,29.38,135,0,0
20200425,073800,0,1.6,0.05,0,0,13.16,0.04,0,0,0.43,29,135,10.64,0
20200425,073900,0,1.3,0.04,0,0,10.77,0.03,0,0,0.43,28.56,45,9.31,0
20200425,074000,0,1.15,0.04,0,0,9.47,0.03,0,0,0.43,28.88,135,11.97,0
20200425,074100,0,1.27,0.04,0,0,10.49,0.03,0,0,0.44,-127,135,15.96,0
20200425,074200,0,1.31,0.04,0,0,10.84,0.03,0,0,0.43,28.94,135,9.31,0
20200425,074300,0,1.54,0.05,0,0,12.73,0.03,0,0,0.44,29.44,90,6.65,0
20200425,074400,0,1.35,0.05,0,0,11.17,0.03,0,0,0.43,-127,0,10.64,0
20200425,074500,0,1.52,0.05,0,0,12.57,0.03,0,0,0.44,29.94,90,13.3,0
20200425,074600,0,1.18,0.04,0,0,9.75,0.03,0,0,0.44,29,135,9.31,0
20200425,074700,0,1.37,0.05,0,0,11.32,0.03,0,0,0.44,29.06,90,15.96,0
20200425,074800,0,1.67,0.06,0,0,13.74,0.04,0,0,0.43,29.25,135,11.97,0
20200425,074900,0,1.26,0.04,0,0,10.37,0.03,0,0,0.44,29.62,0,13.3,0
20200425,075000,0,1.44,0.05,0,0,11.89,0.03,0,0,0.44,30,45,13.3,0
20200425,075100,0,1.58,0.05,0,0,13.06,0.04,0,0,0.44,29.88,0,17.29,0
20200425,075200,0,1.3,0.04,0,0,10.76,0.03,0,0,0.44,29,0,26.6,0
20200425,075300,0,1.44,0.05,0,0,11.92,0.03,0,0,0.44,28.69,0,21.28,0
20200425,075400,0,1.33,0.04,0,0,10.97,0.03,0,0,0.45,29,90,13.3,0
20200425,075500,0,1.36,0.05,0,0,11.24,0.03,0,0,0.44,30.31,45,6.65,0
20200425,075600,0,1,0.03,0,0,8.22,0.02,0,0,0.44,30.5,45,18.62,0
20200425,075700,0,1.35,0.04,0,0,11.13,0.03,0,0,0.44,30.94,135,3.99,0
20200425,075800,0,1.14,0.04,0,0,9.37,0.03,0,0,0.45,31.12,0,13.3,0
20200425,075900,0,1.2,0.04,0,0,9.89,0.03,0,0,0.45,30.25,45,14.63,0
20200425,080000,0,1.32,0.04,0,0,10.9,0.03,0,0,0.45,30.5,225,10.64,0
20200425,080100,0,1.46,0.05,0,0,12.01,0.03,0,0,0.45,29.38,45,26.6,0
20200425,080200,0,1.28,0.04,0,0,10.54,0.03,0,0,0.45,29.88,335,7.98,0
20200425,080300,0,1.08,0.04,0,0,8.9,0.02,0,0,0.44,30,0,10.64,0
20200425,080400,0,1.26,0.04,0,0,10.4,0.03,0,0,0.44,29.94,0,10.64,0
20200425,080500,0,1.45,0.05,0,0,11.93,0.03,0,0,0.44,30.44,45,9.31,0
20200425,080600,0,1.22,0.04,0,0,10.05,0.03,0,0,0.45,30.25,0,13.3,0
20200425,080700,0,1.11,0.04,0,0,9.15,0.03,0,0,0.45,30.19,0,6.65,0
20200425,080800,0,0.91,0.03,0,0,7.52,0.02,0,0,0.45,29.69,135,10.64,0
20200425,080900,0,1.18,0.04,0,0,9.76,0.03,0,0,0.45,29.94,90,11.97,0
20200425,081000,0,0.9,0.03,0,0,7.45,0.02,0,0,0.44,30.31,45,19.95,0
20200425,081100,0,1.06,0.04,0,0,8.73,0.02,0,0,0.44,30.5,45,7.98,0
20200425,081200,0,1.21,0.04,0,0,10,0.03,0,0,0.44,30.25,45,18.62,0
20200425,081300,0,1.61,0.05,0,0,13.29,0.04,0,0,0.44,30,45,23.94,0
20200425,081400,0,1.32,0.04,0,0,10.92,0.03,0,0,0.43,29.94,90,10.64,0
20200425,081500,0,1.42,0.05,0,0,11.69,0.03,0,0,0.43,30.12,90,25.27,0
20200425,081600,0,1.04,0.03,0,0,8.56,0.02,0,0,0.43,29.25,180,19.95,0
20200425,081700,0,1.17,0.04,0,0,9.64,0.03,0,0,0.43,29.56,0,17.29,0
20200425,081800,0,0.8,0.03,0,0,6.63,0.02,0,0,0.44,29.94,45,11.97,0
20200425,081900,0,0.97,0.03,0,0,7.97,0.02,0,0,0.44,29.81,45,9.31,0
20200425,082000,0,1.02,0.03,0,0,8.42,0.02,0,0,0.44,29.81,45,29.26,0
20200425,082100,0,0.88,0.03,0,0,7.27,0.02,0,0,0.46,29.62,180,13.3,0
20200425,082200,0,0.88,0.03,0,0,7.25,0.02,0,0,0.45,29.94,180,9.31,0
20200425,082300,0,0.88,0.03,0,0,7.29,0.02,0,0,0.46,29.38,0,18.62,0
20200425,082400,0,1.35,0.04,0,0,11.14,0.03,0,0,0.47,29.25,0,18.62,0
20200425,082500,0,0.83,0.03,0,0,6.86,0.02,0,0,0.46,29.12,45,18.62,0
20200425,082600,0,0.82,0.03,0,0,6.75,0.02,0,0,0.47,29.19,45,26.6,0
20200425,082700,0,0.83,0.03,0,0,6.82,0.02,0,0,0.46,29.06,90,13.3,0
20200425,082800,0,0.87,0.03,0,0,7.22,0.02,0,0,0.47,29.31,90,15.96,0
20200425,082900,0,1.03,0.03,0,0,8.53,0.02,0,0,0.46,29.19,0,22.61,0
20200425,083000,0,0.85,0.03,0,0,7,0.02,0,0,0.45,29.06,45,17.29,0
20200425,083100,0,0.91,0.03,0,0,7.51,0.02,0,0,0.46,29.19,90,17.29,0
20200425,083200,0,0.77,0.03,0,0,6.39,0.02,0,0,0.46,29.69,45,18.62,0
20200425,083300,0,0.84,0.03,0,0,6.89,0.02,0,0,0.46,29.5,90,15.96,0
20200425,083400,0,0.66,0.02,0,0,5.43,0.01,0,0,0.46,29.25,0,18.62,0
20200425,083500,0,0.41,0.01,0,0,3.36,0.01,0,0,0.45,-127,0,19.95,0
20200425,083600,0,0.59,0.02,0,0,4.89,0.01,0,0,0.46,29.12,0,19.95,0
20200425,083700,0,0.55,0.02,0,0,4.53,0.01,0,0,0.47,29.5,45,17.29,0
20200425,083800,0,0.58,0.02,0,0,4.78,0.01,0,0,0.46,29.75,90,13.3,0
20200425,083900,0,0.73,0.02,0,0,5.99,0.02,0,0,0.47,29.19,335,22.61,0
20200425,084000,0,0.36,0.01,0,0,2.95,0.01,0,0,0.48,29.38,45,19.95,0
20200425,084100,0,0.4,0.01,0,0,3.27,0.01,0,0,0.48,29.69,90,11.97,0
20200425,084200,0,0.44,0.01,0,0,3.63,0.01,0,0,0.47,29.5,0,23.94,0
20200425,084300,0,0.46,0.02,0,0,3.77,0.01,0,0,0.47,29.06,335,26.6,0
20200425,084400,0,0.63,0.02,0,0,5.23,0.01,0,0,0.46,29.12,90,29.26,0
20200425,084500,0,0.77,0.03,0,0,6.37,0.02,0,0,0.46,29.06,90,21.28,0
20200425,084600,0,0.71,0.02,0,0,5.87,0.02,0,0,0.47,29.44,0,14.63,0
20200425,084700,0,0.34,0.01,0,0,2.8,0.01,0,0,0.47,29.44,0,26.6,0
20200425,084800,0,0.52,0.02,0,0,4.33,0.01,0,0,0.47,29.81,0,10.64,0
20200425,084900,0,0.28,0.01,0,0,2.29,0.01,0,0,0.47,29.44,0,25.27,0
20200425,085000,0,0.25,0.01,0,0,2.05,0.01,0,0,0.46,29.56,0,10.64,0
20200425,085100,0,0.33,0.01,0,0,2.69,0.01,0,0,0.46,29.81,335,15.96,0
20200425,085200,0,0.45,0.01,0,0,3.7,0.01,0,0,0.46,29.81,45,14.63,0
20200425,085300,0,0.31,0.01,0,0,2.52,0.01,0,0,0.46,30.19,0,21.28,0
20200425,085400,0,0.39,0.01,0,0,3.21,0.01,0,0,0.45,30.12,335,10.64,0
20200425,085500,0,0.41,0.01,0,0,3.39,0.01,0,0,0.45,30.12,0,18.62,0
20200425,085600,0,0.42,0.01,0,0,3.47,0.01,0,0,0.46,30.12,45,13.3,0
20200425,085700,0,0.64,0.02,0,0,5.31,0.01,0,0,0.46,29.88,135,25.27,0
20200425,085800,0,0.42,0.01,0,0,3.49,0.01,0,0,0.45,29.88,45,13.3,0
20200425,085900,0,0.51,0.02,0,0,4.24,0.01,0,0,0.45,29.69,0,27.93,0
20200425,090000,0,0.51,0.02,0,0,4.17,0.01,0,0,0.45,29.56,270,25.27,0
20200425,090100,0,0.25,0.01,0,0,2.06,0.01,0,0,0.46,29.12,0,13.3,0
20200425,090200,0,0.37,0.01,0,0,3.09,0.01,0,0,0.46,29.31,0,14.63,0
20200425,090300,0,0.35,0.01,0,0,2.87,0.01,0,0,0.46,29.12,335,25.27,0
20200425,090400,0,0.43,0.01,0,0,3.54,0.01,0,0,0.45,29.12,0,25.27,0
20200425,090500,0,0.35,0.01,0,0,2.85,0.01,0,0,0.45,29.19,335,35.91,0
20200425,090600,0,0.28,0.01,0,0,2.29,0.01,0,0,0.46,29.06,270,13.3,0
20200425,090700,0,0.51,0.02,0,0,4.17,0.01,0,0,0.46,29.38,0,18.62,0
20200425,090800,0,0.37,0.01,0,0,3.09,0.01,0,0,0.46,29.31,45,17.29,0
20200425,090900,0,0.32,0.01,0,0,2.6,0.01,0,0,0.47,29.75,0,21.28,0
20200425,091000,0,0.51,0.02,0,0,4.18,0.01,0,0,0.47,29.69,45,18.62,0
20200425,091100,0,0.5,0.02,0,0,4.13,0.01,0,0,0.47,29.56,0,30.59,0
20200425,091200,0,0.29,0.01,0,0,2.43,0.01,0,0,0.47,30,0,22.61,0
20200425,091300,0,0.32,0.01,0,0,2.62,0.01,0,0,0.47,29.88,45,25.27,0
20200425,091400,0,0.46,0.02,0,0,3.82,0.01,0,0,0.47,29.31,0,18.62,0
20200425,091500,0,0.39,0.01,0,0,3.21,0.01,0,0,0.46,29.69,45,34.58,0
20200425,091600,0,0.6,0.02,0,0,4.92,0.01,0,0,0.46,29.56,90,27.93,0
20200425,091700,0,0.36,0.01,0,0,2.98,0.01,0,0,0.47,30,135,10.64,0
20200425,091800,0,0.45,0.01,0,0,3.7,0.01,0,0,0.46,30.31,45,9.31,0
20200425,091900,0,0.48,0.02,0,0,3.92,0.01,0,0,0.46,30.38,0,21.28,0
20200425,092000,0,0.56,0.02,0,0,4.63,0.01,0,0,0.46,-127,270,10.64,0
20200425,092100,0,0.45,0.01,0,0,3.67,0.01,0,0,0.45,30.5,45,17.29,0
20200425,092200,0,0.35,0.01,0,0,2.88,0.01,0,0,0.46,30.44,45,22.61,0
20200425,092300,0,0.6,0.02,0,0,4.95,0.01,0,0,0.46,30,335,22.61,0
20200425,092400,0,0.28,0.01,0,0,2.34,0.01,0,0,0.46,29.88,0,21.28,0
20200425,092500,0,0.28,0.01,0,0,2.28,0.01,0,0,0.45,29.81,0,25.27,0
20200425,092600,0,0.23,0.01,0,0,1.87,0.01,0,0,0.45,29.62,0,26.6,0
20200425,092700,0,0.39,0.01,0,0,3.19,0.01,0,0,0.45,29.81,45,15.96,0
20200425,092800,0,0.33,0.01,0,0,2.75,0.01,0,0,0.45,29.94,0,19.95,0
20200425,092900,0,0.44,0.01,0,0,3.61,0.01,0,0,0.46,29.88,135,18.62,0
20200425,093000,0,0.42,0.01,0,0,3.43,0.01,0,0,0.46,29.38,0,23.94,0
20200425,093100,0,0.44,0.01,0,0,3.65,0.01,0,0,0.46,30.12,0,7.98,0
20200425,093200,0,0.53,0.02,0,0,4.4,0.01,0,0,0.47,30.19,0,21.28,0
20200425,093300,0,0.46,0.02,0,0,3.78,0.01,0,0,0.46,29.94,0,10.64,0
20200425,093400,0,0.38,0.01,0,0,3.17,0.01,0,0,0.46,29.94,335,14.63,0
20200425,093500,0,0.43,0.01,0,0,3.52,0.01,0,0,0.47,30.31,45,19.95,0
20200425,093700,0,0.37,0.01,0,0,3.08,0.01,0,0,0.47,30,90,22.61,0
20200425,093800,0,0.5,0.02,0,0,4.12,0.01,0,0,0.46,30.44,90,26.6,0
20200425,093900,0,0.52,0.02,0,0,4.26,0.01,0,0,0.47,29.88,90,27.93,0
20200425,094000,0,0.36,0.01,0,0,3.01,0.01,0,0,0.46,29.88,45,30.59,0
20200425,094100,0,0.44,0.01,0,0,3.66,0.01,0,0,0.46,29.81,135,19.95,0
20200425,094200,0,0.28,0.01,0,0,2.33,0.01,0,0,0.46,30.25,90,7.98,0
20200425,094300,0,0.27,0.01,0,0,2.26,0.01,0,0,0.46,30.88,90,14.63,0
20200425,094400,0,0.26,0.01,0,0,2.11,0.01,0,0,0.46,30.88,45,13.3,0
20200425,094500,0,0.29,0.01,0,0,2.36,0.01,0,0,0.46,30.94,45,3.99,0
20200425,094600,0,0.36,0.01,0,0,2.97,0.01,0,0,0.46,31.69,0,2.66,0
20200425,094700,0,0.5,0.02,0,0,4.1,0.01,0,0,0.46,31.31,270,7.98,0
20200425,094800,0,0.45,0.02,0,0,3.75,0.01,0,0,0.45,30.62,0,11.97,0
20200425,094900,0,0.4,0.01,0,0,3.33,0.01,0,0,0.45,30.19,270,19.95,0
20200425,095000,0,0.41,0.01,0,0,3.4,0.01,0,0,0.45,30,335,21.28,0
20200425,095100,0,0.2,0.01,0,0,1.61,0,0,0,0.45,30,45,10.64,0
20200425,095200,0,0.63,0.02,0,0,5.23,0.01,0,0,0.45,30.38,270,14.63,0
20200425,095300,0,0.54,0.02,0,0,4.48,0.01,0,0,0.45,31.19,90,15.96,0
20200425,095400,0,0.52,0.02,0,0,4.27,0.01,0,0,0.45,31.5,0,10.64,0
20200425,095500,0,0.57,0.02,0,0,4.71,0.01,0,0,0.45,31.19,0,19.95,0
20200425,095600,0,0.37,0.01,0,0,3.09,0.01,0,0,0.45,30.62,45,19.95,0
20200425,095700,0,0.36,0.01,0,0,2.99,0.01,0,0,0.45,30.06,45,31.92,0
20200425,095800,0,0.39,0.01,0,0,3.22,0.01,0,0,0.45,30.06,0,19.95,0
20200425,095900,0,0.47,0.02,0,0,3.92,0.01,0,0,0.45,30.62,45,15.96,0
20200425,100000,0,0.31,0.01,0,0,2.53,0.01,0,0,0.45,30.69,0,18.62,0
20200425,100100,0,0.34,0.01,0,0,2.77,0.01,0,0,0.46,30.62,45,21.28,0
20200425,100200,0,0.36,0.01,0,0,2.97,0.01,0,0,0.46,30.75,0,15.96,0
20200425,100300,0,0.34,0.01,0,0,2.8,0.01,0,0,0.46,30.56,45,13.3,0
20200425,100400,0,0.51,0.02,0,0,4.21,0.01,0,0,0.46,30.19,90,25.27,0
20200425,100500,0,0.28,0.01,0,0,2.28,0.01,0,0,0.46,29.88,335,25.27,0
20200425,100600,0,0.39,0.01,0,0,3.26,0.01,0,0,0.45,29.94,0,17.29,0
20200425,100700,0,0.48,0.02,0,0,3.95,0.01,0,0,0.45,29.69,45,26.6,0
20200425,100800,0,0.3,0.01,0,0,2.5,0.01,0,0,0.45,29.75,0,9.31,0
20200425,100900,0,0.44,0.01,0,0,3.64,0.01,0,0,0.45,30.25,45,34.58,0
20200425,101000,0,0.56,0.02,0,0,4.64,0.01,0,0,0.45,30.56,0,13.3,0
20200425,101100,0,0.55,0.02,0,0,4.55,0.01,0,0,0.46,30.75,0,21.28,0
20200425,101200,0,0.54,0.02,0,0,4.48,0.01,0,0,0.46,30.5,180,11.97,0
20200425,101300,0,0.32,0.01,0,0,2.67,0.01,0,0,0.46,30.44,0,19.95,0
20200425,101400,0,0.49,0.02,0,0,4.02,0.01,0,0,0.46,30.25,0,14.63,0
20200425,101500,0,0.4,0.01,0,0,3.29,0.01,0,0,0.46,30,335,26.6,0
20200425,101600,0,0.45,0.01,0,0,3.72,0.01,0,0,0.45,30.44,0,19.95,0
20200425,101700,0,0.38,0.01,0,0,3.11,0.01,0,0,0.45,31,270,14.63,0
20200425,101800,0,0.38,0.01,0,0,3.15,0.01,0,0,0.45,31.12,335,26.6,0
20200425,101900,0,0.41,0.01,0,0,3.41,0.01,0,0,0.45,30.69,135,10.64,0
20200425,102000,0,0.37,0.01,0,0,3.07,0.01,0,0,0.45,31.19,135,15.96,0
20200425,102100,0,0.35,0.01,0,0,2.9,0.01,0,0,0.46,31.44,0,13.3,0
20200425,102200,0,0.4,0.01,0,0,3.27,0.01,0,0,0.46,31.19,45,29.26,0
20200425,102300,0,0.43,0.01,0,0,3.55,0.01,0,0,0.46,31.62,0,19.95,0
20200425,102400,0,0.27,0.01,0,0,2.19,0.01,0,0,0.46,31.5,0,7.98,0
20200425,102500,0,0.41,0.01,0,0,3.38,0.01,0,0,0.46,31.88,45,13.3,0
20200425,102600,0,0.39,0.01,0,0,3.26,0.01,0,0,0.46,32.25,90,13.3,0
20200425,102700,0,0.43,0.01,0,0,3.52,0.01,0,0,0.47,32.5,0,10.64,0
20200425,102800,0,0.51,0.02,0,0,4.19,0.01,0,0,0.46,32.5,90,7.98,0
20200425,102900,0,0.55,0.02,0,0,4.51,0.01,0,0,0.47,31.5,335,11.97,0
20200425,103000,0,0.32,0.01,0,0,2.63,0.01,0,0,0.47,30.38,0,15.96,0
20200425,103100,0,0.33,0.01,0,0,2.71,0.01,0,0,0.46,30.19,0,17.29,0
20200425,103200,0,0.39,0.01,0,0,3.23,0.01,0,0,0.47,30.69,0,22.61,0
20200425,103300,0,0.4,0.01,0,0,3.31,0.01,0,0,0.47,31.19,45,14.63,0
20200425,103400,0,0.37,0.01,0,0,3.05,0.01,0,0,0.46,31.75,90,18.62,0
20200425,103500,0,0.4,0.01,0,0,3.32,0.01,0,0,0.46,31.75,90,25.27,0
20200425,103600,0,0.33,0.01,0,0,2.75,0.01,0,0,0.47,32.88,335,9.31,0
20200425,103700,0,0.27,0.01,0,0,2.25,0.01,0,0,0.48,31.69,45,18.62,0
20200425,103800,0,0.41,0.01,0,0,3.36,0.01,0,0,0.48,31.19,45,26.6,0
20200425,103900,0,0.64,0.02,0,0,5.3,0.01,0,0,0.48,31,0,21.28,0
20200425,104000,0,0.61,0.02,0,0,5.07,0.01,0,0,0.48,31.56,45,14.63,0
20200425,104100,0,0.3,0.01,0,0,2.44,0.01,0,0,0.48,31.5,45,19.95,0
20200425,104200,0,0.4,0.01,0,0,3.26,0.01,0,0,0.48,32.62,90,15.96,0
20200425,104300,0,0.37,0.01,0,0,3.04,0.01,0,0,0.48,32.75,45,14.63,0
20200425,104400,0,0.49,0.02,0,0,4.07,0.01,0,0,0.48,32.06,45,10.64,0
20200425,104500,0,0.43,0.01,0,0,3.57,0.01,0,0,0.48,31.12,0,19.95,0
20200425,104600,0,0.28,0.01,0,0,2.28,0.01,0,0,0.48,31.06,180,14.63,0
20200425,104700,0,0.41,0.01,0,0,3.37,0.01,0,0,0.48,31.06,270,10.64,0
20200425,104800,0,0.34,0.01,0,0,2.82,0.01,0,0,0.47,31.06,90,9.31,0
20200425,104900,0,0.61,0.02,0,0,5.04,0.01,0,0,0.48,31.19,90,7.98,0
20200425,105000,0,0.49,0.02,0,0,4.02,0.01,0,0,0.48,31.31,45,9.31,0
20200425,105100,0,0.69,0.02,0,0,5.66,0.02,0,0,0.48,30.56,45,7.98,0
20200425,105200,0,0.63,0.02,0,0,5.17,0.01,0,0,0.48,30.56,0,22.61,0
20200425,105300,0,0.44,0.01,0,0,3.67,0.01,0,0,0.48,30.56,335,6.65,0
20200425,105400,0,0.42,0.01,0,0,3.49,0.01,0,0,0.49,30.12,90,7.98,0
20200425,105500,0,0.4,0.01,0,0,3.26,0.01,0,0,0.49,30.5,0,15.96,0
20200425,105600,0,0.36,0.01,0,0,2.96,0.01,0,0,0.5,30.38,0,14.63,0
20200425,105700,0,0.58,0.02,0,0,4.79,0.01,0,0,0.49,30.69,0,13.3,0
20200425,105800,0,0.52,0.02,0,0,4.28,0.01,0,0,0.48,31.12,0,11.97,0
20200425,105900,0,0.47,0.02,0,0,3.87,0.01,0,0,0.48,31.5,0,14.63,0
20200425,110000,0,0.53,0.02,0,0,4.35,0.01,0,0,0.49,32,335,11.97,0
20200425,110100,0,0.37,0.01,0,0,3.02,0.01,0,0,0.49,31.75,270,22.61,0
20200425,110200,0,0.47,0.02,0,0,3.88,0.01,0,0,0.49,31.31,0,14.63,0
20200425,110300,0,0.46,0.02,0,0,3.77,0.01,0,0,0.5,30.94,270,9.31,0
20200425,110400,0,0.45,0.02,0,0,3.75,0.01,0,0,0.5,30.56,335,15.96,0
20200425,110500,0,0.32,0.01,0,0,2.62,0.01,0,0,0.5,30.5,45,13.3,0
20200425,110600,0,0.37,0.01,0,0,3.06,0.01,0,0,0.5,30.62,335,6.65,0
20200425,110700,0,0.52,0.02,0,0,4.27,0.01,0,0,0.5,30.31,270,7.98,0
20200425,110800,0,0.62,0.02,0,0,5.11,0.01,0,0,0.49,30.38,90,13.3,0
20200425,110900,0,0.52,0.02,0,0,4.3,0.01,0,0,0.49,30.44,45,18.62,0
20200425,111000,0,0.58,0.02,0,0,4.75,0.01,0,0,0.49,31.19,90,14.63,0
20200425,111100,0,0.53,0.02,0,0,4.35,0.01,0,0,0.48,32.5,45,9.31,0
20200425,111200,0,0.5,0.02,0,0,4.09,0.01,0,0,0.48,32.5,45,25.27,0
20200425,111300,0,0.55,0.02,0,0,4.5,0.01,0,0,0.47,32,45,11.97,0
20200425,111400,0,0.68,0.02,0,0,5.62,0.02,0,0,0.47,30.94,0,26.6,0
20200425,111500,0,1.12,0.04,0,0,9.23,0.03,0,0,0.46,30.88,45,25.27,0
20200425,111600,0,0.68,0.02,0,0,5.58,0.02,0,0,0.47,30.88,0,19.95,0
20200425,111700,0,0.71,0.02,0,0,5.9,0.02,0,0,0.46,30.88,0,10.64,0
20200425,111800,0,0.48,0.02,0,0,3.99,0.01,0,0,0.45,32.12,45,13.3,0
20200425,111900,0,0.43,0.01,0,0,3.56,0.01,0,0,0.45,32.25,45,31.92,0
20200425,112000,0,0.32,0.01,0,0,2.62,0.01,0,0,0.45,31.81,90,27.93,0
20200425,112100,0,0.26,0.01,0,0,2.16,0.01,0,0,0.45,31.25,90,22.61,0
20200425,112200,0,0.34,0.01,0,0,2.79,0.01,0,0,0.45,31.19,45,15.96,0
20200425,112300,0,0.68,0.02,0,0,5.64,0.02,0,0,0.45,31.25,45,10.64,0
20200425,112400,0,0.22,0.01,0,0,1.83,0.01,0,0,0.45,31.5,90,5.32,0
20200425,112500,0,0.43,0.01,0,0,3.52,0.01,0,0,0.45,31.69,0,11.97,0
20200425,112600,0,0.38,0.01,0,0,3.12,0.01,0,0,0.45,31.62,0,9.31,0
20200425,112700,0,0.33,0.01,0,0,2.76,0.01,0,0,0.45,31.56,225,15.96,0
20200425,112800,0,0.65,0.02,0,0,5.38,0.01,0,0,0.46,31.5,335,13.3,0
20200425,112900,0,0.44,0.01,0,0,3.67,0.01,0,0,0.47,30.69,0,41.23,0
20200425,113000,0,0.45,0.01,0,0,3.69,0.01,0,0,0.46,31.19,0,25.27,0
20200425,113100,0,0.55,0.02,0,0,4.52,0.01,0,0,0.47,31.44,135,13.3,0
20200425,113200,0,0.38,0.01,0,0,3.17,0.01,0,0,0.46,31.88,45,11.97,0
20200425,113300,0,0.46,0.02,0,0,3.83,0.01,0,0,0.47,-54.5,335,11.97,0
20200425,113400,0,0.34,0.01,0,0,2.82,0.01,0,0,0.47,32.38,0,11.97,0
20200425,113500,0,0.24,0.01,0,0,1.95,0.01,0,0,0.46,32.69,45,22.61,0
20200425,113600,0,0.27,0.01,0,0,2.24,0.01,0,0,0.46,32.5,0,22.61,0
20200425,113700,0,0.3,0.01,0,0,2.44,0.01,0,0,0.45,32.88,45,19.95,0
20200425,113800,0,0.27,0.01,0,0,2.23,0.01,0,0,0.45,32.06,0,31.92,0
20200425,113900,0,0.31,0.01,0,0,2.54,0.01,0,0,0.45,31.5,0,17.29,0
20200425,114000,0,0.26,0.01,0,0,2.17,0.01,0,0,0.45,31.06,90,18.62,0
20200425,114100,0,0.34,0.01,0,0,2.78,0.01,0,0,0.45,31.12,45,15.96,0
20200425,114200,0,0.53,0.02,0,0,4.34,0.01,0,0,0.44,30.75,45,14.63,0
20200425,114300,0,0.56,0.02,0,0,4.65,0.01,0,0,0.45,32.06,45,23.94,0
20200425,114400,0,0.65,0.02,0,0,5.4,0.01,0,0,0.45,32.38,45,15.96,0
20200425,114500,0,0.68,0.02,0,0,5.59,0.02,0,0,0.46,32.19,45,7.98,0
20200425,114600,0,0.49,0.02,0,0,4.02,0.01,0,0,0.46,31.69,0,22.61,0
20200425,114700,0,0.31,0.01,0,0,2.56,0.01,0,0,0.45,31.75,0,17.29,0
20200425,114800,0,0.37,0.01,0,0,3.06,0.01,0,0,0.46,32,0,11.97,0
20200425,114900,0,0.44,0.01,0,0,3.63,0.01,0,0,0.45,32.25,45,13.3,0
20200425,115000,0,0.39,0.01,0,0,3.25,0.01,0,0,0.46,32.31,335,17.29,0
20200425,115100,0,0.28,0.01,0,0,2.29,0.01,0,0,0.46,32.75,45,18.62,0
20200425,115200,0,0.2,0.01,0,0,1.63,0,0,0,0.45,32.31,0,19.95,0
20200425,115300,0,0.24,0.01,0,0,2.02,0.01,0,0,0.45,32.75,335,17.29,0
20200425,115400,0,0.35,0.01,0,0,2.9,0.01,0,0,0.45,32.69,45,31.92,0
20200425,115500,0,0.34,0.01,0,0,2.8,0.01,0,0,0.45,32.69,270,25.27,0
20200425,115600,0,0.34,0.01,0,0,2.82,0.01,0,0,0.44,32.38,45,26.6,0
20200425,115700,0,0.32,0.01,0,0,2.61,0.01,0,0,0.44,32.5,45,30.59,0
20200425,115800,0,0.39,0.01,0,0,3.2,0.01,0,0,0.44,32.94,90,9.31,0
20200425,115900,0,0.24,0.01,0,0,1.95,0.01,0,0,0.43,34.06,0,22.61,0
20200425,120200,0,0.31,0.01,0,0,2.52,0.01,0,0,0.43,33.56,225,5.32,0
20200425,120300,0,0.51,0.02,0,0,4.21,0.01,0,0,0.43,34.94,0,21.28,0
20200425,120400,0,0.36,0.01,0,0,2.98,0.01,0,0,0.43,33.38,335,9.31,0
20200425,120500,0,0.55,0.02,0,0,4.5,0.01,0,0,0.43,32.69,0,21.28,0
20200425,120600,0,0.34,0.01,0,0,2.84,0.01,0,0,0.43,31.81,270,11.97,0
20200425,120700,0,0.4,0.01,0,0,3.29,0.01,0,0,0.43,31.88,335,11.97,0
20200425,120800,0,0.27,0.01,0,0,2.23,0.01,0,0,0.42,32.75,0,11.97,0
20200425,120900,0,0.52,0.02,0,0,4.25,0.01,0,0,0.43,32.88,90,17.29,0
20200425,121000,0,0.54,0.02,0,0,4.48,0.01,0,0,0.43,33.75,0,14.63,0
20200425,121100,0,0.37,0.01,0,0,3.06,0.01,0,0,0.43,33.12,0,15.96,0
20200425,121200,0,0.31,0.01,0,0,2.53,0.01,0,0,0.44,32.75,90,11.97,0
20200425,121300,0,0.32,0.01,0,0,2.67,0.01,0,0,0.44,32.56,270,6.65,0
20200425,121400,0,0.28,0.01,0,0,2.34,0.01,0,0,0.44,31.5,335,14.63,0
20200425,121500,0,0.29,0.01,0,0,2.4,0.01,0,0,0.44,30.88,335,13.3,0
20200425,121600,0,0.39,0.01,0,0,3.21,0.01,0,0,0.44,31.38,180,3.99,0
20200425,121700,0,0.22,0.01,0,0,1.85,0.01,0,0,0.44,32.94,0,26.6,0
20200425,121800,0,0.41,0.01,0,0,3.38,0.01,0,0,0.44,33.56,45,23.94,0
20200425,121900,0,0.47,0.02,0,0,3.88,0.01,0,0,0.44,34.12,0,10.64,0
20200425,122000,0,0.39,0.01,0,0,3.25,0.01,0,0,0.44,33.31,0,10.64,0
20200425,122100,0,0.4,0.01,0,0,3.31,0.01,0,0,0.44,32.75,45,17.29,0
20200425,122200,0,0.52,0.02,0,0,4.32,0.01,0,0,0.44,31.75,45,25.27,0
20200425,122300,0,0.37,0.01,0,0,3.06,0.01,0,0,0.45,31.38,0,30.59,0
20200425,122400,0,0.41,0.01,0,0,3.38,0.01,0,0,0.45,31.62,335,18.62,0
20200425,122500,0,0.28,0.01,0,0,2.35,0.01,0,0,0.45,31.44,270,9.31,0
20200425,122600,0,0.38,0.01,0,0,3.17,0.01,0,0,0.45,31.81,90,1.33,0
20200425,122700,0,0.33,0.01,0,0,2.68,0.01,0,0,0.45,31.88,225,3.99,0
20200425,122800,0,0.24,0.01,0,0,1.96,0.01,0,0,0.45,31.81,45,19.95,0
20200425,122900,0,0.22,0.01,0,0,1.84,0.01,0,0,0.45,32.75,90,9.31,0
20200425,123000,0,0.45,0.01,0,0,3.71,0.01,0,0,0.45,33.5,135,19.95,0
20200425,123100,0,0.39,0.01,0,0,3.19,0.01,0,0,0.45,34.19,0,11.97,0
20200425,123200,0,0.26,0.01,0,0,2.13,0.01,0,0,0.45,33.69,45,11.97,0
20200425,123300,0,0.28,0.01,0,0,2.27,0.01,0,0,0.45,32.69,45,29.26,0
20200425,123400,0,0.33,0.01,0,0,2.74,0.01,0,0,0.44,31.62,335,14.63,0
20200425,123500,0,0.28,0.01,0,0,2.34,0.01,0,0,0.44,31.12,335,11.97,0
20200425,123600,0,0.28,0.01,0,0,2.34,0.01,0,0,0.45,30.94,45,9.31,0
20200425,123800,0,0.54,0.02,0,0,4.44,0.01,0,0,0.45,31.44,270,15.96,0
20200425,123900,0,0.42,0.01,0,0,3.45,0.01,0,0,0.45,32,45,11.97,0
20200425,124000,0,0.52,0.02,0,0,4.29,0.01,0,0,0.45,32,270,21.28,0
20200425,124100,0,0.31,0.01,0,0,2.54,0.01,0,0,0.45,31.56,0,21.28,0
20200425,124200,0,0.36,0.01,0,0,2.97,0.01,0,0,0.46,32.69,0,11.97,0
20200425,124300,0,0.48,0.02,0,0,3.93,0.01,0,0,0.45,33.75,0,10.64,0
20200425,124400,0,0.28,0.01,0,0,2.31,0.01,0,0,0.45,33.75,45,27.93,0
20200425,124500,0,0.46,0.02,0,0,3.82,0.01,0,0,0.45,34.06,45,17.29,0
20200425,124600,0,0.42,0.01,0,0,3.44,0.01,0,0,0.46,33.19,0,14.63,0
20200425,124700,0,0.33,0.01,0,0,2.74,0.01,0,0,0.45,32.62,0,22.61,0
20200425,124800,0,0.51,0.02,0,0,4.18,0.01,0,0,0.45,31.69,45,14.63,0
20200425,124900,0,0.4,0.01,0,0,3.28,0.01,0,0,0.45,31.56,90,9.31,0
20200425,125000,0,0.44,0.01,0,0,3.6,0.01,0,0,0.45,31.62,135,7.98,0
20200425,125100,0,0.37,0.01,0,0,3.06,0.01,0,0,0.45,31.81,135,5.32,0
20200425,125200,0,0.49,0.02,0,0,4.05,0.01,0,0,0.45,32.31,135,7.98,0
20200425,125300,0,0.47,0.02,0,0,3.9,0.01,0,0,0.45,33.69,90,9.31,0
20200425,125400,0,0.54,0.02,0,0,4.48,0.01,0,0,0.45,33,90,14.63,0
20200425,125500,0,0.48,0.02,0,0,3.98,0.01,0,0,0.44,32.5,0,9.31,0
20200425,125600,0,0.38,0.01,0,0,3.16,0.01,0,0,0.45,32.06,0,26.6,0
20200425,125700,0,0.37,0.01,0,0,3.06,0.01,0,0,0.45,31.75,90,18.62,0
20200425,125800,0,0.26,0.01,0,0,2.12,0.01,0,0,0.44,31.75,90,18.62,0
20200425,125900,0,0.38,0.01,0,0,3.14,0.01,0,0,0.44,32.75,45,7.98,0
20200425,130000,0,0.42,0.01,0,0,3.48,0.01,0,0,0.44,33.75,90,13.3,0
20200425,130100,0,0.39,0.01,0,0,3.18,0.01,0,0,0.44,34.62,45,6.65,0
20200425,130200,0,0.74,0.02,0,0,6.11,0.02,0,0,0.44,35.5,90,7.98,0
20200425,130300,0,0.55,0.02,0,0,4.5,0.01,0,0,0.44,35.94,45,17.29,0
20200425,130400,0,0.4,0.01,0,0,3.28,0.01,0,0,0.44,35.5,335,21.28,0
20200425,130500,0,0.23,0.01,0,0,1.89,0.01,0,0,0.44,35.25,45,11.97,0
20200425,130600,0,0.34,0.01,0,0,2.79,0.01,0,0,0.44,35.69,0,39.9,0
20200425,130700,0,0.32,0.01,0,0,2.65,0.01,0,0,0.45,34.69,335,18.62,0
20200425,130800,0,0.37,0.01,0,0,3.02,0.01,0,0,0.45,34.44,335,7.98,0
20200425,130900,0,0.42,0.01,0,0,3.47,0.01,0,0,0.45,35.44,45,23.94,0
20200425,131000,0,0.19,0.01,0,0,1.6,0,0,0,0.45,35.44,335,13.3,0
20200425,131100,0,0.41,0.01,0,0,3.4,0.01,0,0,0.45,35.56,0,6.65,0
20200425,131200,0,0.33,0.01,0,0,2.7,0.01,0,0,0.45,34.62,335,19.95,0
20200425,131300,0,0.31,0.01,0,0,2.59,0.01,0,0,0.46,35.25,0,11.97,0
20200425,131400,0,0.37,0.01,0,0,3.07,0.01,0,0,0.45,33.19,0,34.58,0
20200425,131500,0,0.32,0.01,0,0,2.61,0.01,0,0,0.46,32.69,45,17.29,0
20200425,131600,0,0.31,0.01,0,0,2.53,0.01,0,0,0.46,32.38,0,10.64,0
20200425,131700,0,0.34,0.01,0,0,2.81,0.01,0,0,0.46,33.31,90,9.31,0
20200425,131800,0,0.33,0.01,0,0,2.71,0.01,0,0,0.46,34.75,0,31.92,0
20200425,131900,0,0.33,0.01,0,0,2.71,0.01,0,0,0.46,35,225,11.97,0
20200425,132000,0,0.39,0.01,0,0,3.18,0.01,0,0,0.46,35.12,0,13.3,0
20200425,132100,0,0.38,0.01,0,0,3.17,0.01,0,0,0.46,35.12,45,13.3,0
20200425,132200,0,0.39,0.01,0,0,3.24,0.01,0,0,0.46,35.81,45,6.65,0
20200425,132300,0,0.35,0.01,0,0,2.88,0.01,0,0,0.46,36.44,90,15.96,0
20200425,132400,0,0.31,0.01,0,0,2.59,0.01,0,0,0.46,37.06,45,7.98,0
20200425,132500,0,0.28,0.01,0,0,2.31,0.01,0,0,0.46,35.88,90,6.65,0
20200425,132600,0,0.37,0.01,0,0,3.03,0.01,0,0,0.46,35.69,335,17.29,0
20200425,132700,0,0.42,0.01,0,0,3.44,0.01,0,0,0.45,35.75,45,5.32,0
20200425,132800,0,0.29,0.01,0,0,2.4,0.01,0,0,0.45,36.75,45,7.98,0
20200425,132900,0,0.27,0.01,0,0,2.23,0.01,0,0,0.45,37.12,0,14.63,0
20200425,133000,0,0.4,0.01,0,0,3.34,0.01,0,0,0.45,36.69,45,18.62,0
20200425,133100,0,0.4,0.01,0,0,3.28,0.01,0,0,0.44,34.69,0,10.64,0
20200425,133200,0,0.37,0.01,0,0,3.08,0.01,0,0,0.44,32.81,45,18.62,0
20200425,133300,0,0.27,0.01,0,0,2.23,0.01,0,0,0.44,33.06,335,11.97,0
20200425,133400,0,0.41,0.01,0,0,3.42,0.01,0,0,0.43,35.31,45,2.66,0
20200425,133500,0,0.37,0.01,0,0,3.07,0.01,0,0,0.44,36.12,0,10.64,0
20200425,133600,0,0.31,0.01,0,0,2.58,0.01,0,0,0.44,36.25,335,15.96,0
20200425,133700,0,0.35,0.01,0,0,2.86,0.01,0,0,0.43,36.06,0,15.96,0
20200425,133800,0,0.33,0.01,0,0,2.68,0.01,0,0,0.43,36.94,45,11.97,0
20200425,133900,0,0.45,0.02,0,0,3.73,0.01,0,0,0.44,34.88,0,17.29,0
20200425,134000,0,0.31,0.01,0,0,2.55,0.01,0,0,0.44,33.69,335,9.31,0
20200425,134100,0,0.42,0.01,0,0,3.5,0.01,0,0,0.43,33.25,0,9.31,0
20200425,134200,0,0.71,0.02,0,0,5.84,0.02,0,0,0.44,32.31,0,23.94,0
20200425,134300,0,1.21,0.04,0,0,9.99,0.03,0,0,0.45,32.38,0,11.97,0
20200425,134400,0,0.74,0.02,0,0,6.08,0.02,0,0,0.45,33.06,0,7.98,0
20200425,134500,0,1.02,0.03,0,0,8.45,0.02,0,0,0.45,33.56,0,14.63,0
20200425,134600,0,0.81,0.03,0,0,6.68,0.02,0,0,0.45,33.75,45,15.96,0
20200425,134700,0,1.1,0.04,0,0,9.05,0.02,0,0,0.45,34.88,135,5.32,0
20200425,134800,0,1.12,0.04,0,0,9.21,0.03,0,0,0.45,33.94,335,14.63,0
20200425,134900,0,1.56,0.05,0,0,12.85,0.04,0,0,0.46,33.12,335,7.98,0
20200425,135000,0,1.41,0.05,0,0,11.65,0.03,0,0,0.47,33.19,0,10.64,0
20200425,135100,0,0.76,0.03,0,0,6.26,0.02,0,0,0.47,33.88,0,14.63,0
20200425,135200,0,0.26,0.01,0,0,2.16,0.01,0,0,0.47,34.5,45,14.63,0
20200425,135300,0,0.3,0.01,0,0,2.51,0.01,0,0,0.47,34.75,45,13.3,0
20200425,135400,0,0.31,0.01,0,0,2.57,0.01,0,0,0.47,35.31,0,18.62,0
20200425,135500,0,0.99,0.03,0,0,8.14,0.02,0,0,0.46,35,0,13.3,0
20200425,135600,0,0.86,0.03,0,0,7.1,0.02,0,0,0.47,35,90,9.31,0
20200425,135700,0,0.96,0.03,0,0,7.9,0.02,0,0,0.46,34.12,0,17.29,0
20200425,135800,0,0.51,0.02,0,0,4.23,0.01,0,0,0.46,33.31,0,27.93,0
20200425,135900,0,0.34,0.01,0,0,2.77,0.01,0,0,0.46,33.56,335,17.29,0
20200425,140000,0,0.45,0.01,0,0,3.72,0.01,0,0,0.46,33.25,45,11.97,0
20200425,140100,0,0.44,0.01,0,0,3.67,0.01,0,0,0.46,32.44,0,10.64,0
20200425,140200,0,0.37,0.01,0,0,3.04,0.01,0,0,0.46,32.19,90,26.6,0
20200425,140300,0,0.2,0.01,0,0,1.64,0,0,0,0.46,33.5,0,19.95,0
20200425,140400,0,0.42,0.01,0,0,3.49,0.01,0,0,0.46,33.88,0,9.31,0
20200425,140500,0,0.59,0.02,0,0,4.84,0.01,0,0,0.46,33.88,0,6.65,0
20200425,140600,0,0.32,0.01,0,0,2.67,0.01,0,0,0.46,33.31,225,6.65,0
20200425,140700,0,0.56,0.02,0,0,4.59,0.01,0,0,0.46,33.06,0,6.65,0
20200425,140800,0,0.41,0.01,0,0,3.41,0.01,0,0,0.46,34.5,0,7.98,0
20200425,140900,0,0.47,0.02,0,0,3.9,0.01,0,0,0.47,34.56,335,7.98,0
20200425,141000,0,0.47,0.02,0,0,3.89,0.01,0,0,0.46,33.75,225,14.63,0
20200425,141100,0,0.59,0.02,0,0,4.83,0.01,0,0,0.46,35.5,0,13.3,0
20200425,141200,0,0.58,0.02,0,0,4.75,0.01,0,0,0.46,36.06,135,6.65,0
20200425,141300,0,0.46,0.02,0,0,3.78,0.01,0,0,0.45,34.38,270,13.3,0
20200425,141400,0,0.64,0.02,0,0,5.32,0.01,0,0,0.46,32.62,225,10.64,0
20200425,141500,0,0.35,0.01,0,0,2.88,0.01,0,0,0.45,32.31,270,2.66,0
20200425,141600,0,0.36,0.01,0,0,2.97,0.01,0,0,0.45,33.19,0,7.98,0
20200425,141700,0,0.68,0.02,0,0,5.62,0.02,0,0,0.45,34.31,0,13.3,0
20200425,141800,0,0.39,0.01,0,0,3.18,0.01,0,0,0.44,34.31,270,18.62,0
20200425,141900,0,0.44,0.01,0,0,3.65,0.01,0,0,0.44,34.25,225,13.3,0
20200425,142000,0,0.33,0.01,0,0,2.75,0.01,0,0,0.44,35.19,0,11.97,0
20200425,142100,0,0.52,0.02,0,0,4.27,0.01,0,0,0.45,34.75,0,17.29,0
20200425,142200,0,0.53,0.02,0,0,4.34,0.01,0,0,0.45,34.62,335,10.64,0
20200425,142300,0,0.28,0.01,0,0,2.28,0.01,0,0,0.45,34.88,270,10.64,0
20200425,142400,0,0.43,0.01,0,0,3.57,0.01,0,0,0.45,34.69,270,11.97,0
20200425,142500,0,0.58,0.02,0,0,4.77,0.01,0,0,0.45,35.5,135,10.64,0
20200425,142600,0,0.32,0.01,0,0,2.66,0.01,0,0,0.45,34.44,270,13.3,0
20200425,142700,0,0.47,0.02,0,0,3.84,0.01,0,0,0.45,34.38,0,10.64,0
20200425,142800,0,0.53,0.02,0,0,4.35,0.01,0,0,0.45,34.44,335,13.3,0
20200425,142900,0,0.48,0.02,0,0,3.96,0.01,0,0,0.44,35.06,270,15.96,0
20200425,143000,0,0.8,0.03,0,0,6.6,0.02,0,0,0.44,34.5,270,22.61,0
20200425,143100,0,0.35,0.01,0,0,2.91,0.01,0,0,0.43,34.25,0,13.3,0
20200425,143200,0,0.33,0.01,0,0,2.69,0.01,0,0,0.43,34.31,0,17.29,0
20200425,143300,0,0.47,0.02,0,0,3.88,0.01,0,0,0.43,35.56,90,3.99,0
20200425,143400,0,0.27,0.01,0,0,2.2,0.01,0,0,0.43,34.38,335,10.64,0
20200425,143500,0,0.75,0.03,0,0,6.21,0.02,0,0,0.44,33.56,45,13.3,0
20200425,143600,0,0.68,0.02,0,0,5.57,0.02,0,0,0.44,34.19,90,10.64,0
20200425,143700,0,0.57,0.02,0,0,4.67,0.01,0,0,0.44,34.06,270,2.66,0
20200425,143800,0,0.59,0.02,0,0,4.89,0.01,0,0,0.45,32.62,270,15.96,0
20200425,143900,0,0.31,0.01,0,0,2.59,0.01,0,0,0.45,31.38,0,13.3,0
20200425,144000,0,0.55,0.02,0,0,4.57,0.01,0,0,0.45,30.5,225,19.95,0
20200425,144100,0,0.39,0.01,0,0,3.22,0.01,0,0,0.45,30.31,270,7.98,0
20200425,144200,0,0.42,0.01,0,0,3.47,0.01,0,0,0.45,31.19,225,3.99,0
20200425,144300,0,0.5,0.02,0,0,4.12,0.01,0,0,0.45,32.19,335,7.98,0
20200425,144400,0,0.43,0.01,0,0,3.51,0.01,0,0,0.45,32.38,180,3.99,0
20200425,144500,0,0.33,0.01,0,0,2.74,0.01,0,0,0.45,32.69,225,14.63,0
20200425,144600,0,0.52,0.02,0,0,4.28,0.01,0,0,0.45,33.19,270,14.63,0
20200425,144700,0,0.24,0.01,0,0,1.96,0.01,0,0,0.46,33.81,225,5.32,0
20200425,144800,0,0.37,0.01,0,0,3.07,0.01,0,0,0.46,33.81,225,27.93,0
20200425,144900,0,0.45,0.02,0,0,3.75,0.01,0,0,0.46,35.19,335,5.32,0
20200425,145000,0,0.39,0.01,0,0,3.25,0.01,0,0,0.46,34.62,335,18.62,0
20200425,145100,0,0.48,0.02,0,0,3.95,0.01,0,0,0.46,35.31,335,11.97,0
20200425,145200,0,0.41,0.01,0,0,3.39,0.01,0,0,0.45,34.06,225,10.64,0
20200425,145300,0,0.48,0.02,0,0,3.94,0.01,0,0,0.46,34.19,270,10.64,0
20200425,145400,0,0.33,0.01,0,0,2.7,0.01,0,0,0.46,35.81,225,0,0
20200425,145500,0,0.56,0.02,0,0,4.65,0.01,0,0,0.45,36,0,21.28,0
20200425,145600,0,0.45,0.01,0,0,3.71,0.01,0,0,0.46,35.62,45,18.62,0
20200425,145700,0,0.46,0.02,0,0,3.83,0.01,0,0,0.45,36.19,335,18.62,0
20200425,145800,0,0.35,0.01,0,0,2.91,0.01,0,0,0.44,35.62,270,26.6,0
20200425,145900,0,0.41,0.01,0,0,3.41,0.01,0,0,0.44,34.5,0,17.29,0
20200425,150000,0,0.23,0.01,0,0,1.9,0.01,0,0,0.45,35,45,21.28,0
20200425,150100,0,0.49,0.02,0,0,4.02,0.01,0,0,0.45,35.69,0,9.31,0
20200425,150200,0,0.22,0.01,0,0,1.81,0,0,0,0.45,35.62,335,18.62,0
20200425,150300,0,0.28,0.01,0,0,2.34,0.01,0,0,0.45,35.06,225,7.98,0
20200425,150400,0,0.45,0.01,0,0,3.68,0.01,0,0,0.45,34.44,335,9.31,0
20200425,150500,0,0.42,0.01,0,0,3.49,0.01,0,0,0.44,34.94,335,3.99,0
20200425,150600,0,0.64,0.02,0,0,5.3,0.01,0,0,0.45,34.94,0,19.95,0
20200425,150700,0,0.69,0.02,0,0,5.69,0.02,0,0,0.44,34.44,225,9.31,0
20200425,150800,0,0.33,0.01,0,0,2.74,0.01,0,0,0.44,35.19,0,15.96,0
20200425,150900,0,0.39,0.01,0,0,3.25,0.01,0,0,0.44,36.12,180,2.66,0
20200425,151000,0,0.38,0.01,0,0,3.11,0.01,0,0,0.44,35.69,180,14.63,0
20200425,151100,0,0.56,0.02,0,0,4.6,0.01,0,0,0.44,34.81,335,18.62,0
20200425,151200,0,0.32,0.01,0,0,2.65,0.01,0,0,0.44,33.62,0,26.6,0
20200425,151300,0,0.5,0.02,0,0,4.13,0.01,0,0,0.44,33.25,335,23.94,0
20200425,151400,0,0.44,0.01,0,0,3.64,0.01,0,0,0.44,33.19,335,23.94,0
20200425,151500,0,0.44,0.01,0,0,3.66,0.01,0,0,0.44,32.38,270,14.63,0
20200425,151600,0,0.46,0.02,0,0,3.82,0.01,0,0,0.44,32.12,270,10.64,0
20200425,151700,0,0.4,0.01,0,0,3.3,0.01,0,0,0.44,31.38,45,18.62,0
20200425,151800,0,0.34,0.01,0,0,2.83,0.01,0,0,0.45,30.81,225,5.32,0
20200425,151900,0,0.47,0.02,0,0,3.91,0.01,0,0,0.45,30.62,0,10.64,0
20200425,152000,0,0.52,0.02,0,0,4.27,0.01,0,0,0.45,30.56,225,2.66,0
20200425,152100,0,0.54,0.02,0,0,4.48,0.01,0,0,0.45,30.88,135,7.98,0
20200425,152200,0,0.5,0.02,0,0,4.14,0.01,0,0,0.46,30.75,0,7.98,0
20200425,152300,0,0.46,0.02,0,0,3.81,0.01,0,0,0.46,30.62,270,5.32,0
20200425,152400,0,0.46,0.02,0,0,3.83,0.01,0,0,0.46,30.62,45,9.31,0
20200425,152500,0,0.42,0.01,0,0,3.49,0.01,0,0,0.46,30.44,270,10.64,0
20200425,152600,0,0.38,0.01,0,0,3.12,0.01,0,0,0.47,30.5,90,13.3,0
20200425,152700,0,0.35,0.01,0,0,2.92,0.01,0,0,0.47,31.06,335,6.65,0
20200425,152800,0,0.45,0.01,0,0,3.67,0.01,0,0,0.48,30.81,225,0,0
20200425,152900,0,0.52,0.02,0,0,4.3,0.01,0,0,0.48,31.12,225,0,0
20200425,153000,0,0.45,0.01,0,0,3.7,0.01,0,0,0.48,33,135,3.99,0
20200425,153100,0,0.6,0.02,0,0,4.99,0.01,0,0,0.48,33.56,225,11.97,0
20200425,153200,0,0.46,0.02,0,0,3.77,0.01,0,0,0.48,34.19,0,6.65,0
20200425,153300,0,0.45,0.02,0,0,3.74,0.01,0,0,0.49,33.12,45,6.65,0
20200425,153400,0,0.53,0.02,0,0,4.36,0.01,0,0,0.49,32.25,45,9.31,0
20200425,153500,0,0.5,0.02,0,0,4.09,0.01,0,0,0.49,32.19,225,3.99,0
20200425,153600,0,0.44,0.01,0,0,3.64,0.01,0,0,0.48,33.25,0,7.98,0
20200425,153800,0,0.55,0.02,0,0,4.55,0.01,0,0,0.48,32.31,225,7.98,0
20200425,153900,0,0.55,0.02,0,0,4.51,0.01,0,0,0.48,31.62,225,6.65,0
20200425,154000,0,0.34,0.01,0,0,2.77,0.01,0,0,0.48,31.12,90,3.99,0
20200425,154100,0,0.37,0.01,0,0,3.03,0.01,0,0,0.48,30.75,135,2.66,0
20200425,154200,0,0.27,0.01,0,0,2.25,0.01,0,0,0.48,30.5,335,14.63,0
20200425,154300,0,0.41,0.01,0,0,3.35,0.01,0,0,0.48,30.38,45,7.98,0
20200425,154400,0,0.38,0.01,0,0,3.14,0.01,0,0,0.49,30.31,0,3.99,0
20200425,154500,0,0.54,0.02,0,0,4.46,0.01,0,0,0.49,30.38,45,2.66,0
20200425,154600,0,0.28,0.01,0,0,2.29,0.01,0,0,0.49,30.19,135,0,0
20200425,154700,0,0.48,0.02,0,0,3.95,0.01,0,0,0.49,30.12,45,5.32,0
20200425,154800,0,0.42,0.01,0,0,3.48,0.01,0,0,0.49,30,0,6.65,0
20200425,154900,0,0.24,0.01,0,0,1.96,0.01,0,0,0.49,29.88,45,13.3,0
20200425,155000,0,0.32,0.01,0,0,2.64,0.01,0,0,0.48,29.75,270,7.98,0
20200425,155100,0,0.24,0.01,0,0,1.98,0.01,0,0,0.48,29.62,45,11.97,0
20200425,155200,0,0.35,0.01,0,0,2.9,0.01,0,0,0.48,29.5,0,15.96,0
20200425,155300,0,0.3,0.01,0,0,2.51,0.01,0,0,0.48,29.5,0,7.98,0
20200425,155400,0,0.42,0.01,0,0,3.48,0.01,0,0,0.48,29.38,225,11.97,0
20200425,155500,0,1.41,0.05,0,0,11.62,0.03,0,0,0.49,29.25,335,13.3,0
20200425,155600,0,0.94,0.03,0,0,7.79,0.02,0,0,0.48,29.5,335,11.97,0
20200425,155700,0,1.56,0.05,0,0,12.87,0.04,0,0,0.48,29.88,270,10.64,0
20200425,155800,0,1.77,0.06,0,0,14.58,0.04,0,0,0.48,30.88,225,3.99,0
20200425,155900,0,1.42,0.05,0,0,11.71,0.03,0,0,0.5,31.69,180,2.66,0
20200425,160000,0,1.33,0.04,0,0,10.94,0.03,0,0,0.5,32.62,180,6.65,0
20200425,160100,0,1.12,0.04,0,0,9.28,0.03,0,0,0.5,32.81,225,5.32,0
20200425,160200,0,1.07,0.04,0,0,8.87,0.02,0,0,0.5,32.94,270,9.31,0
20200425,160300,0,1.16,0.04,0,0,9.6,0.03,0,0,0.49,33,270,3.99,0
20200425,160400,0,0.89,0.03,0,0,7.34,0.02,0,0,0.5,32.25,225,10.64,0
20200425,160500,0,0.88,0.03,0,0,7.25,0.02,0,0,0.49,31.5,0,7.98,0
20200425,160600,0,0.68,0.02,0,0,5.6,0.02,0,0,0.48,31.94,0,9.31,0
20200425,160700,0,0.64,0.02,0,0,5.28,0.01,0,0,0.49,32.56,335,11.97,0
20200425,160800,0,0.75,0.03,0,0,6.2,0.02,0,0,0.5,32.44,270,18.62,0
20200425,160900,0,0.55,0.02,0,0,4.58,0.01,0,0,0.51,32.31,0,11.97,0
20200425,161000,0,0.63,0.02,0,0,5.23,0.01,0,0,0.51,33.06,0,6.65,0
20200425,161100,0,0.31,0.01,0,0,2.52,0.01,0,0,0.5,33.31,225,6.65,0
20200425,161200,0,0.53,0.02,0,0,4.33,0.01,0,0,0.5,33.31,45,6.65,0
20200425,161300,0,0.48,0.02,0,0,3.98,0.01,0,0,0.5,34.06,180,0,0
20200425,161400,0,0.63,0.02,0,0,5.23,0.01,0,0,0.5,34.62,135,6.65,0
20200425,161500,0,0.56,0.02,0,0,4.59,0.01,0,0,0.5,34.38,225,3.99,0
20200425,161600,0,0.5,0.02,0,0,4.16,0.01,0,0,0.5,33.44,335,6.65,0
20200425,161700,0,0.55,0.02,0,0,4.54,0.01,0,0,0.51,32.75,270,6.65,0
20200425,161800,0,0.47,0.02,0,0,3.89,0.01,0,0,0.51,32.69,270,7.98,0
20200425,161900,0,0.42,0.01,0,0,3.48,0.01,0,0,0.51,31.75,270,9.31,0
20200425,162000,0,0.72,0.02,0,0,5.92,0.02,0,0,0.51,31.81,225,7.98,0
20200425,162100,0,0.71,0.02,0,0,5.82,0.02,0,0,0.51,31.62,335,7.98,0
20200425,162200,0,0.69,0.02,0,0,5.65,0.02,0,0,0.51,31.44,45,11.97,0
20200425,162300,0,0.64,0.02,0,0,5.25,0.01,0,0,0.5,31.25,45,0,0
20200425,162400,0,0.66,0.02,0,0,5.41,0.01,0,0,0.49,30.75,45,0,0
20200425,162500,0,0.82,0.03,0,0,6.8,0.02,0,0,0.49,30.06,225,3.99,0
20200425,162600,0,0.87,0.03,0,0,7.15,0.02,0,0,0.48,29.62,225,0,0
20200425,162700,0,0.72,0.02,0,0,5.92,0.02,0,0,0.48,29.5,225,0,0
20200425,162800,0,0.81,0.03,0,0,6.7,0.02,0,0,0.48,29.31,0,10.64,0
20200425,162900,0,0.82,0.03,0,0,6.74,0.02,0,0,0.48,29.19,225,1.33,0
20200425,163000,0,0.84,0.03,0,0,6.92,0.02,0,0,0.48,29.25,225,1.33,0
20200425,163100,0,0.65,0.02,0,0,5.33,0.01,0,0,0.48,29.19,335,21.28,0
20200425,163200,0,0.64,0.02,0,0,5.27,0.01,0,0,0.48,29.12,180,7.98,0
20200425,163300,0,0.43,0.01,0,0,3.58,0.01,0,0,0.48,29.19,0,9.31,0
20200425,163400,0,0.43,0.01,0,0,3.54,0.01,0,0,0.48,29.19,225,2.66,0
20200425,163500,0,0.35,0.01,0,0,2.92,0.01,0,0,0.48,29.25,45,5.32,0
20200425,163600,0,0.55,0.02,0,0,4.57,0.01,0,0,0.48,29.25,135,3.99,0
20200425,163700,0,0.47,0.02,0,0,3.84,0.01,0,0,0.48,29.19,45,14.63,0
20200425,163800,0,0.47,0.02,0,0,3.92,0.01,0,0,0.47,29.12,335,3.99,0
20200425,163900,0,0.35,0.01,0,0,2.87,0.01,0,0,0.48,29.19,0,10.64,0
20200425,164000,0,0.46,0.02,0,0,3.8,0.01,0,0,0.47,29,45,6.65,0
20200425,164100,0,0.44,0.01,0,0,3.64,0.01,0,0,0.47,29.06,0,10.64,0
20200425,164200,0,0.4,0.01,0,0,3.29,0.01,0,0,0.47,28.88,45,14.63,0
20200425,164300,0,0.52,0.02,0,0,4.3,0.01,0,0,0.47,29,135,7.98,0
20200425,164400,0,0.52,0.02,0,0,4.32,0.01,0,0,0.46,29.06,0,9.31,0
20200425,164500,0,0.38,0.01,0,0,3.11,0.01,0,0,0.47,28.88,335,5.32,0
20200425,164600,0,0.41,0.01,0,0,3.42,0.01,0,0,0.47,28.75,0,9.31,0
20200425,164700,0,0.66,0.02,0,0,5.44,0.01,0,0,0.47,28.81,0,6.65,0
20200425,164800,0,0.62,0.02,0,0,5.14,0.01,0,0,0.47,28.88,90,5.32,0
20200425,164900,0,0.48,0.02,0,0,4,0.01,0,0,0.47,28.81,335,2.66,0
20200425,165000,0,0.56,0.02,0,0,4.61,0.01,0,0,0.46,28.75,135,9.31,0
20200425,165100,0,0.38,0.01,0,0,3.11,0.01,0,0,0.47,28.69,0,10.64,0
20200425,165200,0,0.34,0.01,0,0,2.82,0.01,0,0,0.46,28.81,45,11.97,0
20200425,165300,0,0.27,0.01,0,0,2.25,0.01,0,0,0.46,28.75,270,2.66,0
20200425,165400,0,0.56,0.02,0,0,4.64,0.01,0,0,0.46,-127,90,6.65,0
20200425,165500,0,0.33,0.01,0,0,2.69,0.01,0,0,0.47,-127,0,6.65,0
20200425,165600,0,0.28,0.01,0,0,2.34,0.01,0,0,0.47,28.56,90,7.98,0
20200425,165700,0,0.39,0.01,0,0,3.26,0.01,0,0,0.47,28.56,270,6.65,0
20200425,165800,0,0.37,0.01,0,0,3.06,0.01,0,0,0.47,28.5,90,9.31,0
20200425,165900,0,0.33,0.01,0,0,2.75,0.01,0,0,0.48,28.44,135,0,0
20200425,170000,0,0.4,0.01,0,0,3.28,0.01,0,0,0.47,28.31,180,2.66,0
20200425,170100,0,0.41,0.01,0,0,3.41,0.01,0,0,0.47,28.25,135,6.65,0
20200425,170200,0,0.42,0.01,0,0,3.47,0.01,0,0,0.47,28.06,0,3.99,0
20200425,170300,0,0.34,0.01,0,0,2.79,0.01,0,0,0.46,28.06,0,0,0
20200425,170400,0,0.52,0.02,0,0,4.3,0.01,0,0,0.46,28,0,0,0
20200425,170500,0,0.56,0.02,0,0,4.59,0.01,0,0,0.46,28.06,0,0,0
20200425,170600,0,0.41,0.01,0,0,3.41,0.01,0,0,0.46,28,0,0,0
20200425,170700,0,0.46,0.02,0,0,3.83,0.01,0,0,0.46,28.19,0,0,0
20200425,170800,0,0.52,0.02,0,0,4.29,0.01,0,0,0.46,28,0,0,0
20200425,170900,0,0.5,0.02,0,0,4.1,0.01,0,0,0.45,28.06,0,0,0
20200425,171000,0,0.59,0.02,0,0,4.89,0.01,0,0,0.45,27.81,0,0,0
20200425,171100,0,0.28,0.01,0,0,2.3,0.01,0,0,0.45,27.81,0,0,0
20200425,171200,0,0.43,0.01,0,0,3.54,0.01,0,0,0.45,27.81,0,0,0
20200425,171300,0,0.47,0.02,0,0,3.85,0.01,0,0,0.45,27.62,0,0,0
20200425,171400,0,0.53,0.02,0,0,4.4,0.01,0,0,0.45,27.56,0,0,0
20200425,171500,0,0.43,0.01,0,0,3.53,0.01,0,0,0.44,27.44,0,0,0
20200425,171600,0,0.46,0.02,0,0,3.77,0.01,0,0,0.45,27.75,0,0,0
20200425,171700,0,0.93,0.03,0,0,7.66,0.02,0,0,0.45,27.94,0,0,0
20200425,171800,0,0.62,0.02,0,0,5.11,0.01,0,0,0.45,27.81,0,2.66,0
20200425,171900,0,0.92,0.03,0,0,7.56,0.02,0,0,0.45,27.88,270,5.32,0
20200425,172000,0,0.62,0.02,0,0,5.12,0.01,0,0,0.45,27.88,0,13.3,0
20200425,172100,0,1,0.03,0,0,8.26,0.02,0,0,0.45,28.06,225,1.33,0
20200425,172200,0,0.69,0.02,0,0,5.73,0.02,0,0,0.46,27.62,270,7.98,0
20200425,172300,0,0.53,0.02,0,0,4.35,0.01,0,0,0.46,27.75,225,3.99,0
20200425,172400,0,0.71,0.02,0,0,5.9,0.02,0,0,0.46,27.56,225,0,0
20200425,172500,0,0.59,0.02,0,0,4.88,0.01,0,0,0.46,27.5,225,0,0
20200425,172600,0,0.72,0.02,0,0,5.96,0.02,0,0,0.47,27.25,225,0,0
20200425,172700,0,1.03,0.03,0,0,8.49,0.02,0,0,0.48,27.12,225,0,0
20200425,172800,0,0.88,0.03,0,0,7.24,0.02,0,0,0.48,27.06,225,0,0
20200425,172900,0,0.65,0.02,0,0,5.39,0.01,0,0,0.48,26.81,225,0,0
20200425,173000,0,1.05,0.04,0,0,8.69,0.02,0,0,0.5,26.75,225,0,0
20200425,173100,0,0.93,0.03,0,0,7.7,0.02,0,0,0.51,26.81,225,0,0
20200425,173200,0,0.9,0.03,0,0,7.4,0.02,0,0,0.5,27.06,225,0,0
20200425,173300,0,0.76,0.03,0,0,6.25,0.02,0,0,0.51,26.75,225,0,0
20200425,173400,0,0.65,0.02,0,0,5.38,0.01,0,0,0.51,26.81,225,0,0
20200425,173500,0,0.66,0.02,0,0,5.45,0.01,0,0,0.51,27.06,225,0,0
20200425,173600,0,0.66,0.02,0,0,5.46,0.02,0,0,0.52,27,225,0,0
20200425,173700,0,0.76,0.03,0,0,6.26,0.02,0,0,0.52,27.06,225,0,0
20200425,173800,0,0.83,0.03,0,0,6.84,0.02,0,0,0.53,27.06,225,0,0
20200425,173900,0,0.67,0.02,0,0,5.53,0.02,0,0,0.53,26.94,225,0,0
20200425,174000,0,0.84,0.03,0,0,6.94,0.02,0,0,0.53,26.94,225,0,0
20200425,174100,0,0.68,0.02,0,0,5.64,0.02,0,0,0.53,26.62,225,0,0
20200425,174200,0,0.68,0.02,0,0,5.64,0.02,0,0,0.53,26.44,225,0,0
20200425,174300,0,0.57,0.02,0,0,4.73,0.01,0,0,0.53,26.12,225,0,0
20200425,174400,0,0.67,0.02,0,0,5.5,0.02,0,0,0.53,26,225,0,0
20200425,174500,0,0.77,0.03,0,0,6.33,0.02,0,0,0.53,26.12,225,0,0
20200425,174600,0,0.66,0.02,0,0,5.45,0.01,0,0,0.52,25.81,225,0,0
20200425,174700,0,0.9,0.08,0.04,0.01,7.35,0.07,0.01,0,0.54,25.62,225,0,0
20200425,174800,0,0.94,0.08,0.04,0.01,7.68,0.08,0.01,0,0.54,25.62,225,0,0
20200425,174900,0,0.87,0.09,0.05,0.01,7.09,0.09,0.01,0,0.54,25.38,225,0,0
20200425,175000,0,1.22,0.17,0.1,0.02,9.87,0.16,0.02,0,0.56,25.25,225,0,0
20200425,175100,0,1.09,0.16,0.09,0.01,8.83,0.16,0.02,0,0.56,25.19,225,0,0
20200425,175200,0,0.89,0.12,0.07,0.01,7.16,0.12,0.01,0,0.55,25.19,225,0,0
20200425,175300,0,0.94,0.13,0.07,0.01,7.65,0.13,0.01,0,0.55,25.12,225,0,0
20200425,175400,0,0.93,0.13,0.08,0.01,7.51,0.13,0.01,0,0.55,25,225,0,0
20200425,175500,0,0.95,0.13,0.08,0.01,7.68,0.13,0.01,0,0.55,24.94,225,0,0
20200425,175600,0,0.75,0.1,0.06,0.01,6.05,0.1,0.01,0,0.55,24.81,225,0,0
20200425,175700,0,1.03,0.15,0.09,0.01,8.32,0.14,0.02,0,0.54,24.62,225,0,0
20200425,175800,0,0.76,0.03,0,0,6.29,0.02,0,0,0.53,24.69,225,0,0
20200425,175900,0,1.19,0.08,0.03,0,9.74,0.07,0.01,0,0.54,24.5,225,0,0
20200425,180000,0,0.92,0.03,0,0,7.56,0.02,0,0,0.53,24.5,225,0,0
20200425,180100,0,1.01,0.03,0,0,8.34,0.02,0,0,0.53,24.5,225,0,0
20200425,180200,0,1.3,0.04,0,0,10.71,0.03,0,0,0.53,24.5,225,0,0
20200425,180300,0,1.26,0.04,0,0,10.36,0.03,0,0,0.53,24.38,225,0,0
20200425,180400,0,1.25,0.04,0,0,10.33,0.03,0,0,0.53,24.5,225,0,0
20200425,180500,0,1.24,0.04,0,0,10.21,0.03,0,0,0.53,24.62,225,0,0
20200425,180600,0,1.23,0.04,0,0,10.17,0.03,0,0,0.53,24.31,225,0,0
20200425,180700,0,1.32,0.04,0,0,10.89,0.03,0,0,0.52,24.5,225,0,0
20200425,180800,0,1.66,0.06,0,0,13.71,0.04,0,0,0.51,24.44,225,0,0
20200425,180900,0,1.48,0.05,0,0,12.23,0.03,0,0,0.5,24.38,225,0,0
20200425,181000,0,1.17,0.04,0,0,9.63,0.03,0,0,0.5,24.25,225,0,0
20200425,181100,0,1.11,0.04,0,0,9.15,0.03,0,0,0.51,24.19,225,0,0
20200425,181200,0,1.13,0.04,0,0,9.32,0.03,0,0,0.5,24.12,225,0,0
20200425,181300,0,1.53,0.05,0,0,12.62,0.03,0,0,0.5,24.06,225,0,0
20200425,181400,0,1.35,0.04,0,0,11.12,0.03,0,0,0.51,23.94,225,0,0
20200425,181500,0,1.44,0.05,0,0,11.89,0.03,0,0,0.51,23.88,225,0,0
20200425,181600,0,1.82,0.06,0,0,15.03,0.04,0,0,0.52,23.88,225,0,0
20200425,181700,0,1.64,0.05,0,0,13.54,0.04,0,0,0.51,23.88,225,0,0
20200425,181800,0,1.29,0.04,0,0,10.67,0.03,0,0,0.51,24,225,0,0
20200425,181900,0,1.69,0.06,0,0,13.98,0.04,0,0,0.52,24.12,225,0,0
20200425,182000,0,1.43,0.05,0,0,11.82,0.03,0,0,0.53,24.19,225,0,0
20200425,182100,0,1.25,0.04,0,0,10.32,0.03,0,0,0.53,24,225,0,0
20200425,182200,0,1.53,0.05,0,0,12.65,0.03,0,0,0.53,23.94,225,0,0
20200425,182300,0,1.13,0.04,0,0,9.29,0.03,0,0,0.53,23.75,225,0,0
20200425,182400,0,1.3,0.04,0,0,10.75,0.03,0,0,0.52,23.69,225,0,0
20200425,182500,0,1.38,0.05,0,0,11.42,0.03,0,0,0.51,23.75,225,0,0
20200425,182600,0,1.47,0.05,0,0,12.14,0.03,0,0,0.5,23.62,225,0,0
20200425,182700,0,1.34,0.04,0,0,11.07,0.03,0,0,0.5,23.69,225,0,0
20200425,182800,0,1.54,0.05,0,0,12.74,0.04,0,0,0.5,23.75,225,0,0
20200425,182900,0,1.81,0.06,0,0,14.9,0.04,0,0,0.51,23.75,225,0,0
20200425,183000,0,1.75,0.06,0,0,14.46,0.04,0,0,0.51,23.75,225,0,0
20200425,183100,0,2.03,0.07,0,0,16.71,0.05,0,0,0.49,23.75,225,0,0
20200425,183200,0,1.73,0.06,0,0,14.24,0.04,0,0,0.49,23.75,225,0,0
20200425,183300,0,1.67,0.06,0,0,13.8,0.04,0,0,0.49,23.44,225,0,0
20200425,183400,0,1.65,0.05,0,0,13.57,0.04,0,0,0.5,23.69,225,0,0
20200425,183500,0,1.72,0.06,0,0,14.21,0.04,0,0,0.51,23.62,225,0,0
20200425,183600,0,1.97,0.07,0,0,16.21,0.04,0,0,0.51,23.62,225,0,0
20200425,183700,0,1.7,0.06,0,0,14.01,0.04,0,0,0.5,23.5,225,0,0
20200425,183800,0,1.74,0.06,0,0,14.38,0.04,0,0,0.52,23.56,225,0,0
20200425,183900,0,1.59,0.05,0,0,13.1,0.04,0,0,0.51,23.5,225,0,0
20200425,184000,0,1.72,0.06,0,0,14.17,0.04,0,0,0.53,23.5,225,0,0
20200425,184100,0,1.75,0.06,0,0,14.41,0.04,0,0,0.52,23.5,225,0,0
20200425,184200,0,1.9,0.06,0,0,15.63,0.04,0,0,0.52,23.44,225,0,0
20200425,184300,0,1.85,0.08,0.01,0,15.2,0.06,0,0,0.54,23.56,225,0,0
20200425,184400,0,1.63,0.05,0,0,13.48,0.04,0,0,0.53,23.75,225,0,0
20200425,184500,0,1.92,0.08,0.01,0,15.8,0.06,0,0,0.54,23.75,225,0,0
20200425,184600,0,2.59,0.13,0.04,0.01,21.32,0.11,0.01,0,0.55,23.88,225,0,0
20200425,184700,0,2.59,0.1,0.01,0,21.37,0.08,0,0,0.54,23.94,225,0,0
20200425,184800,0,2.5,0.08,0,0,20.63,0.06,0,0,0.51,23.75,225,0,0
20200425,184900,0,2.21,0.07,0,0,18.27,0.05,0,0,0.5,23.62,225,0,0
20200425,185000,0,2.76,0.09,0,0,22.78,0.06,0,0,0.51,23.5,225,0,0
20200425,185100,0,3.08,0.1,0,0,25.4,0.07,0,0,0.49,23.44,225,0,0
20200425,185200,0,2.5,0.08,0,0,20.59,0.06,0,0,0.5,23.44,225,0,0
20200425,185300,0,2.6,0.09,0,0,21.46,0.06,0,0,0.52,23.5,225,0,0
20200425,185400,0,2.65,0.09,0,0,21.85,0.06,0,0,0.5,23.31,225,0,0
20200425,185500,0,3.06,0.1,0,0,25.23,0.07,0,0,0.51,23.5,225,0,0
20200425,185600,0,3.87,0.13,0,0,31.92,0.09,0,0,0.5,23.5,225,0,0
20200425,185700,0,3.9,0.13,0,0,32.18,0.09,0,0,0.51,23.5,225,0,0
20200425,185800,0,3.97,0.13,0,0,32.77,0.09,0,0,0.52,23.44,225,0,0
20200425,185900,0,4.19,0.14,0,0,34.53,0.09,0,0,0.52,23.38,225,0,0
20200425,190000,0,3.91,0.13,0,0,32.26,0.09,0,0,0.51,23.44,225,0,0
20200425,190100,0,3.99,0.13,0,0,32.95,0.09,0,0,0.49,23.38,225,0,0
20200425,190200,0,4.09,0.14,0,0,33.76,0.09,0,0,0.48,23.31,225,0,0
20200425,190300,0,4.71,0.16,0,0,38.82,0.11,0,0,0.47,23.06,225,0,0
20200425,190400,0,4.6,0.15,0,0,37.93,0.1,0,0,0.46,23.19,225,0,0
20200425,190500,0,4.77,0.16,0,0,39.39,0.11,0,0,0.48,23.06,225,0,0
20200425,190600,0,5.58,0.19,0,0,46,0.13,0,0,0.48,23.12,225,0,0
20200425,190700,0,4.64,0.15,0,0,38.27,0.11,0,0,0.47,23.12,225,0,0
20200425,190800,0,4.82,0.16,0,0,39.76,0.11,0,0,0.47,23,225,0,0
20200425,190900,0,4.57,0.15,0,0,37.72,0.1,0,0,0.47,22.81,225,0,0
20200425,191000,0,4.33,0.14,0,0,35.73,0.1,0,0,0.48,22.69,225,0,0
20200425,191100,0,5.01,0.17,0,0,41.33,0.11,0,0,0.49,22.75,225,0,0
20200425,191200,0,4.83,0.16,0,0,39.82,0.11,0,0,0.51,22.88,225,0,0
20200425,191300,0,5,0.17,0,0,41.25,0.11,0,0,0.51,23.06,225,0,0
20200425,191400,0,5.04,0.17,0,0,41.54,0.11,0,0,0.49,22.94,225,0,0
20200425,191500,0,5.05,0.17,0,0,41.66,0.11,0,0,0.48,22.88,225,0,0
20200425,191600,0,5.97,0.2,0,0,49.25,0.14,0,0,0.49,23.12,225,0,0
20200425,191700,0,5.51,0.18,0,0,45.49,0.12,0,0,0.5,23,225,0,0
20200425,191800,0,5.81,0.19,0,0,47.9,0.13,0,0,0.49,23.06,225,0,0
20200425,191900,0,5.84,0.19,0,0,48.2,0.13,0,0,0.48,22.94,225,0,0
20200425,192000,0,6.5,0.22,0,0,53.62,0.15,0,0,0.47,23.06,225,0,0
20200425,192100,0,6.39,0.21,0,0,52.72,0.14,0,0,0.48,23.06,225,0,0
20200425,192200,0,6.42,0.21,0,0,52.93,0.15,0,0,0.48,22.81,225,0,0
20200425,192300,0,5.66,0.19,0,0,46.68,0.13,0,0,0.5,22.94,225,0,0
20200425,192400,0,5.78,0.19,0,0,47.65,0.13,0,0,0.49,22.81,225,0,0
20200425,192500,0,5.41,0.18,0,0,44.59,0.12,0,0,0.5,23,225,0,0
20200425,192600,0,6.98,0.23,0,0,57.61,0.16,0,0,0.49,23.06,225,0,0
20200425,192700,0,6.44,0.21,0,0,53.17,0.15,0,0,0.49,23.19,225,0,0
20200425,192800,0,6.17,0.21,0,0,50.92,0.14,0,0,0.5,23.25,225,0,0
20200425,192900,0,6.16,0.2,0,0,50.78,0.14,0,0,0.51,23.38,225,0,0
20200425,193000,0,6.48,0.22,0,0,53.47,0.15,0,0,0.51,23.5,225,0,0
20200425,193100,0,5.91,0.2,0,0,48.79,0.13,0,0,0.48,23.5,225,0,0
20200425,193200,0,6.72,0.22,0,0,55.44,0.15,0,0,0.47,23.19,225,0,0
20200425,193300,0,6.28,0.21,0,0,51.83,0.14,0,0,0.48,23.12,225,0,0
20200425,193400,0,6.6,0.22,0,0,54.42,0.15,0,0,0.5,23.06,225,0,0
20200425,193500,0,7.05,0.23,0,0,58.14,0.16,0,0,0.49,22.94,225,0,0
20200425,193600,0,6.86,0.23,0,0,56.59,0.16,0,0,0.49,23.06,225,0,0
20200425,193700,0,7.33,0.24,0,0,60.45,0.17,0,0,0.49,23.06,225,0,0
20200425,193800,0,7.41,0.25,0,0,61.16,0.17,0,0,0.49,22.94,225,0,0
20200425,193900,0,7.82,0.26,0,0,64.55,0.18,0,0,0.5,22.88,225,0,0
20200425,194000,0,8.12,0.27,0,0,66.96,0.18,0,0,0.47,22.94,225,0,0
20200425,194100,0,8.05,0.27,0,0,66.39,0.18,0,0,0.5,22.88,225,0,0
20200425,194200,0,8.33,0.28,0,0,68.73,0.19,0,0,0.5,22.94,225,0,0
20200425,194300,0,7.69,0.26,0,0,63.41,0.17,0,0,0.49,22.81,225,0,0
20200425,194400,0,8.92,0.3,0,0,73.62,0.2,0,0,0.48,22.88,225,0,0
20200425,194500,0,8.99,0.3,0,0,74.18,0.2,0,0,0.51,22.94,225,0,0
20200425,194600,0,8.6,0.29,0,0,70.95,0.19,0,0,0.52,22.94,180,0,0
20200425,194700,0,10.16,0.39,0.04,0.01,83.75,0.29,0.01,0,0.55,22.94,180,0,0
20200425,194800,0,10.62,0.46,0.08,0.01,87.47,0.36,0.02,0,0.54,23,180,0,0
20200425,194900,0,10.85,0.36,0,0,89.52,0.25,0,0,0.54,23,180,0,0
20200425,195000,0,11.71,0.39,0,0,96.61,0.27,0,0,0.52,23.06,180,0,0
20200425,195100,0,11.12,0.37,0,0,91.72,0.25,0,0,0.51,22.94,180,0,0
20200425,195200,0,10.97,0.37,0,0,90.5,0.25,0,0,0.5,22.88,180,0,0
20200425,195300,0,11.54,0.38,0,0,95.18,0.26,0,0,0.53,22.94,180,0,0
20200425,195400,0,11.2,0.42,0.04,0.01,92.29,0.31,0.01,0,0.54,22.94,180,0,0
20200425,195500,0,11.51,0.42,0.03,0.01,94.94,0.31,0.01,0,0.53,23,180,0,0
20200425,195600,0,10.16,0.34,0,0,83.81,0.23,0,0,0.52,22.94,180,0,0
20200425,195700,0,10.74,0.36,0,0,88.63,0.24,0,0,0.52,22.94,180,0,0
20200425,195800,0,11.16,0.37,0,0,92.1,0.25,0,0,0.52,22.75,180,0,0
20200425,195900,0,10.99,0.37,0,0,90.64,0.25,0,0,0.52,22.88,180,0,0
20200425,200000,0,12.17,0.4,0,0,100.38,0.28,0,0,0.49,22.69,180,0,0
20200425,200100,0,11.14,0.37,0,0,91.88,0.25,0,0,0.48,22.44,180,0,0
20200425,200200,0,11.02,0.37,0,0,90.91,0.25,0,0,0.5,22.38,180,0,0
20200425,200300,0,11.24,0.37,0,0,92.7,0.25,0,0,0.48,22.25,180,0,0
20200425,200400,0,11.53,0.38,0,0,95.1,0.26,0,0,0.48,22.19,180,0,0
20200425,200500,0,12.05,0.4,0,0,99.43,0.27,0,0,0.48,22.12,180,0,0
20200425,200600,0,12.09,0.4,0,0,99.71,0.27,0,0,0.5,22.12,180,0,0
20200425,200700,0,11.95,0.4,0,0,98.56,0.27,0,0,0.49,22.12,180,0,0
20200425,200800,0,11.67,0.39,0,0,96.3,0.26,0,0,0.51,22.44,180,0,0
20200425,200900,0,11.58,0.39,0,0,95.57,0.26,0,0,0.5,22.56,180,0,0
20200425,201000,0,12.31,0.41,0,0,101.58,0.28,0,0,0.49,22.56,180,0,0
20200425,201100,0,12.74,0.42,0,0,105.12,0.29,0,0,0.51,22.69,180,0,0
20200425,201200,0,12.67,0.46,0.03,0.01,104.44,0.33,0.01,0,0.54,22.69,180,0,0
20200425,201300,0,12.44,0.41,0,0,102.66,0.28,0,0,0.51,22.81,180,0,0
20200425,201400,0,13.3,0.44,0,0,109.73,0.3,0,0,0.53,22.88,180,0,0
20200425,201500,0,12.83,0.43,0,0,105.82,0.29,0,0,0.51,22.62,180,0,0
20200425,201600,0,12.5,0.42,0,0,103.11,0.28,0,0,0.5,22.75,180,0,0
20200425,201700,0,12.76,0.42,0,0,105.31,0.29,0,0,0.49,22.69,180,0,0
20200425,201800,0,12.59,0.42,0,0,103.87,0.29,0,0,0.48,22.94,180,0,0
20200425,201900,0,12.64,0.42,0,0,104.28,0.29,0,0,0.46,22.88,180,0,0
20200425,202000,0,12.25,0.41,0,0,101.03,0.28,0,0,0.49,22.94,180,0,0
20200425,202100,0,12.27,0.41,0,0,101.23,0.28,0,0,0.49,22.81,180,0,0
20200425,202200,0,12.1,0.4,0,0,99.84,0.27,0,0,0.53,22.81,180,0,0
20200425,202300,0,11.97,0.4,0,0,98.76,0.27,0,0,0.5,22.69,180,0,0
20200425,202400,0,11.75,0.39,0,0,96.95,0.27,0,0,0.51,22.62,180,0,0
20200425,202500,0,12.03,0.4,0,0,99.22,0.27,0,0,0.52,22.56,180,0,0
20200425,202600,0,11.84,0.39,0,0,97.65,0.27,0,0,0.51,22.62,180,0,0
20200425,202700,0,12.79,0.43,0,0,105.5,0.29,0,0,0.49,22.44,180,0,0
20200425,202800,0,12.06,0.4,0,0,99.52,0.27,0,0,0.49,22.5,180,0,0
20200425,202900,0,12.38,0.41,0,0,102.15,0.28,0,0,0.49,22.44,180,0,0
20200425,203000,0,11.63,0.39,0,0,95.97,0.26,0,0,0.48,22.38,180,0,0
20200425,203100,0,12.2,0.41,0,0,100.65,0.28,0,0,0.51,22.31,180,0,0
20200425,203200,0,12.35,0.41,0,0,101.91,0.28,0,0,0.51,22.38,180,0,0
20200425,203300,0,12.17,0.4,0,0,100.4,0.28,0,0,0.51,22.25,180,0,0
20200425,203400,0,11.98,0.4,0,0,98.86,0.27,0,0,0.5,22.12,180,0,0
20200425,203500,0,12.34,0.41,0,0,101.81,0.28,0,0,0.53,22.25,180,0,0
20200425,203600,0,11.33,0.38,0,0,93.51,0.26,0,0,0.51,22.25,180,0,0
20200425,203700,0,10.7,0.36,0,0,88.25,0.24,0,0,0.53,22.31,180,0,0
20200425,203800,0,10.58,0.35,0,0,87.3,0.24,0,0,0.5,22.44,180,0,0
20200425,203900,0,10.06,0.33,0,0,82.99,0.23,0,0,0.51,22.69,180,0,0
20200425,204000,0,9.66,0.32,0,0,79.69,0.22,0,0,0.5,22.81,180,0,0
20200425,204100,0,9.91,0.33,0,0,81.72,0.22,0,0,0.52,22.75,180,0,0
20200425,204200,0,10.36,0.34,0,0,85.5,0.23,0,0,0.49,23,180,0,0
20200425,204300,0,10.44,0.35,0,0,86.09,0.24,0,0,0.52,22.94,180,0,0
20200425,204400,0,9.69,0.32,0,0,79.93,0.22,0,0,0.49,22.81,180,0,0
20200425,204500,0,10.16,0.34,0,0,83.86,0.23,0,0,0.48,22.75,180,0,0
20200425,204600,0,9.81,0.33,0,0,80.92,0.22,0,0,0.5,22.81,180,0,0
20200425,204700,0,8.95,0.3,0,0,73.85,0.2,0,0,0.53,22.62,180,0,0
20200425,204800,0,9.37,0.31,0,0,77.29,0.21,0,0,0.52,22.56,180,0,0
20200425,204900,0,9.39,0.31,0,0,77.49,0.21,0,0,0.51,22.5,180,0,0
20200425,205000,0,10.14,0.34,0,0,83.69,0.23,0,0,0.49,22.38,180,0,0
20200425,205100,0,10,0.33,0,0,82.51,0.23,0,0,0.51,22.25,180,0,0
20200425,205200,0,10.07,0.34,0,0,83.07,0.23,0,0,0.49,22.38,180,0,0
20200425,205300,0,10.71,0.36,0,0,88.35,0.24,0,0,0.49,22.44,180,0,0
20200425,205400,0,10.27,0.34,0,0,84.75,0.23,0,0,0.49,22.44,180,0,0
20200425,205500,0,9.51,0.32,0,0,78.48,0.22,0,0,0.5,22.44,180,0,0
20200425,205600,0,9.88,0.33,0,0,81.51,0.22,0,0,0.5,22.69,180,0,0
20200425,205700,0,11.3,0.38,0,0,93.26,0.26,0,0,0.49,22.75,180,0,0
20200425,205800,0,11.36,0.38,0,0,93.68,0.26,0,0,0.5,22.69,180,0,0
20200425,205900,0,10.66,0.35,0,0,87.94,0.24,0,0,0.49,22.5,180,0,0
20200425,210000,0,11.17,0.37,0,0,92.14,0.25,0,0,0.49,22.56,180,0,0
20200425,210100,0,11.66,0.39,0,0,96.18,0.26,0,0,0.49,22.69,180,0,0
20200425,210200,0,11.44,0.38,0,0,94.41,0.26,0,0,0.5,22.62,180,0,0
20200425,210300,0,12.19,0.41,0,0,100.6,0.28,0,0,0.53,22.56,180,0,0
20200425,210400,0,11.13,0.37,0,0,91.86,0.25,0,0,0.51,22.56,180,0,0
20200425,210500,0,12.48,0.42,0,0,102.95,0.28,0,0,0.52,22.25,180,0,0
20200425,210600,0,11.95,0.4,0,0,98.61,0.27,0,0,0.49,22.12,180,0,0
20200425,210700,0,12.06,0.4,0,0,99.53,0.27,0,0,0.47,22.12,180,0,0
20200425,210800,0,12.72,0.42,0,0,104.96,0.29,0,0,0.49,22.25,180,0,0
20200425,210900,0,12.75,0.42,0,0,105.22,0.29,0,0,0.5,22.25,180,0,0
20200425,211000,0,12.68,0.42,0,0,104.63,0.29,0,0,0.48,22.31,180,0,0
20200425,211100,0,12.25,0.41,0,0,101.03,0.28,0,0,0.5,22.38,180,0,0
20200425,211200,0,12.77,0.42,0,0,105.32,0.29,0,0,0.48,22.44,180,0,0
20200425,211300,0,12.65,0.42,0,0,104.36,0.29,0,0,0.5,22.38,180,0,0
20200425,211400,0,13.88,0.46,0,0,114.48,0.31,0,0,0.5,22.38,180,0,0
20200425,211500,0,14.28,0.48,0,0,117.84,0.32,0,0,0.48,22.5,180,0,0
20200425,211600,0,15.02,0.5,0,0,123.91,0.34,0,0,0.49,22.5,180,0,0
20200425,211700,0,14.39,0.48,0,0,118.73,0.33,0,0,0.47,22.25,180,0,0
20200425,211800,0,15.32,0.51,0,0,126.4,0.35,0,0,0.46,22.38,180,0,0
20200425,211900,0,15.71,0.52,0,0,129.58,0.36,0,0,0.51,22.31,180,0,0
20200425,212000,0,15.23,0.51,0,0,125.67,0.35,0,0,0.48,22.38,180,0,0
20200425,212100,0,13.87,0.46,0,0,114.46,0.31,0,0,0.49,22.44,180,0,0
20200425,212200,0,16.02,0.53,0,0,132.15,0.36,0.01,0,0.48,22.25,180,0,0
20200425,212300,0,17.82,0.59,0,0,147.01,0.4,0.01,0,0.49,22.12,180,0,0
20200425,212400,0,17.63,0.59,0,0,145.43,0.4,0.01,0,0.5,22.06,180,0,0
20200425,212500,0,16.26,0.54,0,0,134.11,0.37,0.01,0,0.52,21.75,180,0,0
20200425,212600,0,15.26,0.51,0,0,125.9,0.35,0,0,0.5,21.81,180,0,0
20200425,212700,0,16.32,0.54,0,0,134.66,0.37,0.01,0,0.5,21.75,180,0,0
20200425,212800,0,16.52,0.55,0,0,136.28,0.37,0.01,0,0.48,21.62,180,0,0
20200425,212900,0,18.1,0.6,0,0,149.32,0.41,0.01,0,0.49,21.69,180,0,0
20200425,213000,0,19.28,0.64,0,0,159.07,0.44,0.01,0,0.5,21.88,180,0,0
20200425,213100,0,20.61,0.69,0,0,170.02,0.47,0.01,0,0.5,21.81,180,0,0
20200425,213200,0,20.47,0.68,0,0,168.87,0.46,0.01,0,0.5,21.69,180,0,0
20200425,213300,0,23.23,0.77,0,0,191.66,0.53,0.01,0,0.53,21.94,180,0,0
20200425,213400,0,21.88,0.73,0,0,180.53,0.5,0.01,0,0.52,22.06,180,0,0
20200425,213600,0,26.55,0.88,0,0,219.04,0.6,0.01,0.01,0.5,22,180,0,0
20200425,213700,0,24.83,0.83,0,0,204.86,0.56,0.01,0.01,0.49,21.94,180,0,0
20200425,213800,0,23.64,0.79,0,0,195.06,0.54,0.01,0.01,0.51,21.88,180,0,0
20200425,213900,0,27.63,0.92,0,0,227.91,0.63,0.01,0.01,0.48,22.06,180,0,0
20200425,214000,0,27.67,0.92,0,0,228.25,0.63,0.01,0.01,0.49,21.81,180,0,0
20200425,214100,0,28.14,0.94,0,0,232.19,0.64,0.01,0.01,0.49,21.81,180,0,0
20200425,214200,0,25.66,0.85,0,0,211.69,0.58,0.01,0.01,0.53,21.62,180,0,0
20200425,214300,0,27.66,0.93,0.01,0,228.22,0.64,0.01,0.01,0.53,21.69,180,0,0
20200425,214400,0,26.46,0.88,0,0,218.27,0.6,0.01,0.01,0.5,21.75,180,0,0
20200425,214500,0,25.89,0.86,0,0,213.56,0.59,0.01,0.01,0.5,22,180,0,0
20200425,214600,0,24.45,0.82,0.01,0,201.72,0.56,0.01,0.01,0.54,22.62,180,1.33,0
20200425,214700,0,22.96,0.77,0,0,189.45,0.53,0.01,0.01,0.53,22.69,180,0,0
20200425,214800,0,23.13,0.78,0,0,190.82,0.53,0.01,0.01,0.54,22.69,180,0,0
20200425,214900,0,22.2,0.74,0,0,183.17,0.5,0.01,0,0.5,22.62,180,0,0
20200425,215000,0,22.66,0.75,0,0,186.97,0.51,0.01,0,0.5,22.5,135,7.98,0
20200425,215100,0,22.38,0.74,0,0,184.64,0.51,0.01,0,0.49,22.56,135,3.99,0
20200425,215200,0,21.93,0.73,0,0,180.89,0.5,0.01,0,0.52,22.5,135,7.98,0
20200425,215300,0,21.67,0.72,0,0,178.79,0.49,0.01,0,0.5,22.75,135,5.32,0
20200425,215400,0,19.63,0.65,0,0,161.96,0.45,0.01,0,0.47,22.81,90,6.65,0
20200425,215500,0,17.95,0.6,0,0,148.13,0.41,0.01,0,0.48,22.94,135,13.3,0
20200425,215600,0,15.91,0.53,0,0,131.24,0.36,0.01,0,0.5,23.25,135,6.65,0
20200425,215700,0,16.41,0.55,0,0,135.39,0.37,0.01,0,0.5,23,135,3.99,0
20200425,215800,0,15.46,0.51,0,0,127.56,0.35,0,0,0.5,22.81,135,2.66,0
20200425,215900,0,14.71,0.49,0,0,121.37,0.33,0,0,0.49,22.75,135,2.66,0
20200425,220000,0,13.17,0.44,0,0,108.67,0.3,0,0,0.48,22.69,135,3.99,0
20200425,220100,0,13.55,0.45,0,0,111.76,0.31,0,0,0.49,22.62,135,6.65,0
20200425,220200,0,12.5,0.42,0,0,103.1,0.28,0,0,0.5,22.81,135,5.32,0
20200425,220300,0,10.21,0.34,0,0,84.27,0.23,0,0,0.48,23,135,7.98,0
20200425,220400,0,9.52,0.32,0,0,78.52,0.22,0,0,0.49,23.38,90,14.63,0
20200425,220500,0,8.77,0.29,0,0,72.36,0.2,0,0,0.48,23.38,135,11.97,0
20200425,220600,0,7.73,0.26,0,0,63.75,0.18,0,0,0.48,23.44,135,6.65,0
20200425,220700,0,7.88,0.26,0,0,64.98,0.18,0,0,0.49,23.31,135,7.98,0
20200425,220800,0,8.7,0.29,0,0,71.75,0.2,0,0,0.5,23.31,135,1.33,0
20200425,220900,0,8.58,0.29,0,0,70.77,0.19,0,0,0.51,22.94,135,2.66,0
20200425,221000,0,7.7,0.26,0,0,63.55,0.17,0,0,0.49,23.06,135,6.65,0
20200425,221100,0,7.4,0.25,0,0,61.09,0.17,0,0,0.49,23,135,6.65,0
20200425,221200,0,7.69,0.26,0,0,63.47,0.17,0,0,0.48,22.94,135,3.99,0
20200425,221300,0,7.41,0.25,0,0,61.13,0.17,0,0,0.52,23,135,2.66,0
20200425,221400,0,7.45,0.25,0,0,61.42,0.17,0,0,0.52,22.81,135,1.33,0
20200425,221500,0,7.62,0.25,0,0,62.89,0.17,0,0,0.51,22.94,135,0,0
20200425,221600,0,8.34,0.28,0,0,68.8,0.19,0,0,0.49,23,135,0,0
20200425,221700,0,7.64,0.25,0,0,63.06,0.17,0,0,0.48,22.81,135,3.99,0
20200425,221800,0,7.59,0.25,0,0,62.59,0.17,0,0,0.49,23.06,180,3.99,0
20200425,221900,0,8.29,0.28,0,0,68.37,0.19,0,0,0.51,23,180,3.99,0
20200425,222000,0,7.29,0.24,0,0,60.1,0.17,0,0,0.5,23.06,180,3.99,0
20200425,222100,0,7.17,0.24,0,0,59.14,0.16,0,0,0.51,22.94,180,3.99,0
20200425,222200,0,7.23,0.24,0,0,59.66,0.16,0,0,0.5,22.88,180,2.66,0
20200425,222300,0,6.77,0.23,0,0,55.84,0.15,0,0,0.5,23,90,2.66,0
20200425,222400,0,6.76,0.23,0,0,55.8,0.15,0,0,0.48,22.75,90,0,0
20200425,222500,0,6.53,0.22,0,0,53.85,0.15,0,0,0.5,22.81,90,0,0
20200425,222600,0,6.54,0.22,0,0,53.99,0.15,0,0,0.52,22.69,90,0,0
20200425,222700,0,6.74,0.22,0,0,55.6,0.15,0,0,0.51,22.56,90,0,0
20200425,222800,0,6.29,0.21,0,0,51.88,0.14,0,0,0.5,22.56,90,0,0
20200425,222900,0,5.89,0.2,0,0,48.6,0.13,0,0,0.5,22.62,90,0,0
20200425,223000,0,5.87,0.2,0,0,48.45,0.13,0,0,0.5,22.5,90,0,0
20200425,223100,0,6.48,0.22,0,0,53.46,0.15,0,0,0.52,22.44,90,0,0
20200425,223200,0,6.62,0.22,0,0,54.61,0.15,0,0,0.53,22.56,90,0,0
20200425,223300,0,6.15,0.2,0,0,50.74,0.14,0,0,0.5,22.5,90,0,0
20200425,223400,0,5.79,0.19,0,0,47.8,0.13,0,0,0.47,22.69,90,0,0
20200425,223500,0,4.44,0.15,0,0,36.64,0.1,0,0,0.47,22.69,90,0,0
20200425,223600,0,5.19,0.17,0,0,42.85,0.12,0,0,0.49,22.5,90,0,0
20200425,223700,0,5.86,0.2,0,0,48.36,0.13,0,0,0.48,22.31,90,0,0
20200425,223800,0,6.24,0.21,0,0,51.49,0.14,0,0,0.47,21.94,90,0,0
20200425,223900,0,6.71,0.22,0,0,55.35,0.15,0,0,0.48,22.25,90,0,0
20200425,224000,0,6.49,0.22,0,0,53.52,0.15,0,0,0.45,22.19,90,0,0
20200425,224100,0,7.08,0.24,0,0,58.44,0.16,0,0,0.47,22.31,90,0,0
20200425,224200,0,6.58,0.22,0,0,54.32,0.15,0,0,0.46,22.19,90,0,0
20200425,224300,0,6.25,0.21,0,0,51.6,0.14,0,0,0.47,22.31,90,0,0
20200425,224400,0,6.58,0.22,0,0,54.26,0.15,0,0,0.49,22.31,90,0,0
20200425,224500,0,6.43,0.21,0,0,53.03,0.15,0,0,0.48,22.12,90,0,0
20200425,224600,0,6.06,0.2,0,0,49.96,0.14,0,0,0.5,21.81,90,0,0
20200425,224700,0,5.48,0.18,0,0,45.22,0.12,0,0,0.49,21.75,90,0,0
20200425,224800,0,3.65,0.12,0,0,30.13,0.08,0,0,0.5,21.75,90,0,0
20200425,224900,0,4.12,0.14,0,0,34,0.09,0,0,0.52,21.81,90,0,0
20200425,225000,0,4.22,0.14,0,0,34.77,0.1,0,0,0.51,21.81,90,0,0
20200425,225100,0,3.88,0.13,0,0,32.01,0.09,0,0,0.52,21.56,90,0,0
20200425,225200,0,3.59,0.12,0,0,29.61,0.08,0,0,0.49,21.5,90,0,0
20200425,225300,0,3.91,0.13,0,0,32.28,0.09,0,0,0.49,21.75,90,0,0
20200425,225400,0,3.29,0.11,0,0,27.17,0.07,0,0,0.48,21.75,90,0,0
20200425,225500,0,4.17,0.14,0,0,34.43,0.09,0,0,0.49,21.56,90,0,0
20200425,225600,0,3.64,0.12,0,0,30.03,0.08,0,0,0.49,21.62,90,0,0
20200425,225700,0,3.64,0.12,0,0,30.03,0.08,0,0,0.47,21.44,90,0,0
20200425,225800,0,3.56,0.12,0,0,29.33,0.08,0,0,0.47,21.5,90,0,0
20200425,225900,0,3.69,0.12,0,0,30.47,0.08,0,0,0.48,21.5,90,0,0
20200425,230000,0,3.36,0.11,0,0,27.71,0.08,0,0,0.47,21.44,90,0,0
20200425,230100,0,3.66,0.12,0,0,30.16,0.08,0,0,0.47,21.12,90,0,0
20200425,230200,0,3.61,0.12,0,0,29.77,0.08,0,0,0.47,21,90,0,0
20200425,230300,0,3.73,0.12,0,0,30.78,0.08,0,0,0.48,21,90,0,0
20200425,230400,0,3.81,0.13,0,0,31.43,0.09,0,0,0.48,21,90,0,0
20200425,230600,0,3.67,0.12,0,0,30.25,0.08,0,0,0.47,20.81,90,0,0
20200425,230700,0,3.3,0.11,0,0,27.2,0.07,0,0,0.46,21,90,0,0
20200425,230800,0,3.13,0.1,0,0,25.81,0.07,0,0,0.47,20.94,90,0,0
20200425,230900,0,3.29,0.11,0,0,27.17,0.07,0,0,0.48,20.94,90,0,0
20200425,231000,0,3.21,0.11,0,0,26.44,0.07,0,0,0.49,21.12,90,0,0
20200425,231100,0,3.41,0.11,0,0,28.09,0.08,0,0,0.46,21.06,90,0,0
20200425,231200,0,3.53,0.12,0,0,29.13,0.08,0,0,0.47,21.06,90,0,0
20200425,231300,0,3.51,0.12,0,0,28.99,0.08,0,0,0.48,20.94,90,0,0
20200425,231400,0,4.01,0.13,0,0,33.06,0.09,0,0,0.48,21,90,0,0
20200425,231500,0,3.54,0.12,0,0,29.22,0.08,0,0,0.48,21.19,90,0,0
20200425,231600,0,3.87,0.13,0,0,31.95,0.09,0,0,0.5,21.25,90,0,0
20200425,231700,0,3.69,0.12,0,0,30.45,0.08,0,0,0.49,21,90,0,0
20200425,231800,0,3.31,0.11,0,0,27.34,0.08,0,0,0.49,21.19,90,0,0
20200425,231900,0,3.22,0.11,0,0,26.54,0.07,0,0,0.48,21.12,90,0,0
20200425,232000,0,3.77,0.13,0,0,31.11,0.09,0,0,0.48,21.06,90,0,0
20200425,232100,0,3.42,0.11,0,0,28.23,0.08,0,0,0.47,21.12,45,2.66,0
20200425,232200,0,3.29,0.11,0,0,27.15,0.07,0,0,0.46,20.94,45,3.99,0
20200425,232300,0,3.26,0.11,0,0,26.9,0.07,0,0,0.48,21.06,45,0,0
20200425,232400,0,2.7,0.09,0,0,22.29,0.06,0,0,0.48,21.25,45,0,0
20200425,232500,0,2.68,0.09,0,0,22.12,0.06,0,0,0.49,21.44,45,2.66,0
20200425,232600,0,2.91,0.1,0,0,24,0.07,0,0,0.51,21.44,45,3.99,0
20200425,232700,0,2.65,0.09,0,0,21.85,0.06,0,0,0.51,21.5,45,3.99,0
20200425,232800,0,2.36,0.08,0,0,19.46,0.05,0,0,0.53,21.69,45,3.99,0
20200425,232900,0,3.59,0.12,0,0,29.65,0.08,0,0,0.52,21.69,45,3.99,0
20200425,233000,0,2.79,0.09,0,0,23,0.06,0,0,0.5,22.12,45,3.99,0
20200425,233100,0,2.41,0.08,0,0,19.91,0.05,0,0,0.5,22.31,45,3.99,0
20200425,233200,0,2.94,0.1,0,0,24.27,0.07,0,0,0.51,22.31,45,3.99,0
20200425,233300,0,3.1,0.1,0,0,25.58,0.07,0,0,0.51,22.56,45,3.99,0
20200425,233400,0,2.83,0.09,0,0,23.33,0.06,0,0,0.5,22.38,45,3.99,0
20200425,233500,0,2.96,0.1,0,0,24.39,0.07,0,0,0.49,22.44,45,0,0
20200425,233600,0,2.62,0.09,0,0,21.65,0.06,0,0,0.51,22.25,45,0,0
20200425,233700,0,3.03,0.1,0,0,25,0.07,0,0,0.5,22.25,45,0,0
20200425,233800,0,3.06,0.1,0,0,25.21,0.07,0,0,0.49,22.38,45,0,0
20200425,233900,0,3.29,0.11,0,0,27.13,0.07,0,0,0.51,22.38,45,0,0
20200425,234000,0,3.33,0.11,0,0,27.49,0.08,0,0,0.48,22.19,45,0,0
20200425,234100,0,3.08,0.1,0,0,25.45,0.07,0,0,0.48,22.31,45,0,0
20200425,234200,0,3.19,0.11,0,0,26.35,0.07,0,0,0.47,22.31,45,0,0
20200425,234300,0,2.79,0.09,0,0,23.01,0.06,0,0,0.47,22.5,45,0,0
20200425,234400,0,2.67,0.09,0,0,21.99,0.06,0,0,0.48,22.5,45,0,0
20200425,234500,0,2.7,0.09,0,0,22.24,0.06,0,0,0.47,22.44,45,0,0
20200425,234600,0,3.16,0.11,0,0,26.1,0.07,0,0,0.46,22.38,45,0,0
20200425,234700,0,2.5,0.08,0,0,20.65,0.06,0,0,0.46,22.38,45,0,0
20200425,234800,0,2.51,0.08,0,0,20.74,0.06,0,0,0.47,22.38,45,0,0
20200425,234900,0,2.73,0.09,0,0,22.55,0.06,0,0,0.47,22.38,45,0,0
20200425,235000,0,2.5,0.08,0,0,20.65,0.06,0,0,0.48,22.31,45,0,0
20200425,235100,0,2.64,0.09,0,0,21.74,0.06,0,0,0.48,22.25,45,0,0
20200425,235200,0,2.96,0.1,0,0,24.45,0.07,0,0,0.49,22.19,45,0,0
20200425,235300,0,3.22,0.11,0,0,26.53,0.07,0,0,0.48,22.44,45,0,0
20200425,235400,0,2.74,0.09,0,0,22.57,0.06,0,0,0.46,22.44,45,0,0
20200425,235500,0,3.12,0.1,0,0,25.75,0.07,0,0,0.46,22.56,45,0,0
20200425,235600,0,3.21,0.11,0,0,26.44,0.07,0,0,0.47,22.38,45,0,0
20200425,235700,0,2.69,0.09,0,0,22.23,0.06,0,0,0.47,22.75,45,0,0
20200425,235800,0,3.04,0.1,0,0,25.06,0.07,0,0,0.47,22.88,45,0,0
20200425,235900,0,2.74,0.09,0,0,22.64,0.06,0,0,0.48,22.94,45,0,0