"","dia_mes_ano","hora_minuto","P_AC","I_AC","I_DC","V_AC","V_DC","IRR"
"1",20200401,54500,6,0.09,0.08,219,468.8,6
"2",20200401,54600,12,0.09,0.09,218.6,454,7
"3",20200401,54700,15,0.11,0.1,218.8,466.2,7
"4",20200401,54800,21,0.12,0.1,219,479.8,6
"5",20200401,54900,24,0.14,0.11,218.2,485.8,7
"6",20200401,55000,32,0.17,0.12,217.9,491.7,9
"7",20200401,55100,36,0.19,0.13,217.8,493.7,9
"8",20200401,55200,39,0.2,0.14,218.3,491.7,7
"9",20200401,55300,40,0.21,0.14,218.2,482.8,9
"10",20200401,55400,44,0.22,0.15,218.2,482.3,10
"11",20200401,55500,51,0.22,0.15,218.2,482.3,12
"12",20200401,55600,60,0.29,0.18,218.2,501.1,12
"13",20200401,55700,72,0.34,0.2,218.1,505.7,15
"14",20200401,55800,84,0.4,0.22,218,516.2,13
"15",20200401,55900,96,0.45,0.24,218.2,509.8,16
"16",20200401,60000,105,0.49,0.26,218.2,510.6,16
"17",20200401,60100,114,0.52,0.27,218.3,521,18
"18",20200401,60200,121,0.56,0.29,218.1,514.2,18
"19",20200401,60300,129,0.6,0.3,218.1,525,19
"20",20200401,60400,140,0.65,0.32,218.3,526.2,21
"21",20200401,60500,141,0.66,0.36,218.2,487.9,21
"22",20200401,60600,159,0.74,0.35,217.9,531.5,22
"23",20200401,60700,165,0.77,0.36,218,532.7,24
"24",20200401,60800,170,0.79,0.37,217.9,536.4,24
"25",20200401,60900,173,0.8,0.37,218,531.9,24
"26",20200401,61000,177,0.82,0.38,217.7,528.3,25
"27",20200401,61100,180,0.84,0.39,218,536.2,25
"28",20200401,61200,186,0.86,0.39,218,532.3,25
"29",20200401,61300,189,0.86,0.39,218,532.3,25
"30",20200401,61400,201,0.93,0.41,217.9,554.7,27
"31",20200401,61500,207,0.96,0.42,217.9,570.9,27
"32",20200401,61600,213,0.99,0.41,217.8,578.1,27
"33",20200401,61700,227,1.06,0.43,217.6,591.7,27
"34",20200401,61800,246,1.14,0.48,217.8,587.1,27
"35",20200401,61900,348,1.61,0.8,218,477.1,36
"36",20200401,62000,396,1.82,0.91,218,462.8,51
"37",20200401,62100,411,1.9,0.89,217.9,493.4,59
"38",20200401,62200,411,1.9,0.88,218.2,496.4,59
"39",20200401,62300,396,1.83,0.86,218,494.9,57
"40",20200401,62400,489,2.26,1.04,218.1,500.4,70
"41",20200401,62500,519,2.39,1.04,217.9,516.2,74
"42",20200401,62600,378,1.74,0.8,218,504.1,56
"43",20200401,62700,420,1.93,0.89,218.1,500.4,60
"44",20200401,62800,330,1.53,0.7,217.9,510,48
"45",20200401,62900,327,1.5,0.68,217.8,511,47
"46",20200401,63000,282,1.3,0.59,217.9,515.9,42
"47",20200401,63100,267,1.23,0.53,218,545.4,38
"48",20200401,63200,228,1.05,0.47,217.8,541.7,31
"49",20200401,63300,219,1.01,0.46,217.7,538.9,30
"50",20200401,63400,219,1.02,0.47,217.6,530,30
"51",20200401,63500,231,1.07,0.47,217.8,540.2,33
"52",20200401,63600,210,1.05,0.48,217.7,536.2,30
"53",20200401,63700,226,1.05,0.48,217.6,534.2,30
"54",20200401,63800,225,1.05,0.47,217.6,532.3,31
"55",20200401,63900,229,1.05,0.47,217.8,539.9,31
"56",20200401,64000,234,1.09,0.49,217.6,534.5,33
"57",20200401,64100,246,1.14,0.5,217.7,536.3,33
"58",20200401,64200,269,1.25,0.55,217.9,540.1,36
"59",20200401,64300,312,1.44,0.63,217.9,540,42
"60",20200401,64400,357,1.65,0.71,217.7,544.6,48
"61",20200401,64500,378,1.74,0.75,217.9,535,50
"62",20200401,64600,363,1.68,0.72,217.6,540.2,48
"63",20200401,64700,354,1.64,0.72,217.8,530.9,47
"64",20200401,64800,405,1.86,0.81,217.8,539.9,53
"65",20200401,64900,438,2.02,0.87,217.9,536.5,57
"66",20200401,65000,456,2.1,0.9,218.2,540.4,57
"67",20200401,65100,513,2.37,1,217.7,544.5,65
"68",20200401,65200,654,3.04,1.26,218,554.3,83
"69",20200401,65300,762,3.53,1.44,218.2,552.1,94
"70",20200401,65400,1023,4.73,1.89,218.4,561.6,124
"71",20200401,65500,1145,5.29,2.07,218.3,570,137
"72",20200401,65600,1290,5.91,2.33,218.7,570,153
"73",20200401,65700,1600,7.34,2.86,219.2,574.1,188
"74",20200401,65800,1860,8.47,3.29,219.6,575,217
"75",20200401,65900,1953,8.9,3.43,219.3,579.4,228
"76",20200401,70000,2031,9.25,3.55,219.5,578.8,235
"77",20200401,70100,2110,9.62,3.71,219.6,576.7,245
"78",20200401,70200,2166,9.88,3.83,219.5,574.9,251
"79",20200401,70300,2210,10.08,3.88,219.4,574.7,255
"80",20200401,70400,2262,10.3,3.93,219.5,578.9,261
"81",20200401,70500,2313,10.54,4.03,219.7,580.3,266
"82",20200401,70600,2361,10.75,4.11,219.7,583,270
"83",20200401,70700,2400,10.92,4.24,219.7,576.2,277
"84",20200401,70800,2436,11.1,4.27,219.6,583.9,281
"85",20200401,70900,2493,11.34,4.4,219.7,575,286
"86",20200401,71000,2529,11.54,4.44,219.5,578.6,290
"87",20200401,71100,2559,11.65,4.51,219.5,578.5,295
"88",20200401,71200,2610,11.89,4.58,219.5,574.5,301
"89",20200401,71300,2666,12.15,4.68,219.5,575.3,305
"90",20200401,71400,2715,12.35,4.82,220,573.5,310
"91",20200401,71500,2768,12.56,4.92,220.4,573.5,318
"92",20200401,71600,2808,12.76,4.97,220.4,569.6,321
"93",20200401,71700,2799,12.71,5,220.3,572.3,321
"94",20200401,71800,2817,12.81,5.03,220.1,567.3,321
"95",20200401,71900,2898,13.15,5.2,220.5,568.4,331
"96",20200401,72000,2840,12.91,5.1,220.1,564.8,324
"97",20200401,72100,2976,13.51,5.31,220.2,569.7,339
"98",20200401,72200,3042,13.82,5.43,220.1,564.6,345
"99",20200401,72300,2826,12.86,5.08,219.8,564.1,324
"100",20200401,72400,3201,14.59,5.78,220.3,568.7,363
"101",20200401,72500,3237,14.67,5.82,220.5,567.6,368
"102",20200401,72600,3205,14.56,5.77,220.3,564.1,366
"103",20200401,72700,2872,13.08,5.15,219.7,564.1,328
"104",20200401,72800,3115,14.13,5.59,220.5,562.4,354
"105",20200401,72900,2859,13,5.18,220,560.4,327
"106",20200401,73000,2411,10.97,4.34,219.8,556.2,280
"107",20200401,73100,1822,8.25,3.32,219.1,547,213
"108",20200401,73200,915,4.21,1.74,218.2,537.8,112
"109",20200401,73300,1250,5.93,2.48,218.6,545.5,146
"110",20200401,73400,1840,8.53,3.47,219.1,554.5,211
"111",20200401,73500,2363,10.76,4.33,219.6,560.3,267
"112",20200401,73600,2777,12.62,5.03,220.1,563.2,313
"113",20200401,73700,2682,12.28,4.86,220.1,564.1,304
"114",20200401,73800,3174,14.4,5.75,220.4,564.6,356
"115",20200401,73900,3474,15.76,6.24,220.6,563,391
"116",20200401,74000,3176,14.46,5.77,219.7,562.5,359
"117",20200401,74100,3311,15.06,6.06,220.7,559.9,374
"118",20200401,74200,3543,16.04,6.41,220.9,557.6,400
"119",20200401,74300,3427,15.52,6.23,220.9,558,389
"120",20200401,74400,2994,13.6,5.49,220.3,551.2,341
"121",20200401,74500,3150,14.3,5.68,220.3,559.6,359
"122",20200401,74600,2937,13.34,5.36,220.3,552.6,336
"123",20200401,74700,2967,13.46,5.38,220.4,556.2,337
"124",20200401,74800,2947,12.91,5.48,220.2,535.3,336
"125",20200401,74900,3138,14.28,5.74,220.3,559.4,354
"126",20200401,75000,3369,15.31,6.12,220.6,558.3,382
"127",20200401,75100,3432,15.53,6.25,221,558.9,388
"128",20200401,75200,3759,16.99,6.85,221.3,556.5,424
"129",20200401,75300,3998,18.03,7.25,221.7,560.3,450
"130",20200401,75400,4212,19.01,7.66,221.6,556,473
"131",20200401,75500,4449,20.08,8.13,222.1,560.4,500
"132",20200401,75600,4380,19.78,8.01,222.2,555.3,493
"133",20200401,75700,4413,19.88,8.11,222.2,551,499
"134",20200401,75800,4659,21.06,8.61,222.3,555.4,523
"135",20200401,75900,4779,21.53,8.81,222,550.7,540
"136",20200401,80000,4872,21.95,8.97,222,554.7,551
"137",20200401,80100,4890,22.05,9.05,222,550.8,555
"138",20200401,80200,4938,22.23,9.12,222.2,545.8,561
"139",20200401,80300,4974,22.37,9.24,222.3,550.1,566
"140",20200401,80400,5000,22.5,9.21,222.3,547.1,570
"141",20200401,80500,5031,22.66,9.4,221.8,540.8,575
"142",20200401,80600,5067,22.82,9.43,221.9,541.5,580
"143",20200401,80700,5103,22.97,9.58,222.1,541.5,584
"144",20200401,80800,5154,23.19,9.67,222.1,544.3,592
"145",20200401,80900,5181,23.32,9.68,222.1,540.7,593
"146",20200401,81000,5230,23.57,9.76,221.9,541,599
"147",20200401,81100,5272,23.77,9.9,222,544.2,604
"148",20200401,81200,5317,23.94,9.98,222.1,543.1,608
"149",20200401,81300,5358,24.12,10.06,222.1,542.3,611
"150",20200401,81400,5406,24.32,10.08,222.3,541.5,618
"151",20200401,81500,5454,24.52,10.23,222.5,544.9,624
"152",20200401,81600,5487,24.68,10.25,222.4,545,628
"153",20200401,81700,5526,24.85,10.3,222.3,541.2,634
"154",20200401,81800,5556,25.01,10.44,222.2,544,639
"155",20200401,81900,4917,25.03,10.11,222.4,551.8,642
"156",20200401,82000,5641,25.4,10.51,222.3,543.5,651
"157",20200401,82100,5598,25.1,10.57,222.5,539.3,647
"158",20200401,82200,5412,24.3,10.15,222.3,537,622
"159",20200401,82300,5169,23.27,9.65,222.1,540.6,595
"160",20200401,82400,5613,25.34,10.51,222.3,539.2,645
"161",20200401,82500,5768,25.91,10.56,222.5,541.6,663
"162",20200401,82600,5895,26.52,11.11,222.5,540.4,678
"163",20200401,82700,5997,26.97,11.34,222.8,540.2,691
"164",20200401,82800,6100,27.34,11.48,223,536,704
"165",20200401,82900,6195,27.76,11.76,223,539,717
"166",20200401,83000,6252,28.06,11.85,222.8,538.1,724
"167",20200401,83100,6314,28.32,11.88,222.8,537,732
"168",20200401,83200,6267,28.1,11.76,223,539.4,726
"169",20200401,83300,5575,24.82,10.39,222.1,535.5,650
"170",20200401,83400,4008,18.19,7.64,220.3,532.5,471
"171",20200401,83500,3834,17.44,7.24,219.8,540.4,443
"172",20200401,83600,4353,19.94,8.3,220.4,535.9,499
"173",20200401,83700,4569,20.52,8.55,220.7,538.3,529
"174",20200401,83800,4215,19.12,7.89,220.5,537.6,487
"175",20200401,83900,3312,14.96,6.13,219.4,539.5,383
"176",20200401,84000,4032,18.32,7.57,220,539.2,459
"177",20200401,84100,2280,10.51,4.39,218,529.6,261
"178",20200401,84200,3232,14.96,6.18,219.5,544,363
"179",20200401,84300,3448,15.7,6.34,219.5,548.5,391
"180",20200401,84400,3183,14.53,5.93,219.2,544.5,363
"181",20200401,84500,3420,15.68,6.4,219.3,544.6,386
"182",20200401,84600,4134,18.73,7.68,220.6,548.7,470
"183",20200401,84700,4707,21.26,8.77,221.3,545.4,531
"184",20200401,84800,4680,21.14,8.7,221.3,547.3,535
"185",20200401,84900,4533,20.5,8.37,221.1,547.2,513
"186",20200401,85000,4431,20.05,8.44,220.9,529,517
"187",20200401,85100,4221,19.11,7.84,220.9,544.2,484
"188",20200401,85200,4367,19.76,8.1,220.9,548.9,499
"189",20200401,85300,5111,22.91,9.37,221.9,544.9,587
"190",20200401,85400,5637,25.39,10.57,221.9,545.8,642
"191",20200401,85500,5703,25.68,10.5,222,547,654
"192",20200401,85600,6012,27.02,11.1,222.5,547.1,691
"193",20200401,85700,4182,19,7.83,220.1,542.7,485
"194",20200401,85800,5019,22.72,9.43,220.9,542.3,580
"195",20200401,85900,4548,20.58,8.52,220.5,541.6,523
"196",20200401,90000,4242,19.4,8.06,220.4,541,488
"197",20200401,90100,4826,21.88,9.06,221.1,542.8,552
"198",20200401,90200,4743,21.48,8.82,221,546.9,545
"199",20200401,90300,5508,24.87,10.32,221.4,547.3,628
"200",20200401,90400,5791,26.1,10.78,221.9,542.8,669
"201",20200401,90500,5960,26.93,11.24,222.3,545.3,686
"202",20200401,90600,6171,27.74,11.62,222.4,537.1,717
"203",20200401,90700,6002,27.02,11.3,222.1,542.2,704
"204",20200401,90800,6005,27.43,11.49,222.2,538.5,686
"205",20200401,90900,6753,30.26,12.85,223,532.3,790
"206",20200401,91000,7068,31.63,13.47,223.4,532.2,829
"207",20200401,91100,7125,31.89,13.59,223.4,536.8,841
"208",20200401,91200,7093,31.77,13.65,223.2,527.3,843
"209",20200401,91300,7233,32.36,13.87,223.4,532.1,857
"210",20200401,91400,7245,32.41,13.89,223.4,527.6,861
"211",20200401,91500,7164,32.07,13.7,223.5,527.2,855
"212",20200401,91600,7182,32.13,13.93,223.1,522.1,860
"213",20200401,91700,7144,32.04,13.85,223,526.6,857
"214",20200401,91800,7177,32.12,13.85,223.4,526.9,863
"215",20200401,91900,7168,32.07,13.83,223.5,523.1,861
"216",20200401,92000,7218,32.31,14.06,223.4,525.5,866
"217",20200401,92100,7203,32.27,13.92,223.3,522.5,867
"218",20200401,92200,7193,32.2,14.01,223.5,521.1,867
"219",20200401,92300,7179,32.1,14.06,223.3,517.3,867
"220",20200401,92400,7206,32.27,14.07,223.3,522.2,870
"221",20200401,92500,7209,32.27,14.06,223.1,518.2,872
"222",20200401,92600,7218,32.35,14.18,223,518.3,872
"223",20200401,92700,7185,32.17,14.12,223.3,520.5,870
"224",20200401,92800,7164,32.08,13.93,223.3,519.7,873
"225",20200401,92900,6885,30.89,13.51,222.8,519.1,841
"226",20200401,93000,7269,32.59,14.15,223,521.4,879
"227",20200401,93100,7286,32.63,14.65,223.3,516.3,882
"228",20200401,93200,7225,32.37,14.22,223,517.9,875
"229",20200401,93300,6892,30.92,13.43,222.6,519.3,838
"230",20200401,93400,7137,32.06,13.92,222.6,519.9,867
"231",20200401,93500,7197,32.33,14.14,222.5,516.2,872
"232",20200401,93600,6873,30.9,13.5,222.4,520.3,837
"233",20200401,93700,7233,32.43,14.08,222.9,516.8,886
"234",20200401,93800,7272,32.63,14.34,223.1,518.5,882
"235",20200401,93900,7329,32.86,14.29,222.8,519,893
"236",20200401,94000,7225,32.34,14.2,223.1,517.1,882
"237",20200401,94100,7385,33.09,14.42,223.1,516.4,898
"238",20200401,94200,7296,32.72,14.53,222.9,513.5,889
"239",20200401,94300,7339,32.95,14.47,222.7,514.4,898
"240",20200401,94400,7422,33.27,14.77,223,511.5,908
"241",20200401,94500,7326,32.82,14.45,223,515.3,895
"242",20200401,94600,7287,32.72,14.26,223.1,511.3,895
"243",20200401,94700,7395,33.13,14.69,223.1,515.9,907
"244",20200401,94800,7408,33.22,14.58,223,511.5,910
"245",20200401,94900,7398,33.16,14.73,223.1,512.6,910
"246",20200401,95000,7380,33.08,14.57,223.1,513.7,910
"247",20200401,95100,7386,33.11,14.53,223,514.7,907
"248",20200401,95200,7425,33.32,14.78,222.8,508,914
"249",20200401,95300,7482,33.51,14.77,223,516.9,919
"250",20200401,95400,7512,33.68,14.82,223.1,510.2,924
"251",20200401,95500,7512,33.62,14.91,223.2,516.2,922
"252",20200401,95600,7489,33.6,14.88,223,515.6,921
"253",20200401,95700,7572,33.99,15.05,222.9,514.6,930
"254",20200401,95800,7626,34.18,15.14,223,513.5,936
"255",20200401,95900,7593,34.08,14.97,222.7,516.2,933
"256",20200401,100000,7602,34.12,15.01,222.7,516.8,934
"257",20200401,100100,7605,34.17,15.25,222.5,509.2,937
"258",20200401,100200,6654,34.1,15.2,222.7,513,939
"259",20200401,100300,7552,33.89,15.11,222.7,511.9,934
"260",20200401,100400,7626,34.23,15.34,222.6,503.8,946
"261",20200401,100500,7599,34.14,15.3,222.4,508,943
"262",20200401,100600,7602,34.19,15.24,222.3,507.3,945
"263",20200401,100700,7621,34.23,15.27,222.7,505.2,948
"264",20200401,100800,7625,34.25,15.42,222.6,505.7,951
"265",20200401,100900,7650,34.34,15.31,222.8,507,956
"266",20200401,101000,7690,34.57,15.52,222.5,504.5,959
"267",20200401,101100,7722,34.69,15.52,222.5,508.1,960
"268",20200401,101200,7764,34.88,15.4,222.6,511.6,962
"269",20200401,101300,7815,35.08,15.59,222.8,513.5,965
"270",20200401,101400,7813,35.08,15.57,222.6,506.5,966
"271",20200401,101500,7827,35.14,15.54,222.7,507.2,968
"272",20200401,101600,7815,35.02,15.73,223,506.4,968
"273",20200401,101700,7794,34.94,15.56,222.9,508.8,968
"274",20200401,101800,7746,34.77,15.57,222.8,505.2,965
"275",20200401,101900,7746,34.83,15.55,222.3,509.4,968
"276",20200401,102000,7749,34.8,15.79,222.6,500,971
"277",20200401,102100,7779,34.88,15.76,222.9,506.6,977
"278",20200401,102200,7807,35.01,15.63,222.9,505.3,977
"279",20200401,102300,7823,35.14,15.67,222.7,506.3,977
"280",20200401,102400,7842,35.2,15.88,222.7,503.5,978
"281",20200401,102500,7863,35.27,15.8,222.9,507.6,980
"282",20200401,102600,7899,35.41,15.92,223,502.9,984
"283",20200401,102700,7944,35.62,16,223.1,509.1,991
"284",20200401,102800,7970,35.71,15.93,223.1,507.2,992
"285",20200401,102900,7923,35.51,15.8,223,508.3,983
"286",20200401,103000,7962,35.69,15.81,223.1,509.1,986
"287",20200401,103100,7942,35.6,15.95,223,509.5,983
"288",20200401,103200,7998,35.87,15.85,222.9,513.9,991
"289",20200401,103300,8001,35.88,16.33,222.9,498.8,995
"290",20200401,103400,8052,36.03,16.25,223.1,503.9,997
"291",20200401,103500,8016,35.78,15.33,223.1,530.3,1000
"292",20200401,103600,8049,36.07,16.01,223.1,508.6,1000
"293",20200401,103700,8059,36.15,16.33,222.9,503.7,1003
"294",20200401,103800,8065,36.13,16.42,223.1,500.9,1009
"295",20200401,103900,7984,35.77,15.79,223.2,521.9,1007
"296",20200401,104000,8040,36,16.29,223.3,498.9,1006
"297",20200401,104100,8018,35.94,16.57,223,492.9,1007
"298",20200401,104200,8067,36.06,15.67,223,522.1,1013
"299",20200401,104300,8124,36.44,16.81,223.1,491.1,1024
"300",20200401,104400,8199,36.75,16.41,222.9,509.6,1029
"301",20200401,104500,8125,36.42,16.78,223,491.6,1027
"302",20200401,104600,8178,36.71,16.9,222.7,493.5,1035
"303",20200401,104700,8169,36.62,17.19,223,484.1,1044
"304",20200401,104800,8103,36.28,17.26,222.7,477.5,1041
"305",20200401,104900,8169,36.43,17.44,223,474.7,1053
"306",20200401,105000,8265,37.06,16.53,223,509,1056
"307",20200401,105100,8262,37.06,16.15,222.9,520.5,1068
"308",20200401,105200,2244,10.38,4.07,216.3,496.4,283
"309",20200401,105300,2253,10.41,4.3,216.4,519.2,255
"310",20200401,105400,5013,22.8,9.85,219.6,520.5,846
"311",20200401,105500,8256,36.99,15.31,223.1,549.6,1083
"312",20200401,105600,8225,36.81,15.25,223.4,548.7,1090
"313",20200401,105700,8237,36.83,15.36,223.4,543.7,1091
"314",20200401,105800,7968,35.83,14.95,223.1,545.4,1080
"315",20200401,105900,6425,30.14,13.25,221.3,525.6,840
"316",20200401,110000,8268,37.03,15.95,223.1,527.1,1082
"317",20200401,110100,8269,37,15.87,223.5,529.7,1093
"318",20200401,110200,7620,34.06,16.1,222.6,505.5,980
"319",20200401,110300,8268,36.98,15.68,223.5,536.7,1112
"320",20200401,110400,8259,33.37,12.28,222.2,508.6,870
"321",20200401,110500,8268,36.98,15.32,223.5,547.3,1150
"322",20200401,110600,2079,10.08,4.64,216.5,495.2,264
"323",20200401,110700,1956,8.97,4.01,216,490.4,245
"324",20200401,110800,4212,23.27,10.74,219.5,528.3,647
"325",20200401,110900,2006,9.3,3.99,215.8,506.6,243
"326",20200401,111000,1701,7.91,3.45,215.4,504.9,211
"327",20200401,111100,1615,7.49,3.23,215.3,512.5,197
"328",20200401,111200,1573,7.31,3.12,215.3,510.7,191
"329",20200401,111300,1596,7.42,3.16,215.3,517.8,193
"330",20200401,111400,1548,7.18,3.03,215.2,519.3,185
"331",20200401,111500,1500,7.01,2.95,215.2,523.8,181
"332",20200401,111600,1953,9.17,3.86,215.8,526.2,232
"333",20200401,111700,2625,12.12,4.99,216.6,537,301
"334",20200401,111800,8277,37.11,14.1,223,598.2,1201
"335",20200401,111900,8274,37.09,14.36,223,586.2,1181
"336",20200401,112000,8271,37.08,14.57,223,575.2,1164
"337",20200401,112100,8270,37.09,14.78,222.9,567.3,1155
"338",20200401,112200,8274,37.13,14.94,222.8,562.1,1166
"339",20200401,112300,8244,32.51,12.57,221.7,540.8,921
"340",20200401,112400,7629,34.39,15.33,222.2,508,933
"341",20200401,112500,1629,7.63,3.45,215.4,491.9,208
"342",20200401,112600,1881,8.78,3.87,215.4,499.1,242
"343",20200401,112700,8271,37.14,14.81,222.7,571.5,1222
"344",20200401,112800,4410,20.33,8.81,218.4,553.5,924
"345",20200401,112900,4635,17.93,7.5,217.9,521.7,473
"346",20200401,113000,2649,12.56,5.18,216.5,526,564
"347",20200401,113100,8270,37.08,14.85,223,566.5,1204
"348",20200401,113200,8268,37.08,15.35,222.9,546.8,1125
"349",20200401,113300,8265,37.05,15.33,223,548.3,1137
"350",20200401,113400,8257,37.01,15.39,223,546,1147
"351",20200401,113500,8247,36.98,15.4,223,545.3,1167
"352",20200401,113600,2136,9.83,4.31,216.1,507.8,267
"353",20200401,113700,3079,14.18,5.33,217.1,519.4,563
"354",20200401,113800,6969,29.97,11.93,221.1,541.1,749
"355",20200401,113900,8271,37.06,14.86,223.1,562.5,1217
"356",20200401,114000,8271,37.11,15.12,222.8,556.7,1205
"357",20200401,114100,8270,37.07,15.29,223,550,1196
"358",20200401,114200,4428,20.08,7.4,218.6,514.4,589
"359",20200401,114300,8269,37.06,15.29,223.1,550.4,1175
"360",20200401,114400,8268,37.04,15.37,223.1,546.8,1176
"361",20200401,114500,8268,37.1,15.66,222.8,540,1111
"362",20200401,114600,2151,9.87,4.53,216.1,484.7,274
"363",20200401,114700,8268,37.07,15.28,223,550.9,1213
"364",20200401,114800,1743,8.09,3.61,215.6,484.3,222
"365",20200401,114900,1560,7.25,3.25,215.3,495.1,197
"366",20200401,115000,6762,29.92,11.03,220.8,543.4,739
"367",20200401,115100,1479,6.89,2.99,215,504.3,182
"368",20200401,115200,1401,6.56,2.85,214.9,509.5,173
"369",20200401,115300,1608,7.55,3.2,215.3,516.9,196
"370",20200401,115400,8274,37.12,14.34,222.8,586.4,1157
"371",20200401,115500,8271,37.11,14.69,222.8,574.6,1129
"372",20200401,115600,8271,37.1,14.77,222.9,568.1,1123
"373",20200401,115700,8268,37.08,15.05,223,560.7,1125
"374",20200401,115800,8262,37.06,15.25,222.9,551.9,1111
"375",20200401,115900,8254,37.01,15.34,223.1,549.4,1111
"376",20200401,120000,8250,36.96,15.27,223.1,549.2,1117
"377",20200401,120100,8257,37.02,15.27,223.1,550.3,1132
"378",20200401,120200,8259,36.95,15.29,223.1,549.1,1100
"379",20200401,120300,2115,10.04,4.48,216.1,496.6,270
"380",20200401,120400,8269,37.06,14.99,223.1,562.3,1158
"381",20200401,120500,8268,37.07,15.23,223,554.7,1134
"382",20200401,120600,8246,36.97,15.23,222.7,548.8,1067
"383",20200401,120700,1776,8.12,3.36,215.7,520,266
"384",20200401,120800,8268,37.04,15.26,223.1,552.1,1125
"385",20200401,120900,8268,37.04,15.52,223.1,541.3,1105
"386",20200401,121000,8265,37.07,15.69,222.9,537.3,1099
"387",20200401,121100,8265,37.07,15.72,222.9,534.5,1090
"388",20200401,121200,8266,37.06,15.81,222.9,532.1,1079
"389",20200401,121300,8267,37.05,15.81,223,530.9,1082
"390",20200401,121400,8265,37.06,15.91,222.9,529.3,1082
"391",20200401,121500,8265,37.09,15.78,222.8,533.3,1091
"392",20200401,121600,8264,37.05,15.58,223,539.4,1115
"393",20200401,121700,8266,37.09,15.71,222.9,535.8,1105
"394",20200401,121800,8268,37.08,15.61,223,538.8,1137
"395",20200401,121900,8268,37.05,15.9,223.1,531.1,1112
"396",20200401,122000,8256,37,16.21,223.1,518.3,1085
"397",20200401,122100,8211,36.79,16.5,223.1,508.1,1071
"398",20200401,122200,8198,36.72,16.79,223.2,497.1,1067
"399",20200401,122300,8187,36.66,16.96,223.3,492.3,1065
"400",20200401,122400,8184,36.67,16.96,223.2,491.9,1068
"401",20200401,122500,8157,36.53,17.05,223.1,487.1,1065
"402",20200401,122600,8162,36.53,16.68,223,497.5,1067
"403",20200401,122700,8178,36.71,17.07,222.8,487.8,1068
"404",20200401,122800,8177,36.69,16.9,222.8,492.7,1068
"405",20200401,122900,8163,36.6,16.71,223,497.2,1070
"406",20200401,123000,8159,36.57,16.77,223,497.6,1068
"407",20200401,123100,8172,36.62,17.13,223.1,487.4,1070
"408",20200401,123200,8223,36.84,17.21,223.2,487.3,1076
"409",20200401,123300,8265,37.04,16.79,223.1,501.8,1093
"410",20200401,123400,8265,37.09,16.59,222.8,507.8,1099
"411",20200401,123500,8268,37.07,16.36,222.9,514.3,1114
"412",20200401,123600,8113,36.44,16.9,222.6,489.7,1091
"413",20200401,123700,8268,37.11,16.5,222.7,511.4,1108
"414",20200401,123800,8267,37.09,16.69,222.8,505.3,1097
"415",20200401,123900,8254,37.04,17.24,222.8,488.5,1085
"416",20200401,124000,8264,37.03,16.99,223.1,496.2,1088
"417",20200401,124100,8266,37.04,16.81,223.1,502,1097
"418",20200401,124200,1545,7.42,3.52,215.4,473.5,234
"419",20200401,124300,6504,29.79,10.65,220.9,491.4,806
"420",20200401,124400,1506,7.01,3.29,215.1,474.1,197
"421",20200401,124500,1907,8.84,3.97,215.5,493.1,239
"422",20200401,124600,6318,28.84,11.15,220.6,517.9,805
"423",20200401,124700,2183,10.31,4.24,215.9,510.4,305
"424",20200401,124800,2439,11.22,4.81,216,542.8,593
"425",20200401,124900,1397,6.55,2.85,214.7,501.5,173
"426",20200401,125000,1210,5.63,2.44,214.6,503,149
"427",20200401,125100,1116,5.2,2.26,214.6,502.9,137
"428",20200401,125200,1152,5.37,2.34,214.8,508.9,140
"429",20200401,125300,1197,5.6,2.4,214.8,513.5,144
"430",20200401,125400,1299,6.06,2.56,214.7,517.5,155
"431",20200401,125500,1755,8.16,3.42,215.3,525.7,205
"432",20200401,125600,3318,16.62,6.86,217.5,564,488
"433",20200401,125700,8271,37.12,14.34,222.8,585.9,1118
"434",20200401,125800,8254,37.07,14.66,222.5,573.1,1099
"435",20200401,125900,8208,36.68,14.8,223.8,563.2,1083
"436",20200401,130000,8226,36.74,15.09,223.8,552.9,1070
"437",20200401,130100,8181,36.54,15.23,223.8,548.2,1070
"438",20200401,130200,8247,36.84,15.6,223.8,538,1067
"439",20200401,130300,8262,36.92,15.86,223.7,530.7,1068
"440",20200401,130400,8250,36.91,15.89,223.5,528.8,1076
"441",20200401,130500,8264,36.96,16.16,223.5,521.6,1073
"442",20200401,130600,8260,36.97,16.16,223.4,520.2,1076
"443",20200401,130700,8256,36.93,16.2,223.5,519.1,1082
"444",20200401,130800,8265,37.03,16.44,223.1,512.5,1080
"445",20200401,130900,8245,36.93,17.19,223.1,488.3,1071
"446",20200401,131000,8117,36.35,16.78,223.2,490.2,1058
"447",20200401,131100,8020,35.94,16.83,223,485.4,1048
"448",20200401,131200,7992,35.79,16.56,223.1,493.2,1044
"449",20200401,131300,7953,35.69,16.54,222.8,490.8,1039
"450",20200401,131400,7964,35.73,16.54,222.6,494.8,1042
"451",20200401,131500,7962,35.71,16.74,223,491.3,1044
"452",20200401,131600,7945,35.62,16.7,223,486,1035
"453",20200401,131700,7986,35.81,16.37,222.9,495.5,1047
"454",20200401,131800,8037,36.09,16.94,222.7,485.3,1053
"455",20200401,131900,8046,36.03,16.87,223.2,486.3,1055
"456",20200401,132000,7983,35.77,16.61,223,490,1047
"457",20200401,132100,7941,35.62,16.72,222.9,486.5,1042
"458",20200401,132200,7975,35.83,16.59,222.5,492.4,1044
"459",20200401,132300,7950,35.71,16.48,222.5,491.3,1039
"460",20200401,132400,7797,35.01,16.29,222.3,485.5,1021
"461",20200401,132500,7730,34.77,15.96,222.3,491.2,1012
"462",20200401,132600,7742,34.81,16.04,222.2,488.3,1010
"463",20200401,132700,7722,34.82,16.16,221.8,488.3,1006
"464",20200401,132800,7731,34.85,16.04,221.9,489.9,1009
"465",20200401,132900,7731,34.78,15.97,222.2,490.7,1009
"466",20200401,133000,7713,34.69,15.83,222.2,492.2,1003
"467",20200401,133100,7716,34.71,15.89,222.2,493.2,998
"468",20200401,133200,7752,34.94,15.92,221.9,498.2,1001
"469",20200401,133300,7853,35.39,16.11,221.8,493.7,1012
"470",20200401,133400,8004,36.04,16.42,222.2,498.8,1033
"471",20200401,133500,7876,35.44,16.36,222,488.7,1018
"472",20200401,133600,7889,35.5,16,222.2,499.3,1015
"473",20200401,133700,2049,8.41,3.36,214.9,528.4,234
"474",20200401,133800,1383,6.45,2.87,214.6,489.8,178
"475",20200401,133900,7911,35.57,15.56,222.3,509.2,994
"476",20200401,134000,7702,34.68,15.55,222.1,504.9,972
"477",20200401,134100,7557,34.03,15.26,222,504.3,957
"478",20200401,134200,7461,33.65,15.03,221.6,503.9,948
"479",20200401,134300,7377,33.3,15.04,221.4,499.7,939
"480",20200401,134400,7293,32.89,14.77,221.6,506.1,931
"481",20200401,134500,7296,32.92,14.68,221.6,502.1,931
"482",20200401,134600,7314,33.01,14.89,221.6,501.5,934
"483",20200401,134700,7338,33.12,15.03,221.5,498.2,939
"484",20200401,134800,7353,33.16,15.09,221.7,495.6,942
"485",20200401,134900,7371,33.19,15.06,222,501.3,943
"486",20200401,135000,7384,33.26,15.01,222,498.2,946
"487",20200401,135100,7372,33.2,15.03,222,498.5,948
"488",20200401,135200,7356,33.17,15.15,221.6,494,948
"489",20200401,135300,7278,32.83,14.93,221.6,497.4,940
"490",20200401,135400,7233,32.64,14.83,221.5,497.8,933
"491",20200401,135500,7236,32.67,14.84,221.5,493.2,936
"492",20200401,135600,7227,32.64,14.89,221.4,496.7,934
"493",20200401,135700,7191,32.52,14.7,221,494.7,928
"494",20200401,135800,7140,32.23,14.73,221.5,493.9,921
"495",20200401,135900,7071,31.95,14.46,221.5,497.4,911
"496",20200401,140000,7008,31.63,14.25,221.4,496.9,899
"497",20200401,140100,6912,28.4,14.6,220,447.6,886
"498",20200401,140200,6826,30.92,13.84,220.8,502.5,873
"499",20200401,140300,6759,30.59,13.69,220.9,501.6,863
"500",20200401,140400,6690,30.31,13.5,220.8,505.2,855
"501",20200401,140500,6672,30.22,13.55,220.7,505.3,851
"502",20200401,140600,6653,30.16,13.31,220.6,507.4,849
"503",20200401,140700,6636,30.1,13.28,220.4,508,844
"504",20200401,140800,6612,29.95,13.29,220.6,503.1,841
"505",20200401,140900,6588,29.85,13.28,220.6,507,837
"506",20200401,141000,6553,29.7,13.1,220.6,506.8,832
"507",20200401,141100,6531,29.6,13.06,220.5,504.6,828
"508",20200401,141200,6506,29.5,12.96,220.3,512.6,822
"509",20200401,141300,6474,29.37,12.83,220.4,508.9,817
"510",20200401,141400,6471,29.33,12.94,220.5,511.5,815
"511",20200401,141500,6449,29.22,12.78,220.6,510.6,811
"512",20200401,141600,6417,29.1,12.83,220.4,509.6,808
"513",20200401,141700,6414,29.09,12.8,220.3,508.8,805
"514",20200401,141800,6403,28.97,12.75,220.7,508.4,803
"515",20200401,141900,6390,28.96,12.66,220.6,514.9,802
"516",20200401,142000,6335,28.72,12.57,220.5,509.2,797
"517",20200401,142100,6278,28.51,12.56,220,511,790
"518",20200401,142200,6228,28.29,12.34,220.2,514.1,787
"519",20200401,142300,6191,28.15,12.25,220.1,509.9,784
"520",20200401,142400,6159,27.93,12.4,220.3,505.1,780
"521",20200401,142500,6141,27.89,12.29,220.2,509,777
"522",20200401,142600,6135,27.86,12.1,220.1,511.1,776
"523",20200401,142700,6081,27.6,12,220.3,513.2,768
"524",20200401,142800,6075,27.58,12.11,220.3,509.7,767
"525",20200401,142900,6066,27.57,12.03,220,514.2,765
"526",20200401,143000,6042,27.46,11.97,219.9,509.4,764
"527",20200401,143100,6011,27.36,11.89,219.7,510.2,759
"528",20200401,143200,5989,27.21,11.88,220,510.2,758
"529",20200401,143300,5967,27.14,11.77,219.8,512.2,756
"530",20200401,143400,5955,27.07,11.88,220.1,510.4,755
"531",20200401,143500,5939,27.01,11.72,219.6,514.4,753
"532",20200401,143600,5908,26.88,11.75,219.8,509.8,747
"533",20200401,143700,5905,26.85,11.74,220,514.1,745
"534",20200401,143800,5882,26.73,11.62,219.9,509.7,742
"535",20200401,143900,5841,26.55,11.63,219.9,513.3,736
"536",20200401,144000,5769,26.25,11.41,219.6,511.8,729
"537",20200401,144100,5748,26.17,11.47,219.6,512.5,726
"538",20200401,144200,5727,26.05,11.3,219.8,509.9,720
"539",20200401,144300,5727,26.06,11.39,219.8,514.8,721
"540",20200401,144400,5715,25.97,11.24,219.9,513.6,718
"541",20200401,144500,5699,25.96,11.31,219.5,512.5,715
"542",20200401,144600,5676,25.87,11.06,219.4,517.5,712
"543",20200401,144700,5673,25.83,11.16,219.6,519.2,709
"544",20200401,144800,5670,25.83,11.06,219.6,519.3,709
"545",20200401,144900,5663,25.79,11.13,219.4,517.3,707
"546",20200401,145000,5578,25.44,10.86,219.2,516.6,697
"547",20200401,145100,5461,24.93,10.67,219,521.3,683
"548",20200401,145200,5424,24.73,10.58,219.3,517.1,680
"549",20200401,145300,5388,24.55,10.64,219.2,514.1,677
"550",20200401,145400,5376,24.52,10.53,219.2,521.2,674
"551",20200401,145500,5343,24.41,10.35,218.9,521.2,669
"552",20200401,145600,5272,24.2,10.27,218.8,523.3,663
"553",20200401,145700,5226,23.87,10.2,218.9,522.3,654
"554",20200401,145800,5193,23.7,10.11,219.1,518.5,650
"555",20200401,145900,5172,23.64,10.08,218.8,523.5,647
"556",20200401,150000,5148,23.54,10,218.6,519.5,643
"557",20200401,150100,5133,23.46,9.87,218.7,528,640
"558",20200401,150200,5128,23.44,9.88,218.8,523.5,637
"559",20200401,150300,5049,23.3,9.92,218.6,517.9,636
"560",20200401,150400,5103,23.32,9.81,218.8,527.9,634
"561",20200401,150500,5097,23.3,9.85,218.7,527.8,633
"562",20200401,150600,5067,23.17,9.78,218.6,523.3,630
"563",20200401,150700,5044,23.06,9.75,218.7,528.5,627
"564",20200401,150800,4986,22.81,9.57,218.7,524.7,625
"565",20200401,150900,4910,22.47,9.57,218.4,518.3,621
"566",20200401,151000,4872,22.33,9.52,218.2,523.4,615
"567",20200401,151100,4866,22.27,9.4,218.2,518.8,613
"568",20200401,151200,4896,22.43,9.6,218.3,521.2,616
"569",20200401,151300,3024,14.07,5.59,216.3,531.9,398
"570",20200401,151400,3921,18.08,8,217.3,526.2,456
"571",20200401,151500,4887,22.41,9.46,218.2,521.3,598
"572",20200401,151600,1125,5.12,2.11,213.8,533.5,137
"573",20200401,151700,1014,4.8,2.09,213.8,508.5,120
"574",20200401,151800,1203,5.76,2.37,214.1,524.5,133
"575",20200401,151900,921,4.54,2.02,213.8,504.8,114
"576",20200401,152000,2340,9.44,3.6,215,535.4,316
"577",20200401,152100,780,3.67,1.61,213.3,504.6,98
"578",20200401,152200,4701,21.56,8.85,217.9,541.7,572
"579",20200401,152300,4629,21.22,8.74,218.1,540.9,567
"580",20200401,152400,4546,20.84,8.62,218,537.1,560
"581",20200401,152500,4525,20.77,8.58,217.9,534.5,558
"582",20200401,152600,4452,20.46,8.52,217.5,532.9,551
"583",20200401,152700,4366,20.06,8.34,217.5,532.4,543
"584",20200401,152800,4341,19.92,8.22,217.7,532.7,540
"585",20200401,152900,4287,19.71,8.21,217.5,533.4,537
"586",20200401,153000,4233,19.44,8.1,217.7,526.8,529
"587",20200401,153100,4179,19.21,7.95,217.5,534.7,525
"588",20200401,153200,4119,18.94,7.87,217.5,534.1,517
"589",20200401,153300,4065,18.65,7.78,217.8,529.5,509
"590",20200401,153400,4008,18.41,7.64,217.7,529.7,503
"591",20200401,153500,3960,18.19,7.6,217.7,528.8,499
"592",20200401,153600,3912,17.99,7.52,217.5,528.5,493
"593",20200401,153700,3870,17.79,7.38,217.5,527.7,488
"594",20200401,153800,3769,17.34,7.35,217.4,521.5,484
"595",20200401,153900,3738,17.2,7.32,217.3,522.3,481
"596",20200401,154000,3693,16.99,7.31,217.3,512.7,474
"597",20200401,154100,3663,16.88,7.11,217,519.3,470
"598",20200401,154200,2724,12.74,5.33,216.2,527.2,407
"599",20200401,154300,3017,14.41,6.01,216.8,531.9,436
"600",20200401,154400,3492,15.09,7.03,217,484.9,456
"601",20200401,154500,1678,7.62,3.1,214.8,524.4,274
"602",20200401,154600,452,2.13,1,213.4,481.7,60
"603",20200401,154700,987,4.61,1.89,214.3,520.2,168
"604",20200401,154800,481,2.26,1.04,213.8,488.9,74
"605",20200401,154900,452,2.11,0.97,213.8,492.8,59
"606",20200401,155000,483,2.3,1.05,213.5,493.5,65
"607",20200401,155100,480,2.25,1.02,213.5,497.9,62
"608",20200401,155200,459,2.15,0.97,213.8,494.5,59
"609",20200401,155300,455,2.14,0.97,213.9,494,59
"610",20200401,155400,984,4.45,1.86,214.3,531,121
"611",20200401,155500,1311,6.12,2.5,214.8,530.8,176
"612",20200401,155600,2388,11.05,4.54,216.2,543.4,312
"613",20200401,155700,1842,8.78,3.67,215.7,532.5,234
"614",20200401,155800,2367,10.78,4.34,216.1,537,299
"615",20200401,155900,1074,4.87,1.94,214.6,545.8,155
"616",20200401,160000,1005,4.62,1.83,214.3,555.5,158
"617",20200401,160100,1245,5.8,2.6,214.9,506.9,165
"618",20200401,160200,1404,6.53,2.71,215.1,530.2,168
"619",20200401,160300,1971,9.16,3.67,215.9,533.2,239
"620",20200401,160400,1872,8.73,3.63,215.5,530.3,235
"621",20200401,160500,2610,12.07,4.98,216.3,531.3,339
"622",20200401,160600,2604,12.03,5,216.5,527.6,337
"623",20200401,160700,2586,11.94,5.02,216.5,524.1,334
"624",20200401,160800,2538,11.71,4.88,216.5,527.1,330
"625",20200401,160900,2487,11.52,4.82,216.1,526.5,325
"626",20200401,161000,2362,10.9,4.54,216.1,522.3,310
"627",20200401,161100,2351,10.88,4.53,216.3,522.7,310
"628",20200401,161200,2322,10.74,4.52,216.1,525.8,307
"629",20200401,161300,2293,10.62,4.46,216.2,521.7,304
"630",20200401,161400,2273,10.52,4.44,215.9,523.9,301
"631",20200401,161500,2073,10.34,4.39,216.1,519.1,298
"632",20200401,161600,2157,9.98,4.28,216.1,509,293
"633",20200401,161700,2121,9.82,4.21,216.1,513.1,290
"634",20200401,161800,2082,9.65,4.14,216,508.2,284
"635",20200401,161900,2037,9.44,4.07,215.9,512.9,280
"636",20200401,162000,1987,9.19,3.93,216,510,274
"637",20200401,162100,1917,8.87,3.83,216,510.4,266
"638",20200401,162200,1863,8.64,3.69,215.8,512.2,257
"639",20200401,162300,1827,8.49,3.66,215.6,508.2,254
"640",20200401,162400,1802,8.36,3.59,215.6,513.3,249
"641",20200401,162500,1776,8.23,3.54,215.8,512.9,246
"642",20200401,162600,1744,8.09,3.46,215.8,512.7,243
"643",20200401,162700,1675,7.79,3.43,215.6,501.8,239
"644",20200401,162800,1644,7.63,3.37,215.3,498,235
"645",20200401,162900,1620,7.53,3.3,215.4,503.5,232
"646",20200401,163000,1575,7.3,3.21,215.7,497,226
"647",20200401,163100,1542,7.15,3.13,215.6,504.5,222
"648",20200401,163200,1491,6.92,3.04,215.8,498.6,217
"649",20200401,163300,1440,6.69,2.96,215.6,499.7,208
"650",20200401,163400,1395,6.49,2.85,215.6,499.6,203
"651",20200401,163500,1362,6.33,2.79,215.4,501,199
"652",20200401,163600,1302,6.07,2.72,215.3,491,194
"653",20200401,163700,1277,5.94,2.66,215.1,490.8,191
"654",20200401,163800,1239,5.78,2.58,215,492.2,187
"655",20200401,163900,1206,5.61,2.52,215.3,493,182
"656",20200401,164000,1176,5.47,2.44,215.4,491.3,178
"657",20200401,164100,1143,5.32,2.4,215.3,491.1,175
"658",20200401,164200,1113,5.19,2.33,214.8,492.4,170
"659",20200401,164300,1083,5.04,2.27,214.9,490.6,165
"660",20200401,164400,1025,4.77,2.19,215.2,480.8,161
"661",20200401,164500,995,4.62,2.1,215.1,482.6,156
"662",20200401,164600,963,4.48,2.04,215.3,482.9,152
"663",20200401,164700,925,4.32,1.97,214.8,482.9,147
"664",20200401,164800,891,4.15,1.91,215.2,478.3,143
"665",20200401,164900,859,4.01,1.83,215.2,482.7,138
"666",20200401,165000,813,3.78,1.77,215.1,472.6,135
"667",20200401,165100,783,3.65,1.73,214.9,468.8,130
"668",20200401,165200,750,3.5,1.63,215.1,471.8,124
"669",20200401,165300,715,3.32,1.58,215.3,468.6,121
"670",20200401,165400,666,3.09,1.52,215.4,453.8,115
"671",20200401,165500,603,2.79,1.39,215.3,449.3,112
"672",20200401,165600,474,2.2,1.2,215.2,429.2,108
"673",20200401,165700,370,1.73,0.99,214.9,401.4,103
"674",20200401,165800,282,1.32,0.74,215.1,424.7,98
"675",20200401,165900,210,0.98,0.52,215.1,449.2,95
"676",20200401,170000,213,0.99,0.45,215.3,522.6,91
"677",20200401,170100,198,0.94,0.43,215,512.7,88
"678",20200401,170200,188,0.89,0.42,214.5,503.8,83
"679",20200401,170300,183,0.87,0.41,214.4,504.3,71
"680",20200401,170400,177,0.84,0.4,214.6,499.7,47
"681",20200401,170500,171,0.82,0.39,214.4,503.9,28
"682",20200401,170600,168,0.79,0.37,214.2,500.4,25
"683",20200401,170700,162,0.77,0.37,214.3,499.8,24
"684",20200401,170800,156,0.74,0.36,214.4,495.3,22
"685",20200401,170900,149,0.71,0.35,214.4,494.6,19
"686",20200401,171000,145,0.68,0.34,214.2,494,22
"687",20200401,171100,138,0.66,0.33,214.3,494.2,21
"688",20200401,171200,132,0.63,0.32,214.6,494.3,21
"689",20200401,171300,127,0.6,0.31,214.8,493.4,18
"690",20200401,171400,120,0.57,0.3,214.9,485.1,18
"691",20200401,171500,114,0.54,0.29,214.6,484.6,18
"692",20200401,171600,105,0.51,0.27,214.8,485.5,16
"693",20200401,171700,99,0.48,0.25,214.8,503.2,15
"694",20200401,171800,95,0.45,0.25,214.7,481.6,15
"695",20200401,171900,90,0.42,0.23,214.6,495,15
"696",20200401,172000,81,0.39,0.21,214.5,495.2,13
"697",20200401,172100,75,0.37,0.21,214.9,475.3,12
"698",20200401,172200,69,0.34,0.19,215,497.2,12
"699",20200401,172300,65,0.31,0.19,215,468,10
"700",20200401,172400,57,0.29,0.18,214.8,466,10
"701",20200401,172500,53,0.26,0.17,215,469.1,10
"702",20200401,172600,48,0.24,0.15,215.1,472.3,9
"703",20200401,172700,39,0.21,0.15,215.2,469.6,9
"704",20200401,172800,33,0.18,0.13,214.9,455.7,7
"705",20200401,172900,27,0.15,0.11,215,469.4,7
"706",20200401,173000,23,0.13,0.1,215.3,467.6,6
"707",20200401,173100,16,0.11,0.1,215.4,465.2,6
"708",20200401,173200,12,0.1,0.09,215.4,439.6,4
"709",20200401,173300,6,0.08,0.07,215.1,461.6,1
"710",20200401,173400,3,0.08,0.07,215.4,459.5,3
"711",20200401,173500,0,0.07,0.06,214.8,458.6,1
"712",20200401,173600,0,0.07,0.05,214.5,429.3,1
"713",20200401,173700,0,0.07,0.04,214.4,418.2,0
"714",20200401,173800,0,0.07,0.03,214.3,396.6,0
"715",20200401,173900,0,0.09,0.03,214.6,360.7,0
"716",20200401,174000,0,0.09,0,214.6,512,0
"717",20200401,174100,0,0.09,0,214.6,504.1,0
"718",20200401,174200,0,0.09,0,214.6,490,0
"719",20200401,174300,0,0.09,0,214.6,484,0
"720",20200401,174400,0,0.09,0,214.6,484,0
"721",20200401,174500,0,0.09,0,214.6,457.3,0
"722",20200401,174600,0,0.09,0,214.6,457.3,0
"723",20200401,174700,0,0.09,0,214.6,423.7,0
"724",20200401,174800,0,0.09,0,214.6,423.7,0
"725",20200401,174900,0,0.09,0,214.6,386.6,0
"726",20200401,175000,0,0.09,0,214.6,365.9,0
"727",20200401,175100,0,0.09,0,214.6,336.3,0
"728",20200401,175200,0,0.09,0,214.6,313.3,0
"729",20200401,175300,0,0.09,0,214.6,313.3,0
"730",20200401,175400,0,0.09,0,214.6,244.4,0
"731",20200401,175500,0,0.09,0,214.6,199.4,0
"732",20200401,175600,0,0.09,0,214.6,138.2,0
"733",20200401,175700,0,0.09,0,214.6,100.5,0
"734",20200401,175800,0,0.09,0,214.6,100.5,0
"735",20200401,175900,0,0.09,0,214.6,63.3,0
"736",20200401,180000,0,0.09,0,214.6,52.7,0
"737",20200401,180100,0,0.09,0,214.6,50.1,0
"738",20200401,180200,0,0.09,0,214.6,48.3,0
"739",20200401,180300,0,0.09,0,214.6,46.8,0
"740",20200401,180400,0,0.09,0,214.6,45.7,0
"741",20200401,180500,0,0.09,0,214.6,44.8,0
"742",20200401,180600,0,0.09,0,214.6,44,0
"743",20200401,180700,0,0.09,0,214.6,43.5,0
"744",20200401,180800,0,0.09,0,214.6,43,0
"745",20200401,180900,0,0.09,0,214.6,42.7,0
"746",20200401,181000,0,0.09,0,214.6,42.3,0
"747",20200401,181100,0,0.09,0,214.6,42.3,0
"748",20200401,181200,0,0.09,0,214.6,42.1,0
"749",20200401,181300,0,0.09,0,214.6,42.1,0
"750",20200401,181400,0,0.09,0,214.6,42.1,0
"751",20200401,181500,0,0.09,0,214.6,42.1,0
"752",20200401,181600,0,0.09,0,214.6,41.9,0
"753",20200401,181700,0,0.09,0,214.6,41.9,0
"754",20200401,181800,0,0.09,0,214.6,42.2,0
"755",20200401,181900,0,0.09,0,214.6,42.2,0
"756",20200401,182000,0,0.09,0,214.6,41.1,0
"757",20200401,182100,0,0.09,0,214.6,41.1,0
"758",20200401,182200,0,0.09,0,214.6,40.5,0
"759",20200401,182300,0,0.09,0,214.6,40.5,0
"760",20200401,182400,0,0.09,0,214.6,40.2,0
"761",20200401,182500,0,0.09,0,214.6,40.2,0
"762",20200401,182600,0,0.09,0,214.6,40.1,0
"763",20200401,182700,0,0.09,0,214.6,40.1,0
"764",20200401,182800,0,0.09,0,214.6,40.1,0
"765",20200401,182900,0,0.09,0,214.6,40.1,0
"766",20200401,183000,0,0.09,0,214.6,40,0
"767",20200401,183100,0,0.09,0,214.6,40,0
"768",20200401,183200,0,0.09,0,214.6,39.9,0
"769",20200401,183300,0,0.09,0,214.6,39.9,0
"770",20200401,183400,0,0.09,0,214.6,39.9,0
"771",20200401,183500,0,0.09,0,214.6,39.9,0
"772",20200401,183600,0,0.09,0,214.6,40,0
"773",20200401,183700,0,0.09,0,214.6,39.9,0
"774",20200401,183800,0,0.09,0,214.6,39.9,0
"775",20200401,183900,0,0.09,0,214.6,39.8,0
"776",20200401,184000,0,0.09,0,214.6,39.8,0
"777",20200401,184100,0,0.09,0,214.6,39.7,0
"778",20200401,184200,0,0.09,0,214.6,39.7,0
"779",20200401,184300,0,0.09,0,214.6,39.6,0
"780",20200401,184400,0,0.09,0,214.6,39.6,0
"781",20200401,184500,0,0.09,0,214.6,39.7,0
"782",20200401,184600,0,0.09,0,214.6,39.6,0
"783",20200401,184700,0,0.09,0,214.6,39.6,0
"784",20200401,184800,0,0.09,0,214.6,39.6,0
"785",20200401,184900,0,0.09,0,214.6,39.6,0
"786",20200401,185000,0,0.09,0,214.6,39.5,0
"787",20200401,185100,0,0.09,0,214.6,39.5,0
"788",20200401,185200,0,0.09,0,214.6,39.5,0
"789",20200401,185300,0,0.09,0,214.6,39.5,0
"790",20200401,185400,0,0.09,0,214.6,39.5,0
"791",20200401,185500,0,0.09,0,214.6,39.6,0
"792",20200401,185600,0,0.09,0,214.6,39.6,0
"793",20200401,185700,0,0.09,0,214.6,39.6,0
"794",20200401,185800,0,0.09,0,214.6,39.6,0
"795",20200401,185900,0,0.09,0,214.6,39.6,0
"796",20200401,190000,0,0.09,0,214.6,39.6,0
"797",20200401,190100,0,0.09,0,214.6,39.5,0
"798",20200401,190200,0,0.09,0,214.6,39.5,0
"799",20200401,190300,0,0.09,0,214.6,39.6,0
"800",20200401,190400,0,0.09,0,214.6,39.6,0
"801",20200401,190500,0,0.09,0,214.6,39.6,0
"802",20200401,190600,0,0.09,0,214.6,39.6,0
"803",20200401,190700,0,0.09,0,214.6,39.8,0
"804",20200401,190800,0,0.09,0,214.6,39.8,0
"805",20200401,190900,0,0.09,0,214.6,40,0
"806",20200401,191000,0,0.09,0,214.6,40,0
"807",20200401,191100,0,0.09,0,214.6,40.1,0
"808",20200401,191200,0,0.09,0,214.6,40.1,0
"809",20200401,191300,0,0.09,0,214.6,40.1,0
"810",20200401,191400,0,0.09,0,214.6,40.1,0
"811",20200401,191500,0,0.09,0,214.6,40,0
"812",20200401,191600,0,0.09,0,214.6,40,0
"813",20200401,191700,0,0.09,0,214.6,39.8,0
"814",20200401,191800,0,0.09,0,214.6,39.7,0
"815",20200401,191900,0,0.09,0,214.6,39.8,0
"816",20200401,192000,0,0.09,0,214.6,39.8,0
"817",20200401,192100,0,0.09,0,214.6,39.9,0
"818",20200401,192200,0,0.09,0,214.6,40,0
"819",20200401,192300,0,0.09,0,214.6,40.1,0
"820",20200401,192400,0,0.09,0,214.6,40.1,0
"821",20200401,192500,0,0.09,0,214.6,40.2,0
"822",20200401,192600,0,0.09,0,214.6,40.2,0
"823",20200401,192700,0,0.09,0,214.6,40.2,0
"824",20200401,192800,0,0.09,0,214.6,40.3,0
"825",20200401,192900,0,0.09,0,214.6,40.2,0
"826",20200401,193000,0,0.09,0,214.6,40.1,0
"827",20200401,193100,0,0.09,0,214.6,40.1,0
"828",20200401,193200,0,0.09,0,214.6,40.1,0
"829",20200401,193300,0,0.09,0,214.6,40.1,0
"830",20200401,193400,0,0.09,0,214.6,40.1,0
"831",20200401,193500,0,0.09,0,214.6,40.1,0
"832",20200401,193600,0,0.09,0,214.6,40.2,0
"833",20200401,193700,0,0.09,0,214.6,40.2,0
"834",20200401,193800,0,0.09,0,214.6,40.2,0
"835",20200401,193900,0,0.09,0,214.6,40.2,0
"836",20200401,194000,0,0.09,0,214.6,40.1,0
"837",20200401,194100,0,0.09,0,214.6,40.1,0
"838",20200401,194200,0,0.09,0,214.6,40.1,0
"839",20200401,194300,0,0.09,0,214.6,40.1,0
"840",20200401,194400,0,0.09,0,214.6,40.1,0
"841",20200401,194500,0,0.09,0,214.6,40.1,0
"842",20200401,194600,0,0.09,0,214.6,40.1,0
"843",20200401,194700,0,0.09,0,214.6,40.1,0
"844",20200401,194800,0,0.09,0,214.6,40.1,0
"845",20200401,194900,0,0.09,0,214.6,40.1,0
"846",20200401,195000,0,0.09,0,214.6,40.3,0
"847",20200401,195100,0,0.09,0,214.6,40.3,0
"848",20200401,195200,0,0.09,0,214.6,40.4,0
"849",20200401,195300,0,0.09,0,214.6,40.4,0
"850",20200401,195400,0,0.09,0,214.6,40.4,0
"851",20200401,195500,0,0.09,0,214.6,40.4,0
"852",20200401,195600,0,0.09,0,214.6,40.3,0
"853",20200401,195700,0,0.09,0,214.6,40.2,0
"854",20200401,195800,0,0.09,0,214.6,40.1,0
"855",20200401,195900,0,0.09,0,214.6,40,0
"856",20200401,200000,0,0.09,0,214.6,39.9,0
"857",20200401,200100,0,0.09,0,214.6,39.8,0
"858",20200401,200200,0,0.09,0,214.6,39.7,0
"859",20200401,200300,0,0.09,0,214.6,39.6,0
"860",20200401,200400,0,0.09,0,214.6,39.5,0
"861",20200401,200500,0,0.09,0,214.6,39.4,0
"862",20200401,200600,0,0.09,0,214.6,39.3,0
"863",20200401,200700,0,0.09,0,214.6,39.2,0
"864",20200401,200800,0,0.09,0,214.6,39.2,0
"865",20200401,200900,0,0.09,0,214.6,39.2,0
"866",20200401,201000,0,0.09,0,214.6,39.2,0
"867",20200401,201100,0,0.09,0,214.6,39.1,0
"868",20200401,201200,0,0.09,0,214.6,39.1,0
"869",20200401,201300,0,0.09,0,214.6,39.2,0
"870",20200401,201400,0,0.09,0,214.6,39.2,0
"871",20200401,201500,0,0.09,0,214.6,39.4,0
"872",20200401,201600,0,0.09,0,214.6,39.4,0
"873",20200401,201700,0,0.09,0,214.6,39.4,0
"874",20200401,201800,0,0.09,0,214.6,39.4,0
"875",20200401,201900,0,0.09,0,214.6,39.5,0
"876",20200401,202000,0,0.09,0,214.6,39.5,0
"877",20200401,202100,0,0.09,0,214.6,39.6,0
"878",20200401,202200,0,0.09,0,214.6,39.6,0
"879",20200401,202300,0,0.09,0,214.6,39.5,0
"880",20200401,202400,0,0.09,0,214.6,39.5,0
"881",20200401,202500,0,0.09,0,214.6,39.3,0
"882",20200401,202600,0,0.09,0,214.6,39.3,0
"883",20200401,202700,0,0.09,0,214.6,39.1,0
"884",20200401,202800,0,0.09,0,214.6,39.1,0
"885",20200401,202900,0,0.09,0,214.6,38.9,0
"886",20200401,203000,0,0.09,0,214.6,38.9,0
"887",20200401,203100,0,0.09,0,214.6,39,0
"888",20200401,203200,0,0.09,0,214.6,39,0
"889",20200401,203300,0,0.09,0,214.6,39.1,0
"890",20200401,203400,0,0.09,0,214.6,39.1,0
"891",20200401,203500,0,0.09,0,214.6,39.2,0
"892",20200401,203600,0,0.09,0,214.6,39.2,0
"893",20200401,203700,0,0.09,0,214.6,39.2,0
"894",20200401,203800,0,0.09,0,214.6,39.2,0
"895",20200401,203900,0,0.09,0,214.6,39.2,0
"896",20200401,204000,0,0.09,0,214.6,39.2,0
"897",20200401,204100,0,0.09,0,214.6,39.2,0
"898",20200401,204200,0,0.09,0,214.6,39.1,0
"899",20200401,204300,0,0.09,0,214.6,39.1,0
"900",20200401,204400,0,0.09,0,214.6,39.1,0
"901",20200401,204500,0,0.09,0,214.6,39.1,0
"902",20200401,204600,0,0.09,0,214.6,39,0
"903",20200401,204700,0,0.09,0,214.6,38.9,0
"904",20200401,204800,0,0.09,0,214.6,38.8,0
"905",20200401,204900,0,0.09,0,214.6,38.7,0
"906",20200401,205000,0,0.09,0,214.6,38.7,0
"907",20200401,205100,0,0.09,0,214.6,38.8,0
"908",20200401,205200,0,0.09,0,214.6,38.9,0
"909",20200401,205300,0,0.09,0,214.6,38.9,0
"910",20200401,205400,0,0.09,0,214.6,38.8,0
"911",20200401,205500,0,0.09,0,214.6,38.8,0
"912",20200401,205600,0,0.09,0,214.6,38.8,0
"913",20200401,205700,0,0.09,0,214.6,38.8,0
"914",20200401,205800,0,0.09,0,214.6,38.6,0
"915",20200401,205900,0,0.09,0,214.6,38.6,0
"916",20200401,210000,0,0.09,0,214.6,38.5,0
"917",20200401,210100,0,0.09,0,214.6,38.5,0
"918",20200401,210200,0,0.09,0,214.6,38.5,0
"919",20200401,210300,0,0.09,0,214.6,38.5,0
"920",20200401,210400,0,0.09,0,214.6,38.5,0
"921",20200401,210500,0,0.09,0,214.6,38.5,0
"922",20200401,210600,0,0.09,0,214.6,38.5,0
"923",20200401,210700,0,0.09,0,214.6,38.5,0
"924",20200401,210800,0,0.09,0,214.6,38.4,0
"925",20200401,210900,0,0.09,0,214.6,38.4,0
"926",20200401,211000,0,0.09,0,214.6,38.4,0
"927",20200401,211100,0,0.09,0,214.6,38.4,0
"928",20200401,211200,0,0.09,0,214.6,38.4,0
"929",20200401,211300,0,0.09,0,214.6,38.4,0
"930",20200401,211400,0,0.09,0,214.6,38.4,0
"931",20200401,211500,0,0.09,0,214.6,38.4,0
"932",20200401,211600,0,0.09,0,214.6,38.5,0
"933",20200401,211700,0,0.09,0,214.6,38.5,0
"934",20200401,211800,0,0.09,0,214.6,39.7,0
"935",20200401,211900,0,0.09,0,214.6,40,0
"936",20200401,212000,0,0.09,0,214.6,40.2,0
"937",20200401,212100,0,0.09,0,214.6,40.3,0
"938",20200401,212200,0,0.09,0,214.6,40.4,0
"939",20200401,212300,0,0.09,0,214.6,40.4,0
"940",20200401,212400,0,0.09,0,214.6,40.6,0
"941",20200401,212500,0,0.09,0,214.6,40.7,0
"942",20200401,212600,0,0.09,0,214.6,40.8,0
"943",20200401,212700,0,0.09,0,214.6,40.8,0
"944",20200401,212800,0,0.09,0,214.6,40.7,0
"945",20200401,212900,0,0.09,0,214.6,40.6,0
"946",20200401,213000,0,0.09,0,214.6,40.6,0
"947",20200401,213100,0,0.09,0,214.6,40.5,0
"948",20200401,213200,0,0.09,0,214.6,40.4,0
"949",20200401,213300,0,0.09,0,214.6,40.4,0
"950",20200401,213400,0,0.09,0,214.6,40.4,0
"951",20200401,213500,0,0.09,0,214.6,40.5,0
"952",20200401,213600,0,0.09,0,214.6,40.5,0
"953",20200401,213700,0,0.09,0,214.6,40.5,0
"954",20200401,213800,0,0.09,0,214.6,40.5,0
"955",20200401,213900,0,0.09,0,214.6,40.6,0
"956",20200401,214000,0,0.09,0,214.6,40.6,0
"957",20200401,214100,0,0.09,0,214.6,40.6,0
"958",20200401,214200,0,0.09,0,214.6,40.6,0
"959",20200401,214300,0,0.09,0,214.6,40.5,0
"960",20200401,214400,0,0.09,0,214.6,40.5,0
"961",20200401,214500,0,0.09,0,214.6,40.6,0
"962",20200401,214600,0,0.09,0,214.6,40.6,0
"963",20200401,214700,0,0.09,0,214.6,40.5,0
"964",20200401,214800,0,0.09,0,214.6,40.5,0
"965",20200401,214900,0,0.09,0,214.6,40.3,0
"966",20200401,215000,0,0.09,0,214.6,40.3,0
"967",20200401,215100,0,0.09,0,214.6,40,0
"968",20200401,215200,0,0.09,0,214.6,40,0
"969",20200401,215300,0,0.09,0,214.6,39.9,0
"970",20200401,215400,0,0.09,0,214.6,39.9,0
"971",20200401,215500,0,0.09,0,214.6,39.9,0
"972",20200401,215600,0,0.09,0,214.6,39.9,0
"973",20200401,215700,0,0.09,0,214.6,39.8,0
"974",20200401,215800,0,0.09,0,214.6,39.8,0
"975",20200401,215900,0,0.09,0,214.6,39.7,0
"976",20200401,220000,0,0.09,0,214.6,39.7,0
"977",20200401,220100,0,0.09,0,214.6,39.7,0
"978",20200401,220200,0,0.09,0,214.6,39.8,0
"979",20200401,220300,0,0.09,0,214.6,39.8,0
"980",20200401,220400,0,0.09,0,214.6,39.8,0
"981",20200401,220500,0,0.09,0,214.6,39.8,0
"982",20200401,220600,0,0.09,0,214.6,39.8,0
"983",20200401,220700,0,0.09,0,214.6,39.8,0
"984",20200401,220800,0,0.09,0,214.6,39.8,0
"985",20200401,220900,0,0.09,0,214.6,39.8,0
"986",20200401,221000,0,0.09,0,214.6,39.8,0
"987",20200401,221100,0,0.09,0,214.6,39.8,0
"988",20200401,221200,0,0.09,0,214.6,39.8,0
"989",20200401,221300,0,0.09,0,214.6,39.8,0
"990",20200401,221400,0,0.09,0,214.6,39.9,0
"991",20200401,221500,0,0.09,0,214.6,39.9,0
"992",20200401,221600,0,0.09,0,214.6,40.1,0
"993",20200401,221700,0,0.09,0,214.6,40.1,0
"994",20200401,221800,0,0.09,0,214.6,40.1,0
"995",20200401,221900,0,0.09,0,214.6,40.1,0
"996",20200401,222000,0,0.09,0,214.6,40.1,0
"997",20200401,222100,0,0.09,0,214.6,40.1,0
"998",20200401,222200,0,0.09,0,214.6,40.3,0
"999",20200401,222300,0,0.09,0,214.6,40.3,0
"1000",20200401,222400,0,0.09,0,214.6,40.3,0
"1001",20200401,222500,0,0.09,0,214.6,40.3,0
"1002",20200401,222600,0,0.09,0,214.6,40.3,0
"1003",20200401,222700,0,0.09,0,214.6,40.3,0
"1004",20200401,222800,0,0.09,0,214.6,40.1,0
"1005",20200401,222900,0,0.09,0,214.6,40.1,0
"1006",20200401,223000,0,0.09,0,214.6,40.3,0
"1007",20200401,223100,0,0.09,0,214.6,40.3,0
"1008",20200401,223200,0,0.09,0,214.6,40.4,0
"1009",20200401,223300,0,0.09,0,214.6,40.4,0
"1010",20200401,223400,0,0.09,0,214.6,40.4,0
"1011",20200401,223500,0,0.09,0,214.6,40.4,0
"1012",20200401,223600,0,0.09,0,214.6,40.5,0
"1013",20200401,223700,0,0.09,0,214.6,40.5,0
"1014",20200401,223800,0,0.09,0,214.6,40.6,0
"1015",20200401,223900,0,0.09,0,214.6,40.6,0
"1016",20200401,224000,0,0.09,0,214.6,40.6,0
"1017",20200401,224100,0,0.09,0,214.6,40.6,0
"1018",20200401,224200,0,0.09,0,214.6,40.5,0
"1019",20200401,224300,0,0.09,0,214.6,40.5,0
"1020",20200401,224400,0,0.09,0,214.6,40.5,0
"1021",20200401,224500,0,0.09,0,214.6,40.4,0
"1022",20200401,224600,0,0.09,0,214.6,40.2,0
"1023",20200401,224700,0,0.09,0,214.6,40.2,0
"1024",20200401,224800,0,0.09,0,214.6,40.1,0
"1025",20200401,224900,0,0.09,0,214.6,40.3,0
"1026",20200401,225000,0,0.09,0,214.6,40.4,0
"1027",20200401,225100,0,0.09,0,214.6,40.5,0
"1028",20200401,225200,0,0.09,0,214.6,40.5,0
"1029",20200401,225300,0,0.09,0,214.6,40.5,0
"1030",20200401,225400,0,0.09,0,214.6,40.5,0
"1031",20200401,225500,0,0.09,0,214.6,40.7,0
"1032",20200401,225600,0,0.09,0,214.6,40.7,0
"1033",20200401,225700,0,0.09,0,214.6,40.8,0
"1034",20200401,225800,0,0.09,0,214.6,40.8,0
"1035",20200401,225900,0,0.09,0,214.6,41,0
"1036",20200401,230000,0,0.09,0,214.6,41,0
"1037",20200401,230100,0,0.09,0,214.6,41,0
"1038",20200401,230200,0,0.09,0,214.6,41,0
"1039",20200401,230300,0,0.09,0,214.6,41.3,0
"1040",20200401,230400,0,0.09,0,214.6,41.3,0
"1041",20200401,230500,0,0.09,0,214.6,41.3,0
"1042",20200401,230600,0,0.09,0,214.6,41.3,0
"1043",20200401,230700,0,0.09,0,214.6,41.2,0
"1044",20200401,230800,0,0.09,0,214.6,41.2,0
"1045",20200401,230900,0,0.09,0,214.6,40.9,0
"1046",20200401,231000,0,0.09,0,214.6,40.9,0
"1047",20200401,231100,0,0.09,0,214.6,40.7,0
"1048",20200401,231200,0,0.09,0,214.6,40.7,0
"1049",20200401,231300,0,0.09,0,214.6,40.8,0
"1050",20200401,231400,0,0.09,0,214.6,40.8,0
"1051",20200401,231500,0,0.09,0,214.6,40.8,0
"1052",20200401,231600,0,0.09,0,214.6,40.8,0
"1053",20200401,231700,0,0.09,0,214.6,40.8,0
"1054",20200401,231800,0,0.09,0,214.6,40.7,0
"1055",20200401,231900,0,0.09,0,214.6,40.8,0
"1056",20200401,232000,0,0.09,0,214.6,40.7,0
"1057",20200401,232100,0,0.09,0,214.6,40.7,0
"1058",20200401,232200,0,0.09,0,214.6,40.7,0
"1059",20200401,232300,0,0.09,0,214.6,40.8,0
"1060",20200401,232400,0,0.09,0,214.6,40.8,0
"1061",20200401,232500,0,0.09,0,214.6,41,0
"1062",20200401,232600,0,0.09,0,214.6,41,0
"1063",20200401,232700,0,0.09,0,214.6,41,0
"1064",20200401,232800,0,0.09,0,214.6,41,0
"1065",20200401,232900,0,0.09,0,214.6,41,0
"1066",20200401,233000,0,0.09,0,214.6,40.9,0
"1067",20200401,233100,0,0.09,0,214.6,41,0
"1068",20200401,233200,0,0.09,0,214.6,41.1,0
"1069",20200401,233300,0,0.09,0,214.6,41,0
"1070",20200401,233400,0,0.09,0,214.6,41,0
"1071",20200401,233500,0,0.09,0,214.6,41,0
"1072",20200401,233600,0,0.09,0,214.6,41,0
"1073",20200401,233700,0,0.09,0,214.6,41,0
"1074",20200401,233800,0,0.09,0,214.6,41.1,0
"1075",20200401,233900,0,0.09,0,214.6,41.1,0
"1076",20200401,234000,0,0.09,0,214.6,41.4,0
"1077",20200401,234100,0,0.09,0,214.6,41.4,0
"1078",20200401,234200,0,0.09,0,214.6,41.5,0
"1079",20200401,234300,0,0.09,0,214.6,41.5,0
"1080",20200401,234400,0,0.09,0,214.6,41.6,0
"1081",20200401,234500,0,0.09,0,214.6,41.6,0
"1082",20200401,234600,0,0.09,0,214.6,41.5,0
"1083",20200401,234700,0,0.09,0,214.6,41.5,0
"1084",20200401,234800,0,0.09,0,214.6,41.7,0
"1085",20200401,234900,0,0.09,0,214.6,41.7,0
"1086",20200401,235000,0,0.09,0,214.6,41.9,0
"1087",20200401,235100,0,0.09,0,214.6,41.9,0
"1088",20200401,235200,0,0.09,0,214.6,42.1,0
"1089",20200401,235300,0,0.09,0,214.6,42.1,0
"1090",20200401,235400,0,0.09,0,214.6,42.3,0
"1091",20200401,235500,0,0.09,0,214.6,42.3,0
"1092",20200401,235600,0,0.09,0,214.6,42.4,0
"1093",20200401,235700,0,0.09,0,214.6,42.4,0
