"","DIA","TIME","IRR","TEMP","MA","PDC"
"1",1,1,6,24.02,0.47144,47.12
"2",1,2,13.3,24.09,0.47156,107
"3",1,3,24.4,24.13,0.47167,204.55
"4",1,4,37.2,24.35,0.47178,318.77
"5",1,5,51.1,24.63,0.47192,444.81
"6",1,6,67.1,24.92,0.47204,603.88
"7",1,7,81.4,25.26,0.47214,731.16
"8",1,8,95.5,25.57,0.47222,864.13
"9",1,9,120.4,25.89,0.47234,1071.3
"10",1,10,153.7,26.43,0.4724,1420.72
"11",1,11,177.3,27.25,0.47244,1638.06
"12",1,12,229.1,27.71,0.47251,2152.58
"13",1,13,279.4,28.06,0.47263,2644.35
"14",1,14,345,28.24,0.47276,3288.82
"15",1,15,386,28.52,0.47288,3693.54
"16",1,16,313.7,28.43,0.47301,2960.79
"17",1,17,292.6,28.58,0.47315,2746.5
"18",1,18,242.8,28.63,0.47331,2279.89
"19",1,19,390.9,29.48,0.47343,3676.7
"20",1,20,379.1,29.95,0.47351,3482.43
"21",1,21,372.8,30.51,0.47358,3439.73
"22",1,22,405,30.53,0.47366,3711.07
"23",1,23,593.4,30.94,0.47375,5403.12
"24",1,24,742.4,32.13,0.47388,6735.85
"25",1,25,454.7,31.43,0.474,4154.66
"26",1,26,484.1,30.99,0.47413,4433.27
"27",1,27,431.7,31.34,0.47426,3889.54
"28",1,28,359.8,30.84,0.47439,3270.02
"29",1,29,312.2,30.24,0.47449,2856.49
"30",1,30,427.8,30.43,0.47459,3863.58
"31",1,31,611.4,31.42,0.47469,5166.87
"32",1,32,773.3,33.02,0.47482,6021.73
"33",1,33,629.9,31.91,0.47495,5186.4
"34",1,34,1023.6,34.11,0.47509,7196.37
"35",1,35,916.4,33.96,0.47518,5946.54
"36",1,36,579.7,33.38,0.47529,4849.52
"37",1,37,729.4,33.83,0.47543,5181.07
"38",1,38,216,29.94,0.47553,1938.96
"39",1,39,522.8,29.96,0.47558,4607.78
"40",1,40,514.2,30.07,0.47574,4262.91
"41",1,41,200.5,22.42,0.47588,1873.28
"42",1,42,134.5,21.73,0.47598,1237
"43",1,43,182.7,22.19,0.47599,1671.77
"44",1,44,266.5,22.41,0.476,2477.78
"45",1,45,672.3,25.19,0.47595,5771.5
"46",1,46,823.4,28.16,0.47594,6361.65
"47",1,47,708.2,28.09,0.47598,6022.37
"48",1,48,358.8,26.94,0.47607,3185.79
"49",1,49,353.9,26.6,0.47621,3247.74
"50",1,50,405.4,26.06,0.47642,3752.45
"51",1,51,283.1,25.91,0.47661,2586.85
"52",1,52,216.4,25.23,0.47671,1970.27
"53",1,53,317.8,25.24,0.4769,2916.4
"54",1,54,301.2,25.78,0.47696,2730.77
"55",1,55,303.9,26.02,0.47705,2741.82
"56",1,56,346.3,25.67,0.47723,3172.92
"57",1,57,372,26.78,0.47729,3399.31
"58",1,58,394.1,27.74,0.47734,3598.52
"59",1,59,371.6,27.81,0.47738,3373.17
"60",1,60,430.7,28.06,0.47745,3911.7
"61",1,61,400.9,27.91,0.4776,3608.32
"62",1,62,297,27.68,0.47767,2700.31
"63",1,63,251.7,27.42,0.47775,2274.86
"64",1,64,227.8,27,0.47792,2065.47
"65",1,65,206.5,26.64,0.47815,1904.8
"66",1,66,168.7,26.56,0.47822,1546.11
"67",1,67,126.1,26.31,0.47828,1145.9
"68",1,68,154.9,26.46,0.47833,1410.98
"69",1,69,150.4,26.62,0.47839,1366.21
"70",1,70,126.6,26.59,0.47842,1149.4
"71",1,71,107.7,26.47,0.47848,973.52
"72",1,72,88.2,26.26,0.47857,788.2
"73",1,73,63.9,26.09,0.47866,562.9
"74",1,74,49.4,26.06,0.47875,429.85
"75",1,75,36.2,26.03,0.47877,308.13
"76",1,76,25.1,25.99,0.47878,208.09
"77",1,77,20.5,25.81,0.47878,164.88
"78",1,78,13.5,25.66,0.47885,103.26
"79",1,79,4,25.47,0.47894,35
"80",1,80,0.6,25.23,0.47899,12.44
"81",2,1,7.75,23.46,0.48401,57.18
"82",2,2,14.7,23.48,0.48411,122.63
"83",2,3,27.7,23.55,0.48419,241.68
"84",2,4,48.5,23.59,0.48429,429.6
"85",2,5,63.3,23.66,0.48436,575.57
"86",2,6,74.3,23.64,0.48445,673.28
"87",2,7,88.2,23.56,0.48456,806.52
"88",2,8,96.9,23.53,0.48464,891.45
"89",2,9,110.9,23.66,0.48468,1018.32
"90",2,10,129.1,23.67,0.48477,1199.63
"91",2,11,145.3,23.83,0.48483,1349.04
"92",2,12,176,23.83,0.48494,1647.89
"93",2,13,203.9,24.09,0.48502,1919.3
"94",2,14,243.1,24.21,0.48515,2317.61
"95",2,15,313.2,24.75,0.48523,3010.54
"96",2,16,354.2,25.14,0.48532,3389.31
"97",2,17,377.3,25.34,0.48539,3616.29
"98",2,18,348.6,25.56,0.48542,3300.98
"99",2,19,352,25.34,0.48549,3340.74
"100",2,20,377.9,25.71,0.48554,3587.1
"101",2,21,392.4,25.8,0.48562,3710.76
"102",2,22,450.2,26.39,0.48568,4206.51
"103",2,23,465.9,26.64,0.48571,4315.1
"104",2,24,389.1,26.93,0.48575,3592.07
"105",2,25,297.7,27.14,0.48578,2735.61
"106",2,26,336.6,27.41,0.48581,3105.38
"107",2,27,362.2,27.69,0.48586,3365.9
"108",2,28,314.6,27.04,0.48594,2897.6
"109",2,29,454.4,27.47,0.48606,4241.24
"110",2,30,358.2,27.03,0.48616,3354.38
"111",2,31,323,26.87,0.48623,3020.89
"112",2,32,323.6,26.59,0.48631,3012.72
"113",2,33,314.8,26.75,0.48637,2909.98
"114",2,34,310.6,26.64,0.48644,2852.85
"115",2,35,178.6,26.54,0.48647,1613.89
"116",2,36,352.8,26.88,0.48658,3353.7
"117",2,37,223.8,26.46,0.48663,2093.2
"118",2,38,195.8,24.88,0.48665,1802.4
"119",2,39,306.3,24.66,0.4867,2833.74
"120",2,40,307.3,25.28,0.48674,2798.63
"121",2,41,392.9,26.23,0.48677,3605.96
"122",2,42,362.1,26.09,0.48681,3269.56
"123",2,43,187.2,25.84,0.48685,1664.84
"124",2,44,141.6,25.92,0.48687,1260.51
"125",2,45,52.5,24.88,0.4869,458.2
"126",2,46,68.1,22.33,0.48694,612.98
"127",2,47,140.9,22.58,0.48696,1293.84
"128",2,48,166.6,22.92,0.48697,1503.8
"129",2,49,199.8,23.24,0.487,1798.24
"130",2,50,202.3,23.71,0.487,1829.52
"131",2,51,169.2,23.69,0.48699,1513
"132",2,52,161.2,23.29,0.48698,1497.25
"133",2,53,139.8,23.49,0.48696,1290.19
"134",2,54,81,22.82,0.48692,718.18
"135",2,55,61.9,22.6,0.48689,531.36
"136",2,56,87.7,22.98,0.48685,784.96
"137",2,57,137.4,23.62,0.48681,1251.9
"138",2,58,156.4,23.77,0.48676,1433.05
"139",2,59,153,23.88,0.48671,1400.29
"140",2,60,112.2,24.02,0.48667,1001.44
"141",2,61,71.5,23.64,0.48662,620.53
"142",2,62,100.5,23.63,0.48658,898.31
"143",2,63,197.1,24.35,0.48654,1810.53
"144",2,64,89.7,24.04,0.4865,794.04
"145",2,65,65,23.69,0.48645,573.68
"146",2,66,45.9,23.43,0.48641,399.92
"147",2,67,22.6,23.35,0.48637,187.22
"148",2,68,26.9,22.95,0.48633,226.68
"149",2,69,26.9,22.93,0.48629,221.79
"150",2,70,73.5,23.14,0.48625,656.07
"151",2,71,62.9,23.41,0.4862,555.69
"152",2,72,50.2,23.41,0.48615,428.23
"153",2,73,48.3,23.23,0.4861,423.88
"154",2,74,41.7,23.16,0.48605,358.26
"155",2,75,28.2,23.02,0.48601,241.83
"156",2,76,18.8,23.02,0.48596,153.23
"157",2,77,7.4,22.88,0.48592,55.84
"158",2,78,3.3,23.02,0.48587,25.72
"159",2,79,0.2,22.81,0.48583,6.13
"160",3,1,6.5,20.69,0.4826,45.64
"161",3,2,9.9,20.73,0.48253,75.99
"162",3,3,17.9,20.79,0.48247,144.64
"163",3,4,33.8,20.85,0.4824,277.84
"164",3,5,52.2,21.01,0.48233,451.89
"165",3,6,58.6,21.14,0.48227,507.55
"166",3,7,83.8,21.32,0.4822,745.12
"167",3,8,123.3,21.58,0.48213,1107.83
"168",3,9,144.4,21.95,0.48206,1315.99
"169",3,10,136.5,22.04,0.48201,1239.64
"170",3,11,175.4,22.37,0.48194,1614.58
"171",3,12,244.1,23.04,0.48187,2298.45
"172",3,13,286,23.84,0.4818,2660.55
"173",3,14,208.9,23.36,0.48173,1918.35
"174",3,15,178.8,23.6,0.48166,1630.45
"175",3,16,131.1,23.42,0.48159,1192.44
"176",3,17,88.7,23.35,0.48152,797.45
"177",3,18,63,22.75,0.48145,557.29
"178",3,19,99.5,22.85,0.48138,891.3
"179",3,20,154.1,23.38,0.48132,1429.15
"180",3,21,92.5,23.19,0.48125,828.06
"181",3,22,144,22.99,0.48118,1340.63
"182",3,23,117.2,23.14,0.48111,1064.99
"183",3,24,101.1,22.88,0.48105,916.7
"184",3,25,114.9,22.86,0.48098,1049.39
"185",3,26,105.5,23.21,0.48092,947.16
"186",3,27,87.9,23.61,0.48086,779.5
"187",3,28,131.9,24,0.48082,1178.14
"188",3,29,207.2,24.21,0.48079,1909.79
"189",3,30,350.3,25.2,0.48073,3256.19
"190",3,31,418.3,26.29,0.4807,3887.2
"191",3,32,520.6,26.71,0.48067,4789.28
"192",3,33,448,27.8,0.48063,4075.13
"193",3,34,320.4,26.38,0.48058,2935.12
"194",3,35,330.1,25.89,0.48056,3060.74
"195",3,36,554.3,26.38,0.48058,5085.59
"196",3,37,583.1,26.61,0.48058,5285.76
"197",3,38,538.4,27.96,0.48056,4736.03
"198",3,39,449.7,27.66,0.48052,4068.48
"199",3,40,622.6,28.5,0.4805,5625.69
"200",3,41,548.4,28.1,0.48048,4436.16
"201",3,42,317.7,28.2,0.48044,2871.28
"202",3,43,531.6,28.37,0.48043,4947.44
"203",3,44,624.1,28.91,0.48045,5528.96
"204",3,45,948.6,30.11,0.48044,7048.24
"205",3,46,695.8,29.78,0.48044,5928.93
"206",3,47,1078.9,29.9,0.48046,7852.34
"207",3,48,891.3,30.8,0.48048,7090.63
"208",3,49,738,31.08,0.48048,5213.79
"209",3,50,772.8,29.96,0.48049,5954.53
"210",3,51,974.9,31.31,0.48045,6887.72
"211",3,52,570,30.61,0.48047,4734.46
"212",3,53,402.3,30.41,0.48046,3452.79
"213",3,54,395.4,29.35,0.48051,3458.17
"214",3,55,191.7,27.5,0.48055,1726.33
"215",3,56,715.3,27.98,0.48062,5922.19
"216",3,57,790.6,29.17,0.48069,6102.95
"217",3,58,753.4,28.79,0.48073,6417.66
"218",3,59,698.2,29.62,0.48077,6142.62
"219",3,60,667.8,29.96,0.48079,5878.56
"220",3,61,657.9,29.73,0.48079,5769.87
"221",3,62,626.7,29.91,0.48086,5494.84
"222",3,63,577.4,30.44,0.48089,5096.22
"223",3,64,521.8,30.13,0.48087,4551.58
"224",3,65,436.4,29.92,0.48088,3583.64
"225",3,66,289.3,29.2,0.4809,2118.84
"226",3,67,211,29.21,0.48088,1505.58
"227",3,68,353.8,29.84,0.48085,2134.99
"228",3,69,173.8,30.01,0.4808,1141.23
"229",3,70,185.2,29.76,0.48077,1234.99
"230",3,71,239.6,30.34,0.48073,1350.82
"231",3,72,197.9,29.92,0.48073,1417.27
"232",3,73,227.1,29.89,0.4807,1577.64
"233",3,74,152.2,29.52,0.48068,1061.01
"234",3,75,109.9,29.48,0.48064,856.11
"235",3,76,70.7,29.09,0.48059,588.7
"236",3,77,28.3,27.91,0.48059,246.99
"237",3,78,16.2,26.93,0.48057,137.38
"238",3,79,5.1,26.52,0.48051,49.3
"239",3,80,0.1,26.39,0.48047,6.68
"240",4,1,1.3,19.5,0.48112,0
"241",4,2,5.5,19.72,0.48106,29.74
"242",4,3,11.5,19.79,0.48098,86.53
"243",4,4,24.2,20.46,0.48092,196.82
"244",4,5,44,20.36,0.48084,389.35
"245",4,6,47.9,20.57,0.4808,420.34
"246",4,7,53.6,20.7,0.48074,475.85
"247",4,8,94.1,22.94,0.48067,913.3
"248",4,9,127.7,27.89,0.48061,1301.73
"249",4,10,66.5,27.26,0.48055,649.74
"250",4,11,44.6,23.71,0.48051,403.63
"251",4,12,56.5,23.34,0.48046,525.76
"252",4,13,123.5,23.96,0.48041,1248.79
"253",4,14,188.7,26.4,0.48035,1816.07
"254",4,15,215.6,25.1,0.48031,2070.55
"255",4,16,428.8,28.37,0.48028,4202.56
"256",4,17,290.4,27.71,0.48023,2813.92
"257",4,18,415,28.13,0.48018,4106.3
"258",4,19,348.3,28.5,0.48013,3259.05
"259",4,20,469.7,30.08,0.48007,4435.32
"260",4,21,410.3,29.21,0.48001,3820.17
"261",4,22,689.2,31.88,0.47995,6296.6
"262",4,23,693.4,33.12,0.47991,6396.96
"263",4,24,727,32.19,0.47987,6645.48
"264",4,25,760.2,32.78,0.47981,6850.95
"265",4,26,784.9,33.45,0.47976,7016.42
"266",4,27,823.9,32.91,0.47978,7364.65
"267",4,28,912.6,33.2,0.47974,7987.26
"268",4,29,954.5,33.19,0.47972,7671.37
"269",4,30,919.8,32.41,0.4797,7019.83
"270",4,31,773.6,32.8,0.47971,6382.05
"271",4,32,550.5,31.48,0.47968,5124.01
"272",4,33,996.5,33.93,0.47964,7257.56
"273",4,34,1015.6,32.16,0.47964,7900.2
"274",4,35,1002.9,33.14,0.47959,8430.79
"275",4,36,1002.7,33.73,0.47956,8200.21
"276",4,37,554.4,31.72,0.4795,4523.43
"277",4,38,810.1,31.28,0.4795,6546.14
"278",4,39,990.4,31.78,0.47957,8327.14
"279",4,40,1025.6,31.49,0.47961,8433.59
"280",4,41,1028,30.98,0.47969,8399.7
"281",4,42,941.5,31.56,0.47978,7223.95
"282",4,43,619.9,31.48,0.47983,5403.92
"283",4,44,1096,33.1,0.47989,7779.45
"284",4,45,1045.6,32.87,0.47998,7589.94
"285",4,46,678,33.53,0.48003,5603.56
"286",4,47,812.7,32.35,0.48011,6894.66
"287",4,48,1001.8,33.09,0.48021,8058.96
"288",4,49,937.4,32.88,0.4803,7624.08
"289",4,50,1046.5,33.24,0.48037,8426.73
"290",4,51,853.8,33.99,0.48041,7091.86
"291",4,52,918.2,32.24,0.48052,7699.86
"292",4,53,893,33.58,0.48056,7683.61
"293",4,54,945.4,34.1,0.48061,8012.65
"294",4,55,740.2,34.17,0.4807,6008.06
"295",4,56,849.4,34.41,0.48078,7395.98
"296",4,57,863.9,34.65,0.48092,7448.22
"297",4,58,402.9,32.9,0.48097,3618.81
"298",4,59,562.1,32.12,0.48107,4799.42
"299",4,60,763.1,34.78,0.48116,6566.41
"300",4,61,582.5,32.7,0.48124,5241.6
"301",4,62,508.2,33.48,0.48131,4478.94
"302",4,63,266.8,32.46,0.4814,2349.9
"303",4,64,186.1,30.61,0.48147,1649.58
"304",4,65,182.8,29.84,0.48151,1651.17
"305",4,66,197.9,29.87,0.48153,1799.25
"306",4,67,229.8,30.08,0.48154,2014.08
"307",4,68,273.4,30.73,0.48157,2346.48
"308",4,69,224.2,30.6,0.48159,1945.74
"309",4,70,219.1,30.36,0.48158,1879.58
"310",4,71,190.6,30.57,0.48157,1685.41
"311",4,72,210.6,30.72,0.48161,1667.24
"312",4,73,249.4,33.53,0.48162,1628.09
"313",4,74,193.8,33.76,0.4816,1384.16
"314",4,75,154.8,33.68,0.48161,1140.05
"315",4,76,86,30.4,0.48166,752.88
"316",4,77,52.9,28.63,0.48167,449.76
"317",4,78,38.7,28.51,0.48167,331.27
"318",4,79,30.4,28.61,0.48165,260.9
"319",4,80,17.6,27.98,0.48167,149.31
"320",4,81,5.1,27.59,0.48164,44.19
"321",5,1,5.5,23.39,0.48657,37.52
"322",5,2,10.8,23.45,0.48664,84.99
"323",5,3,25.3,23.54,0.48664,217.8
"324",5,4,35.7,23.76,0.48668,300.9
"325",5,5,42.5,23.84,0.48672,362.33
"326",5,6,60.8,24.03,0.48675,544.7
"327",5,7,80.4,24.5,0.4868,752.61
"328",5,8,93,25.96,0.48685,894.25
"329",5,9,83,25.18,0.48687,770.19
"330",5,10,66.3,24.71,0.48696,630.7
"331",5,11,109.3,25.44,0.48702,1109.45
"332",5,12,154.4,27.14,0.48706,1588.86
"333",5,13,266,30.5,0.48708,2734.29
"334",5,14,309.1,29.8,0.48725,3183.53
"335",5,15,348.1,29.08,0.48742,3528.09
"336",5,16,390.5,29.74,0.48758,3939.39
"337",5,17,433.6,30.19,0.4878,4328.5
"338",5,18,476.2,29.92,0.48797,4721.84
"339",5,19,515.1,30.39,0.48809,5040.25
"340",5,20,554.4,30.27,0.4883,5375.67
"341",5,21,592.8,30.74,0.48846,5701.16
"342",5,22,636.8,30.95,0.48867,6012.7
"343",5,23,712.5,30.66,0.48891,6706.39
"344",5,24,665.7,31.37,0.48913,6232.64
"345",5,25,742.6,31.42,0.4894,6930.31
"346",5,26,666.6,31.57,0.48965,6128.4
"347",5,27,723.1,31.07,0.48984,6683.13
"348",5,28,850.5,31.67,0.48999,7332.51
"349",5,29,854.3,31.8,0.49018,7695.73
"350",5,30,825,31.62,0.49037,7370.61
"351",5,31,954.4,31.8,0.49056,8077.66
"352",5,32,1099.7,33.05,0.49073,8417.24
"353",5,33,939.9,33.4,0.4909,7706.36
"354",5,34,662.7,31.98,0.49103,5748.74
"355",5,35,726.7,32.08,0.49117,6135.22
"356",5,36,772.1,31.82,0.49133,6085.37
"357",5,37,894.8,32.05,0.49148,7123.15
"358",5,38,1012.5,32.94,0.49161,8424.13
"359",5,39,1013.5,32.74,0.49176,8421.26
"360",5,40,1010.3,31.88,0.4919,8424.04
"361",5,41,1011.5,32.09,0.49203,8420.86
"362",5,42,1012.3,32.26,0.4922,8429.93
"363",5,43,1010.5,32.74,0.49232,8420.79
"364",5,44,1007.2,33.55,0.49239,8417.99
"365",5,45,1002.4,33.24,0.4925,8428.75
"366",5,46,996.7,33.85,0.49261,8395.9
"367",5,47,995.5,34.48,0.49272,8334.03
"368",5,48,978,34.15,0.49285,8238.33
"369",5,49,877.8,34.09,0.493,7393.32
"370",5,50,952.1,33.84,0.49313,7942.25
"371",5,51,960.8,34.22,0.4933,8034.21
"372",5,52,892.4,34.52,0.49342,7547.79
"373",5,53,932.2,34.62,0.49359,7977.58
"374",5,54,929.6,34.88,0.49368,7934.77
"375",5,55,917,34.86,0.49382,7869.47
"376",5,56,847.9,35.31,0.49401,7226.58
"377",5,57,511.8,34.6,0.49414,4820.39
"378",5,58,836.6,35.92,0.49427,7129.42
"379",5,59,737.4,35.61,0.49437,6788.64
"380",5,60,763.2,35.97,0.49447,6682.62
"381",5,61,724.6,35.78,0.49456,6142.19
"382",5,62,706.5,36.27,0.49467,6179.44
"383",5,63,511.4,36.14,0.4948,4422.06
"384",5,64,418.5,33.67,0.49495,3527.97
"385",5,65,518.6,35.62,0.49508,4078.42
"386",5,66,468.2,35.33,0.4952,3510.51
"387",5,67,390.5,35.38,0.49529,2564.62
"388",5,68,72.4,32.45,0.49547,502.88
"389",5,69,121,30.93,0.49553,782.26
"390",5,70,293.5,33.96,0.49559,1418.85
"391",5,71,246.3,34.58,0.49571,1093.18
"392",5,72,125.4,32.94,0.49584,558.62
"393",5,73,95.2,31.91,0.49591,520.24
"394",5,74,122.8,34.1,0.49599,532.96
"395",5,75,52.3,32.76,0.49604,336.56
"396",5,76,36.3,30.68,0.49605,266.11
"397",5,77,30.4,32.26,0.49612,221.79
"398",5,78,11,30.48,0.49618,99.3
"399",5,79,6.7,29.76,0.49621,62.76
"400",5,80,4.9,29.41,0.4962,44.51
"401",5,81,1.2,29.22,0.49625,23.97
"402",6,1,4.67,23.36,0.49835,36.52
"403",6,2,11.4,23.4,0.49833,96.9
"404",6,3,22.6,23.6,0.49834,189.85
"405",6,4,32.9,23.84,0.49835,284.46
"406",6,5,42,24.49,0.49839,375.81
"407",6,6,48.7,25.31,0.49846,452.08
"408",6,7,56.4,25.68,0.49848,528.7
"409",6,8,85,25.8,0.49854,834.21
"410",6,9,120.7,28,0.49862,1206.29
"411",6,10,142.9,28.13,0.49872,1490.57
"412",6,11,187.2,30.52,0.49881,1956.86
"413",6,12,232.2,30.28,0.49894,2404.15
"414",6,13,278.9,29.7,0.49912,2834.04
"415",6,14,346.8,30.04,0.49926,3463.24
"416",6,15,398,29.16,0.4994,3719.54
"417",6,16,471.3,29.89,0.49957,4536.19
"418",6,17,386.3,28.67,0.49973,3671.25
"419",6,18,274.8,27.66,0.49986,2557.92
"420",6,19,191.2,26.66,0.49999,1761.89
"421",6,20,273.8,26.26,0.50012,2545.88
"422",6,21,376.8,26.8,0.50029,3541.41
"423",6,22,537.8,28.54,0.50046,4952.67
"424",6,23,393.5,28.06,0.50063,3641.99
"425",6,24,318.5,27.63,0.50078,2985.48
"426",6,25,305,26.58,0.50099,2818.63
"427",6,26,343.9,24.77,0.50115,3224.03
"428",6,27,353.8,25.92,0.50127,3325.35
"429",6,28,406,26.75,0.50137,3815.7
"430",6,29,439.1,27.1,0.50155,4080.68
"431",6,30,413.2,27.6,0.50172,3828.88
"432",6,31,264.4,26.82,0.5019,2403.06
"433",6,32,275.3,26.87,0.50212,2511.15
"434",6,33,274.5,26.78,0.5023,2520.07
"435",6,34,277.5,26.82,0.50249,2532.16
"436",6,35,227.5,26.64,0.50267,2072.55
"437",6,36,207.4,26.53,0.50283,1911.33
"438",6,37,268.2,27.03,0.50296,2514.83
"439",6,38,328.7,27.06,0.50314,3096.97
"440",6,39,399.6,27.59,0.50331,3757.11
"441",6,40,454.3,28.2,0.50349,4287.81
"442",6,41,832.6,29.05,0.50366,7765.76
"443",6,42,585.4,29.6,0.50383,5281.14
"444",6,43,415.3,28.54,0.50402,3812.68
"445",6,44,410.5,28.53,0.50416,3789.68
"446",6,45,177.9,27.22,0.50433,1600.52
"447",6,46,31,20.56,0.50458,274.87
"448",6,47,23.1,19.88,0.50474,203.09
"449",6,48,10.2,19.53,0.50489,85.26
"450",6,49,15.2,18.22,0.50518,131.52
"451",6,50,15.3,17.8,0.50529,121.5
"452",6,51,18.1,17.82,0.50524,151.54
"453",6,52,21.6,17.8,0.50526,183.02
"454",6,53,27.7,17.94,0.50521,232.52
"455",6,54,34.5,17.94,0.50521,297.72
"456",6,55,37.3,17.96,0.50519,331.49
"457",6,56,40.6,18.02,0.50513,354.83
"458",6,57,71.5,18.2,0.50508,644.33
"459",6,58,127.2,18.29,0.50504,1177.86
"460",6,59,235.3,18.63,0.50498,2248.8
"461",6,60,306.4,19.39,0.50492,2961.83
"462",6,61,211.7,19.47,0.50487,2018.63
"463",6,62,144.8,19.73,0.50481,1345.08
"464",6,63,176.5,19.93,0.50475,1655.03
"465",6,64,193.8,20.36,0.50468,1826.64
"466",6,65,198,20.55,0.50462,1878.23
"467",6,66,155.6,20.46,0.50455,1449.96
"468",6,67,113.9,20.34,0.50449,1034.79
"469",6,68,112.2,20.65,0.50443,1030.17
"470",6,69,144.6,21.1,0.50437,1324.88
"471",6,70,152.8,21.74,0.50431,1406.35
"472",6,71,143.4,21.74,0.50426,1313.8
"473",6,72,138,21.99,0.5042,1264.5
"474",6,73,122.5,21.96,0.50416,1099.03
"475",6,74,104.5,21.98,0.50414,921.06
"476",6,75,82.2,21.91,0.50412,721.65
"477",6,76,59.7,22.03,0.5041,521.07
"478",6,77,36.6,21.6,0.50407,314.74
"479",6,78,17,21.33,0.50404,140.07
"480",6,79,7.9,21.03,0.50401,60.62
"481",6,80,5.4,20.95,0.50398,38.25
"482",6,81,0.1,20.68,0.50395,3.41
"483",7,1,6,19.99,0.50221,36.95
"484",7,2,9.1,20.14,0.50219,69.64
"485",7,3,12.7,20.29,0.50216,98.63
"486",7,4,22.1,20.46,0.50213,187.36
"487",7,5,34.8,20.63,0.5021,302.62
"488",7,6,48.1,20.79,0.50208,415.68
"489",7,7,68.4,21.02,0.50207,614.74
"490",7,8,74.9,21.18,0.50205,669.98
"491",7,9,48.4,21.17,0.50202,418.59
"492",7,10,47.5,20.63,0.50198,404.48
"493",7,11,66.2,20.77,0.50193,582.85
"494",7,12,107.7,20.91,0.50188,982.16
"495",7,13,130,21.19,0.50184,1197.48
"496",7,14,159,20.97,0.5018,1454.62
"497",7,15,129,20.67,0.50177,1179.23
"498",7,16,136.6,20.49,0.50172,1258.08
"499",7,17,166.2,20.6,0.50167,1530.48
"500",7,18,130.5,20.66,0.50162,1172.94
"501",7,19,116.4,20.72,0.50158,1059.65
"502",7,20,98.1,20.68,0.50154,889.56
"503",7,21,107.5,20.92,0.5015,991.73
"504",7,22,114,20.99,0.50145,1047.52
"505",7,23,164.3,21.41,0.5014,1533.1
"506",7,24,271.1,22.3,0.50136,2488.26
"507",7,25,410.6,23.25,0.50131,3887.86
"508",7,26,530.5,25.5,0.50127,4952.55
"509",7,27,312.4,24.87,0.50122,2873.68
"510",7,28,307.8,25.17,0.50117,2842.2
"511",7,29,280.4,24.99,0.50113,2626.77
"512",7,30,453.3,26.08,0.50108,4314.08
"513",7,31,574.8,27.21,0.50103,5331.48
"514",7,32,480.4,27.94,0.50098,4380.27
"515",7,33,481.4,28,0.50093,4407.49
"516",7,34,409.2,27.84,0.50088,3633.55
"517",7,35,404.2,26.8,0.50083,3716.63
"518",7,36,523.3,26.44,0.50077,4860.79
"519",7,37,731.9,28.03,0.50071,6688.74
"520",7,38,795.8,29.74,0.50066,6953.15
"521",7,39,461.4,28.62,0.50061,4120.04
"522",7,40,352.3,27.52,0.50057,3177.99
"523",7,41,249.9,27.24,0.50053,2274.56
"524",7,42,231.7,26.75,0.50049,2164.41
"525",7,43,209.9,27.49,0.50044,1974.9
"526",7,44,176.4,26.76,0.5004,1659.11
"527",7,45,156.7,26.66,0.50039,1470.04
"528",7,46,85.1,26.16,0.50036,789.33
"529",7,47,60.1,23.69,0.50043,523.84
"530",7,48,112.5,22.77,0.50049,1015.4
"531",7,49,166.8,22.64,0.50056,1528.86
"532",7,50,183,22.83,0.5006,1692.15
"533",7,51,263,23.04,0.50064,2427.29
"534",7,52,319.2,23.72,0.50071,2969.35
"535",7,53,382.6,24.14,0.50071,3549.58
"536",7,54,444.1,25.21,0.50077,4072.68
"537",7,55,464.4,26.12,0.50083,4180.96
"538",7,56,465.9,26.71,0.50089,4220.09
"539",7,57,305.4,26.16,0.5009,2798.58
"540",7,58,315.4,26.54,0.50092,2922.47
"541",7,59,319.1,26.93,0.50091,2945.96
"542",7,60,348.2,27.51,0.50093,3196.18
"543",7,61,469.6,29.11,0.50094,4249.66
"544",7,62,448.3,29.16,0.50096,4057.41
"545",7,63,503.5,29.41,0.501,4415.11
"546",7,64,328.6,27.73,0.50101,2938.99
"547",7,65,376.1,27.46,0.50107,3350.92
"548",7,66,329.9,27.72,0.50108,2908.22
"549",7,67,414,28.31,0.5011,3660.2
"550",7,68,320.9,28.67,0.50116,2763.04
"551",7,69,368.4,27.93,0.5012,2732.85
"552",7,70,362.8,29.84,0.50126,1692.25
"553",7,71,210.3,28.29,0.50131,1141.28
"554",7,72,91.7,27.26,0.50133,653.14
"555",7,73,46.5,24.71,0.50132,399.43
"556",7,74,32.2,24.39,0.50131,279.51
"557",7,75,27.4,24.16,0.50132,238.05
"558",7,76,31.7,24.11,0.50136,271.76
"559",7,77,28.4,24.03,0.50137,241.14
"560",7,78,20,23.9,0.50136,165.16
"561",7,79,11.4,23.72,0.50136,88.45
"562",7,80,7.1,23.48,0.50138,52.22
"563",7,81,3.8,23.09,0.50141,29.57
"564",7,82,0.1,22.77,0.50144,3.07
"565",8,1,6,19.39,0.50187,36.81
"566",8,2,10.9,19.34,0.50188,80.75
"567",8,3,23.1,19.44,0.50189,191.2
"568",8,4,29.6,19.53,0.50197,252.05
"569",8,5,51.9,19.69,0.50201,461.08
"570",8,6,72.7,19.93,0.50205,653.36
"571",8,7,92.2,20.09,0.50209,851.36
"572",8,8,100.6,20.43,0.50218,932.82
"573",8,9,103.8,20.7,0.50221,950.03
"574",8,10,129.6,20.92,0.50226,1213.63
"575",8,11,152.4,21.59,0.5023,1434.62
"576",8,12,138.3,21.52,0.50239,1266.69
"577",8,13,140.4,21.77,0.50239,1291.84
"578",8,14,192.3,22.02,0.5025,1819.85
"579",8,15,196.1,22.49,0.5026,1840.88
"580",8,16,191.4,22.64,0.50268,1814.51
"581",8,17,229.7,22.74,0.5028,2198.15
"582",8,18,278.9,23.51,0.5029,2658.79
"583",8,19,284.8,23.77,0.50297,2695.15
"584",8,20,290.1,23.64,0.50309,2750.45
"585",8,21,342.4,24.04,0.50327,3269.86
"586",8,22,479.4,25.46,0.50337,4627.3
"587",8,23,565.4,26.49,0.50345,5158.01
"588",8,24,470.9,26.53,0.50349,4434.6
"589",8,25,621.6,27,0.50358,5532.29
"590",8,26,575.9,27.67,0.5037,5362.84
"591",8,27,623.6,27.23,0.50383,5735.95
"592",8,28,734.3,27.97,0.50397,6612.27
"593",8,29,657.4,28.36,0.50407,6062.98
"594",8,30,679.1,27.74,0.5042,6147.9
"595",8,31,768.8,28.29,0.50425,6825.56
"596",8,32,551.4,29.05,0.50431,4972.06
"597",8,33,889,30.17,0.50435,7498.14
"598",8,34,778.2,29.76,0.50442,6497.4
"599",8,35,863.3,30.35,0.50444,6648.91
"600",8,36,868.5,32.35,0.50448,7204.41
"601",8,37,993.55,30.32,0.50453,6949.1
"602",8,38,1031.2,31.04,0.50459,7472.73
"603",8,39,1178,30.19,0.50464,8306.59
"604",8,40,1171.3,30.26,0.50471,8435.36
"605",8,41,1199.2,30,0.50474,8413.48
"606",8,42,919.2,30.33,0.50479,6879.89
"607",8,43,1087.4,30.38,0.5048,7638.02
"608",8,44,1171.6,32.5,0.50487,8178.4
"609",8,45,1217.7,32.57,0.50494,8427.24
"610",8,46,699.9,31.89,0.50503,5154.65
"611",8,47,1032.9,31.27,0.50505,7349.47
"612",8,48,385.7,31.26,0.50507,3177.1
"613",8,49,333.2,30.52,0.50506,3004.55
"614",8,50,282.5,29.96,0.50507,2525.42
"615",8,51,488.5,30.37,0.50502,4334.96
"616",8,52,951.9,32.66,0.50505,7372.03
"617",8,53,726.6,32.53,0.50507,5788.43
"618",8,54,499.6,31.6,0.50507,4118.7
"619",8,55,594.4,31.28,0.50506,5105.86
"620",8,56,371.8,32.56,0.50506,3292.88
"621",8,57,732.1,30.7,0.5051,5924.58
"622",8,58,891.2,32.29,0.50517,7736.07
"623",8,59,813.4,32.91,0.50524,7055.88
"624",8,60,700.9,32.54,0.50535,6141.89
"625",8,61,708.7,32.76,0.50541,6235.24
"626",8,62,683.8,32.91,0.50547,5980.31
"627",8,63,628.5,33.02,0.50551,5530.59
"628",8,64,533.1,32.56,0.50564,4569.5
"629",8,65,596.4,32.48,0.50573,4754.67
"630",8,66,523.2,32.69,0.50583,3914.74
"631",8,67,440.1,32.55,0.50592,3070.61
"632",8,68,246,31.26,0.506,1567.61
"633",8,69,344.2,31.03,0.50611,1876.59
"634",8,70,292,31.7,0.50622,1464.55
"635",8,71,245,31.23,0.50636,1136.16
"636",8,72,199.5,31,0.50648,847.13
"637",8,73,154.3,30.8,0.50656,675.8
"638",8,74,114.3,30.11,0.50665,485.54
"639",8,75,81.5,30.51,0.5067,349.02
"640",8,76,54.7,29.6,0.50681,305.14
"641",8,77,36.3,29.2,0.50689,246.33
"642",8,78,22.7,28.41,0.50696,183.7
"643",8,79,16.7,28.03,0.50702,134.9
"644",8,80,9.1,26.67,0.50704,79.29
"645",8,81,3.3,26.05,0.50707,31.24
"646",9,1,4.4,18.01,0.50694,17.62
"647",9,2,10.5,18.24,0.5069,79.96
"648",9,3,16.7,18.39,0.50686,133.06
"649",9,4,22.3,20.68,0.50682,185.72
"650",9,5,27.2,22.43,0.50678,239.95
"651",9,6,34.7,24.94,0.50679,372.34
"652",9,7,48,25.14,0.5068,532.31
"653",9,8,70.5,28.43,0.50678,788.36
"654",9,9,100,28.24,0.50678,1115.99
"655",9,10,135,30.47,0.50675,1482.9
"656",9,11,173.7,31.69,0.50671,1868.53
"657",9,12,215.5,31.61,0.5067,2272.48
"658",9,13,258.4,31.09,0.50667,2692.15
"659",9,14,302.4,31.79,0.50663,3088.69
"660",9,15,345,31.19,0.50662,3518.92
"661",9,16,389.5,31.98,0.50665,3934.5
"662",9,17,432.1,31.5,0.50672,4302.5
"663",9,18,476.3,30.93,0.50678,4665.62
"664",9,19,518.9,31.44,0.50691,5039.31
"665",9,20,558.5,31.98,0.50701,5386
"666",9,21,598.3,32.79,0.50708,5656.34
"667",9,22,635.4,33.08,0.50721,5962.04
"668",9,23,672,31.95,0.50733,6282.45
"669",9,24,705.6,33.23,0.50741,6489.04
"670",9,25,738.7,33.38,0.50747,6687.98
"671",9,26,781.8,34.02,0.50757,7002.9
"672",9,27,845.6,34.23,0.50765,7298.16
"673",9,28,310.8,32.32,0.50773,2692.57
"674",9,29,736.8,31.01,0.50781,6116.37
"675",9,30,601.8,31.82,0.5079,4909.53
"676",9,31,753.6,32.79,0.50796,5980.17
"677",9,32,507.6,32.25,0.50806,4147.4
"678",9,33,899.6,33.59,0.50818,7396.41
"679",9,34,1027.7,34.63,0.50825,7915.7
"680",9,35,1115.6,34.7,0.5083,8402
"681",9,36,1102.8,35.09,0.50838,8112.29
"682",9,37,823.5,34.52,0.50845,5623.57
"683",9,38,733.4,33.04,0.50855,5217.76
"684",9,39,891.7,33.5,0.50863,6654.21
"685",9,40,417.3,31.75,0.50875,3470.66
"686",9,41,1008.9,32.84,0.50887,7095.56
"687",9,42,563.9,32.65,0.50901,4448.9
"688",9,43,389.7,32.79,0.50903,3212.89
"689",9,44,390.6,32.17,0.5091,3508.38
"690",9,45,783.4,33.51,0.50914,5518.54
"691",9,46,733.2,33.71,0.50914,5189.69
"692",9,47,958.1,36.2,0.50923,6682.25
"693",9,48,302.9,33.07,0.50933,2652.98
"694",9,49,1127.9,34.58,0.50934,7846.65
"695",9,50,717.5,34.65,0.50938,5468.07
"696",9,51,659.4,34.65,0.5094,4785.44
"697",9,52,302,32.58,0.50945,2750.45
"698",9,53,930.3,34.67,0.50949,7247.43
"699",9,54,947.7,35.28,0.50959,7389.64
"700",9,55,514.3,35.79,0.50964,4039.15
"701",9,56,452.9,33.07,0.50974,4253
"702",9,57,306.5,32.95,0.50983,2760.93
"703",9,58,336.8,33.5,0.50982,3072.49
"704",9,59,244.3,32.33,0.50983,2215.4
"705",9,60,601.7,34.01,0.50989,5373.08
"706",9,61,680.1,35.55,0.50993,5913.18
"707",9,62,578.1,34.53,0.50998,5038.46
"708",9,63,769.4,35.98,0.51003,6613.86
"709",9,64,544.4,38.93,0.51002,4390.28
"710",9,65,223,32.94,0.5101,1928.84
"711",9,66,189.9,32.61,0.51006,1687.64
"712",9,67,198.7,31.4,0.51008,1650.41
"713",9,68,476,33.72,0.51014,2959.7
"714",9,69,355.4,34.66,0.51018,2225.76
"715",9,70,362.4,34.37,0.51022,1804.48
"716",9,71,297.1,32.88,0.51026,1345.48
"717",9,72,161.1,30.48,0.51028,1030.16
"718",9,73,227.5,32.37,0.51028,1337.7
"719",9,74,187.1,33.23,0.51028,1268.7
"720",9,75,97.9,31.06,0.51026,723.96
"721",9,76,75.3,33.03,0.51027,487.56
"722",9,77,45.2,32.69,0.51024,328.19
"723",9,78,26,31.61,0.51021,207.84
"724",9,79,17.7,30.93,0.5102,142.12
"725",9,80,10,28.99,0.51018,84.17
"726",9,81,2.7,28.21,0.51017,31.49
"727",10,1,0.1,24.06,0.51857,0
"728",10,2,7.5,24.06,0.5187,50.99
"729",10,3,21.5,24.01,0.5189,176.06
"730",10,4,39.9,24.17,0.51904,339.17
"731",10,5,48.3,24.35,0.5192,418.29
"732",10,6,57.9,24.39,0.5194,495.87
"733",10,7,54.9,24.23,0.51959,474.2
"734",10,8,36.9,23.6,0.51982,316.9
"735",10,9,13.2,22.62,0.52001,101.9
"736",10,10,9.3,21.66,0.52017,69.07
"737",10,11,21.9,21.43,0.52031,172.89
"738",10,12,36.1,21.97,0.52041,295.61
"739",10,13,53.9,22.23,0.52049,455.6
"740",10,14,74.8,22.51,0.52057,651.19
"741",10,15,104.2,22.78,0.52068,938.56
"742",10,16,141.8,23.16,0.52081,1257.01
"743",10,17,174.3,23.58,0.52097,1603.54
"744",10,18,280.5,24.3,0.52111,2652.39
"745",10,19,361.5,25.14,0.52126,3507.88
"746",10,20,179.8,25.12,0.52145,1627.44
"747",10,21,188.8,24.52,0.52159,1727.36
"748",10,22,213.2,25.01,0.52171,1808.89
"749",10,23,163.2,24.91,0.52181,1350.67
"750",10,24,253.8,25.05,0.52196,2230.98
"751",10,25,275.1,25.88,0.52212,2537.49
"752",10,26,201.8,25.68,0.52227,1852.23
"753",10,27,168.5,25.04,0.52244,1486.58
"754",10,28,106.4,24.5,0.52257,956.57
"755",10,29,109.4,24.54,0.52268,989.71
"756",10,30,111.9,24.46,0.52276,1028.73
"757",10,31,182.8,24.96,0.52285,1669.8
"758",10,32,139.5,25.16,0.52294,1261.44
"759",10,33,80.1,24.46,0.52309,713.42
"760",10,34,90.6,24.27,0.52322,805.25
"761",10,35,127.8,24.51,0.52332,1169.98
"762",10,36,162.5,24.83,0.52341,1504.1
"763",10,37,422.2,25.48,0.52361,3874.87
"764",10,38,492.5,27.32,0.52373,4488.65
"765",10,39,517.9,27.21,0.52395,4745.95
"766",10,40,576.7,28.04,0.52417,5235.19
"767",10,41,548.8,27.92,0.52438,5011.27
"768",10,42,242.9,27.61,0.52465,2215.99
"769",10,43,395.1,23.71,0.52483,3711.89
"770",10,44,696.4,25.34,0.52494,6523.87
"771",10,45,667.4,26.66,0.52508,6041.49
"772",10,46,717.8,28.3,0.52513,6601.49
"773",10,47,389.1,27.45,0.52529,3473.35
"774",10,48,186.5,26.32,0.52547,1693.1
"775",10,49,143.7,25.86,0.5255,1300.43
"776",10,50,32.8,23.92,0.52565,283.39
"777",10,51,62.9,21.62,0.52569,561.75
"778",10,52,22.6,21.43,0.52574,188.18
"779",10,53,28.7,21.31,0.52575,243.42
"780",10,54,39.8,21.28,0.52575,339.29
"781",10,55,89.9,21.47,0.52574,809.1
"782",10,56,78.5,21.85,0.5257,701.66
"783",10,57,38.3,21.55,0.52569,330.25
"784",10,58,22.4,21.24,0.52568,180.91
"785",10,59,26.1,21.04,0.5257,212.26
"786",10,60,27.1,20.93,0.52569,228.4
"787",10,61,37.4,20.9,0.52572,312.76
"788",10,62,55.6,20.88,0.52569,483.85
"789",10,63,84.2,21.07,0.52566,753.26
"790",10,64,72.9,21.36,0.52564,643.85
"791",10,65,70.9,21.48,0.52558,618.54
"792",10,66,65.6,21.59,0.52553,579.89
"793",10,67,58.5,21.71,0.5255,510.38
"794",10,68,68.3,21.8,0.52554,583.73
"795",10,69,77.6,21.96,0.52559,673.84
"796",10,70,102.8,21.97,0.52564,912.86
"797",10,71,114.7,22.26,0.52574,1014.59
"798",10,72,101.8,22.37,0.52578,914.44
"799",10,73,80.3,22.5,0.52581,711.11
"800",10,74,59.5,22.48,0.52584,512.85
"801",10,75,45.3,22.51,0.52585,389.26
"802",10,76,40.2,22.41,0.52593,342.72
"803",10,77,33.3,22.43,0.52597,275.35
"804",10,78,22.5,22.4,0.52599,183.25
"805",10,79,10,22.28,0.52605,75.84
"806",10,80,1.8,22.16,0.52605,13.88
"807",11,1,6.5,24.1,0.52772,43.84
"808",11,2,18.3,24.24,0.52773,151.38
"809",11,3,31.9,24.62,0.52776,268.81
"810",11,4,48.9,25.14,0.52778,424.9
"811",11,5,64.6,25.59,0.52784,569.4
"812",11,6,77.1,25.86,0.52791,676.48
"813",11,7,96.3,26.23,0.52796,874.98
"814",11,8,142.5,27.37,0.52807,1343.63
"815",11,9,183.9,29.15,0.52817,1754.29
"816",11,10,167.6,28.04,0.52826,1532.37
"817",11,11,176.4,27.92,0.52834,1613.24
"818",11,12,193.9,28.11,0.52848,1793.5
"819",11,13,216.7,28.89,0.52858,2014.21
"820",11,14,221.4,29.2,0.52869,2075.06
"821",11,15,299.7,29.51,0.5288,2839.04
"822",11,16,419.9,31.18,0.52895,3987.8
"823",11,17,487.7,32.34,0.52909,4514.58
"824",11,18,505.3,32.48,0.5292,4623.81
"825",11,19,448.3,31.79,0.52932,4071.12
"826",11,20,583.1,32.2,0.52945,5287.83
"827",11,21,489,31.92,0.52957,4452.36
"828",11,22,493.5,31.64,0.52968,4475.55
"829",11,23,455.9,31.94,0.52977,4216.2
"830",11,24,458.4,32.13,0.52986,4211.85
"831",11,25,491.6,31.56,0.53,4498.11
"832",11,26,580,31.84,0.53011,5247.85
"833",11,27,756.2,33.42,0.53028,6763.21
"834",11,28,779.7,34.22,0.53037,6774.74
"835",11,29,689.1,34.01,0.53048,6069.74
"836",11,30,875.2,33.37,0.53067,7517
"837",11,31,1093.9,34.53,0.5308,8384.72
"838",11,32,700.5,34.3,0.53098,5686.66
"839",11,33,797.3,33.23,0.53113,6777.23
"840",11,34,780.9,33,0.53128,6820.58
"841",11,35,888.4,33.22,0.53141,7567.92
"842",11,36,985.6,34.02,0.53156,7933.93
"843",11,37,822.8,35.15,0.53167,6173.24
"844",11,38,625.7,32.48,0.53179,4976.76
"845",11,39,392.1,31.98,0.53191,3190.37
"846",11,40,726.5,31.76,0.53205,5482.58
"847",11,41,639.9,32.35,0.53217,4901.89
"848",11,42,791.5,33.32,0.5323,6243.87
"849",11,43,505.6,33.08,0.53246,3879.44
"850",11,44,727.9,32.69,0.53258,5616.74
"851",11,45,932.7,34.48,0.53273,6874.33
"852",11,46,1033.6,34.61,0.53289,7862.86
"853",11,47,953.8,34.78,0.53304,7424.64
"854",11,48,1008.2,34.98,0.53322,7952.59
"855",11,49,978.9,34.84,0.53338,7977.78
"856",11,50,903.9,35.15,0.53351,7696.75
"857",11,51,963.7,34.64,0.53366,7515.21
"858",11,52,722.4,35.01,0.53381,5836.44
"859",11,53,905,34.64,0.53399,7673.34
"860",11,54,824.2,34.92,0.53413,6914.52
"861",11,55,680.6,35.26,0.53428,5803.63
"862",11,56,901.6,34.56,0.5344,7526.16
"863",11,57,631.5,34.92,0.5346,5342.79
"864",11,58,726.3,34.6,0.53476,6405.73
"865",11,59,725.6,35.06,0.53492,6342.96
"866",11,60,700.9,35.7,0.5351,6138.34
"867",11,61,733.6,35.81,0.53527,6237.6
"868",11,62,676,35.66,0.53545,5772.8
"869",11,63,542.8,34.36,0.53557,4698.3
"870",11,64,445.4,34,0.53573,3795.18
"871",11,65,416.4,34.07,0.53584,3370.83
"872",11,66,265,33.33,0.53594,2261.44
"873",11,67,193.7,32.24,0.53609,1620.98
"874",11,68,127.2,31.83,0.5362,1076.84
"875",11,69,98.9,31.48,0.53626,844.87
"876",11,70,83,31.02,0.53631,709.12
"877",11,71,71.1,30.87,0.53632,609.25
"878",11,72,71.6,30.54,0.5364,620.03
"879",11,73,68.7,30.36,0.53644,594.95
"880",11,74,58.1,30.22,0.53646,495.6
"881",11,75,42.1,30.12,0.53649,349.97
"882",11,76,30.5,30.01,0.53648,250.85
"883",11,77,18.4,29.6,0.53646,152.14
"884",11,78,9.5,28.88,0.53654,80.63
"885",11,79,4,28.36,0.5366,39.24
"886",12,1,4,20.68,0.54328,32.65
"887",12,2,7.2,20.62,0.54346,55.45
"888",12,3,15.6,20.75,0.54374,127.03
"889",12,4,25.4,20.84,0.54404,218.07
"890",12,5,38.3,21.06,0.54428,335.81
"891",12,6,56,21.24,0.54458,503.54
"892",12,7,66.3,21.54,0.54471,592.7
"893",12,8,63,21.93,0.54489,561.38
"894",12,9,69.4,21.96,0.54512,621.15
"895",12,10,86.9,22.06,0.5453,785.11
"896",12,11,107.8,22.19,0.54548,988.13
"897",12,12,118.8,22.56,0.54558,1085.53
"898",12,13,131.2,22.9,0.54566,1206.95
"899",12,14,171.9,23.52,0.54572,1582.17
"900",12,15,185,24.15,0.54576,1695.51
"901",12,16,198.2,24.34,0.54576,1842.14
"902",12,17,269.2,24.94,0.54576,2505.13
"903",12,18,297.5,25.53,0.54579,2757.7
"904",12,19,306.2,26.1,0.5458,2862.45
"905",12,20,493.4,27.11,0.54586,4618.55
"906",12,21,672.9,28.98,0.54592,6269.21
"907",12,22,840.2,29.78,0.54606,7652.52
"908",12,23,657,30.11,0.54616,5909.02
"909",12,24,682.1,28.52,0.54628,6169.96
"910",12,25,456.1,27.97,0.5464,4138.07
"911",12,26,325.6,27.02,0.5465,2979.1
"912",12,27,310.6,26.61,0.54657,2874.61
"913",12,28,392,26.52,0.54664,3653.64
"914",12,29,397.4,26.95,0.54668,3677.53
"915",12,30,352,26.82,0.54674,3257.78
"916",12,31,227.8,26.49,0.54682,2053
"917",12,32,172.5,25.49,0.5469,1562.29
"918",12,33,173.5,25.76,0.54691,1593.67
"919",12,34,185.4,25.82,0.54691,1698.88
"920",12,35,178.4,25.68,0.54695,1628.97
"921",12,36,228,25.73,0.547,2122.89
"922",12,37,195.6,25.78,0.54708,1799.58
"923",12,38,153.2,25.54,0.54715,1408.18
"924",12,39,204,25.69,0.54722,1899.22
"925",12,40,258.8,25.51,0.54729,2439.36
"926",12,41,272.7,25.16,0.54732,2549.61
"927",12,42,254.2,24.74,0.54734,2365.47
"928",12,43,239.3,24.96,0.54733,2211.59
"929",12,44,211.7,25.58,0.54732,1924.82
"930",12,45,195.8,25.38,0.54734,1758.59
"931",12,46,187.5,25.47,0.54732,1683.16
"932",12,47,171.5,25.75,0.5473,1537.21
"933",12,48,188.1,25.69,0.54732,1695.12
"934",12,49,204.5,26.07,0.54733,1853.45
"935",12,50,214.7,25.7,0.5473,1950.63
"936",12,51,207.8,25.98,0.54727,1886.93
"937",12,52,232.8,26,0.54722,2114.52
"938",12,53,239.4,26.66,0.54719,2168.61
"939",12,54,247.7,26.74,0.54718,2249.34
"940",12,55,232.9,26.4,0.54716,2095.04
"941",12,56,220.1,26.61,0.54713,1979
"942",12,57,252.6,26.41,0.54711,2283.55
"943",12,58,252.8,26.55,0.54711,2291.83
"944",12,59,238.6,26.59,0.54711,2161.16
"945",12,60,241.9,26.78,0.54711,2184.36
"946",12,61,225,26.73,0.5471,2037.83
"947",12,62,167.8,26.41,0.54711,1511.76
"948",12,63,129.4,26.07,0.54714,1161.08
"949",12,64,101.6,25.87,0.54717,909.97
"950",12,65,98.3,25.86,0.54716,879.74
"951",12,66,88.8,25.84,0.54714,789.33
"952",12,67,87.5,25.61,0.54715,775.81
"953",12,68,86.3,25.72,0.54712,767.59
"954",12,69,64.2,25.65,0.54713,558.96
"955",12,70,41.8,25.49,0.54711,360.84
"956",12,71,33.2,25.21,0.54708,288.54
"957",12,72,26.3,24.97,0.54704,225.18
"958",12,73,24,24.97,0.54701,206.7
"959",12,74,23.4,24.69,0.54699,199.26
"960",12,75,17.4,24.78,0.54697,145.51
"961",12,76,17.7,24.36,0.54694,149
"962",12,77,7.7,24.29,0.54693,65.81
"963",12,78,1.4,24.11,0.5469,16.36
"964",13,1,7.5,22,0.54763,60.17
"965",13,2,13.1,22.25,0.54771,108.26
"966",13,3,16.7,22.59,0.54776,140.96
"967",13,4,20.2,22.64,0.54786,169.93
"968",13,5,24.2,22.78,0.54794,215.28
"969",13,6,28.3,23.07,0.54804,256.8
"970",13,7,31.4,23.31,0.54811,283.78
"971",13,8,77.1,24.84,0.5482,824.63
"972",13,9,122.1,27.76,0.5483,1295.41
"973",13,10,160.9,28.36,0.54839,1694.45
"974",13,11,222.4,30.38,0.54848,2285.76
"975",13,12,265.8,30.28,0.54856,2698.17
"976",13,13,307.8,30.31,0.54867,3097.99
"977",13,14,351.3,30.48,0.54883,3484.43
"978",13,15,392.4,31.15,0.54899,3867.91
"979",13,16,435,31,0.54919,4259.59
"980",13,17,476,31.69,0.54937,4605.14
"981",13,18,517.5,31.75,0.54952,4937.13
"982",13,19,558.3,32.46,0.54965,5243.92
"983",13,20,598.4,32.8,0.5498,5583.46
"984",13,21,622.5,33.65,0.54989,5751.33
"985",13,22,597.7,33.67,0.55001,5507.56
"986",13,23,725,33.99,0.55011,6546.73
"987",13,24,745.2,34.94,0.5502,6616.45
"988",13,25,579.4,34.87,0.55032,5118.58
"989",13,26,558,32.22,0.55043,4848.31
"990",13,27,690.8,34.49,0.5506,5920.5
"991",13,28,666.7,33.3,0.55073,5711.17
"992",13,29,858.8,33.45,0.55086,7200.15
"993",13,30,568,32.84,0.55097,4852.82
"994",13,31,910.5,34.32,0.55106,7657.11
"995",13,32,956.6,34.99,0.55118,8101.06
"996",13,33,965.6,34.02,0.5513,7806.38
"997",13,34,982.6,34.66,0.55141,8179.76
"998",13,35,882.4,35.06,0.55153,7091.66
"999",13,36,1040.8,33.71,0.55168,8365.37
"1000",13,37,1066.1,35.67,0.55179,8430.16
"1001",13,38,1059.2,34.47,0.55188,8325.1
"1002",13,39,811.6,33.28,0.55203,6093.61
"1003",13,40,1065.1,33.09,0.55216,7862.93
"1004",13,41,875.3,33.74,0.55226,6452.85
"1005",13,42,342.5,32.42,0.55236,2788.6
"1006",13,43,793.5,33.42,0.55246,5821.44
"1007",13,44,1076.5,33.43,0.55259,8420.4
"1008",13,45,1048,34.99,0.55269,8426.35
"1009",13,46,996.7,35.26,0.55282,7347.13
"1010",13,47,1073.1,35.35,0.55293,8422.97
"1011",13,48,1032.8,35.65,0.55304,8392.41
"1012",13,49,1020.2,35.87,0.55309,8326.63
"1013",13,50,995.6,35.59,0.55317,8176.87
"1014",13,51,972.7,36.07,0.55327,8023.89
"1015",13,52,949.1,35.91,0.55335,7842.61
"1016",13,53,769.6,35.8,0.55339,6571.56
"1017",13,54,881.4,36.27,0.5535,7354.72
"1018",13,55,877.6,36.98,0.55358,7342.35
"1019",13,56,859.9,36.68,0.55365,7219.83
"1020",13,57,817.5,36.61,0.55374,6923.71
"1021",13,58,808.9,37.82,0.5538,6862.99
"1022",13,59,775.6,38.04,0.55389,6574.38
"1023",13,60,523.7,36.68,0.55396,4482.73
"1024",13,61,659.2,37.3,0.55401,5728.87
"1025",13,62,657.7,37.88,0.5541,5644.11
"1026",13,63,658.1,37.88,0.55421,5631.51
"1027",13,64,587.9,36.78,0.55429,4987.8
"1028",13,65,503.9,38.17,0.55436,3963.42
"1029",13,66,252.7,35.5,0.55444,1987.49
"1030",13,67,234.1,33.11,0.5545,1778.78
"1031",13,68,144.5,33.62,0.55458,1157.48
"1032",13,69,311.6,33.99,0.55464,1841.62
"1033",13,70,126.9,33.71,0.55474,994.14
"1034",13,71,76.9,30.79,0.55492,675.19
"1035",13,72,74,29.63,0.555,629.75
"1036",13,73,60.2,29.6,0.55512,521.76
"1037",13,74,57.6,29.44,0.55515,502.58
"1038",13,75,58.8,29.79,0.55525,464.58
"1039",13,76,40.9,31.83,0.55534,311.85
"1040",13,77,28.9,31.02,0.55545,244.98
"1041",13,78,10.2,29.43,0.55551,89.91
"1042",13,79,4.3,28.34,0.55557,40.35
"1043",14,1,0.1,23.56,0.5611,0
"1044",14,2,4.8,23.69,0.56122,30.54
"1045",14,3,12.4,23.98,0.56131,95.93
"1046",14,4,16.1,24.27,0.56132,129.43
"1047",14,5,30.5,24.37,0.56132,263.33
"1048",14,6,50.2,24.7,0.56138,446.51
"1049",14,7,77.5,25.56,0.56136,709.57
"1050",14,8,106.1,28.18,0.56137,1033.35
"1051",14,9,137.2,28.89,0.56141,1355.79
"1052",14,10,129,30.81,0.56146,1266.9
"1053",14,11,156.7,31.91,0.56149,1560.81
"1054",14,12,197.2,32.6,0.56151,1958.48
"1055",14,13,250.7,32.9,0.56159,2471.38
"1056",14,14,261,33.25,0.56165,2548.9
"1057",14,15,350.2,33.1,0.56173,3426.95
"1058",14,16,403.8,35.33,0.56178,3881.91
"1059",14,17,507.2,34.86,0.56188,4762.32
"1060",14,18,417.3,33.34,0.56202,3924.02
"1061",14,19,596.1,34.34,0.5622,5535.6
"1062",14,20,363.8,33.44,0.5623,3283.73
"1063",14,21,340.1,31.02,0.56243,3098.54
"1064",14,22,507,31.88,0.56249,4679.65
"1065",14,23,477.7,32.96,0.56252,4307.43
"1066",14,24,515.2,33.05,0.56256,4695.18
"1067",14,25,493.7,32.25,0.56263,4462.96
"1068",14,26,623,33.59,0.56269,5655.56
"1069",14,27,540.6,33.74,0.56272,4902.06
"1070",14,28,873.7,34.67,0.56279,7630.49
"1071",14,29,816.7,35.74,0.56283,7058.83
"1072",14,30,899.4,36.01,0.56285,7655.53
"1073",14,31,821.2,34.79,0.56288,6968.84
"1074",14,32,954.2,35.05,0.56296,8026.81
"1075",14,33,930.3,35.71,0.56302,7791.98
"1076",14,34,997.5,35.91,0.56307,8284.36
"1077",14,35,1006.9,35.27,0.56312,8327.22
"1078",14,36,1008.2,35.84,0.56315,8301.13
"1079",14,37,1013.2,35.45,0.56319,8377.15
"1080",14,38,1049.4,35.75,0.56322,8419.83
"1081",14,39,725.4,34.88,0.56326,5667.64
"1082",14,40,1054.8,34.84,0.56334,8404.28
"1083",14,41,847.8,34,0.5634,6469.73
"1084",14,42,796.8,34.3,0.56347,5876.33
"1085",14,43,1013.7,34.4,0.56351,7892.61
"1086",14,44,1048.5,35.39,0.56354,8419.02
"1087",14,45,1053.8,35.79,0.56358,8422.14
"1088",14,46,1069.1,35.73,0.56364,8423.51
"1089",14,47,1086.2,36.01,0.56372,8420.43
"1090",14,48,1074.2,36.57,0.56378,8424.93
"1091",14,49,1060.7,36.71,0.56382,8437.01
"1092",14,50,971.9,37.09,0.56385,7701.1
"1093",14,51,955.4,36.48,0.56393,7664.19
"1094",14,52,1050.5,37.31,0.56398,8427.31
"1095",14,53,1014,36.73,0.56407,8289.56
"1096",14,54,454.9,35.36,0.56412,3953.81
"1097",14,55,890.15,36.97,0.56418,7609.45
"1098",14,56,841.55,36.69,0.56422,7100.59
"1099",14,57,806.4,37.09,0.56425,6825.41
"1100",14,58,755.1,37.21,0.56427,6396.43
"1101",14,59,766.6,37.67,0.56431,6485.72
"1102",14,60,766.5,39.12,0.56436,6502.77
"1103",14,61,779,38.14,0.56441,6638.77
"1104",14,62,807.7,39.45,0.56445,6730.53
"1105",14,63,760.3,38.61,0.56451,6376.35
"1106",14,64,529.4,38.08,0.56459,4442.26
"1107",14,65,583.7,33.87,0.56467,5035.02
"1108",14,66,610,34.5,0.56477,5045.73
"1109",14,67,555,35.04,0.56485,4087.84
"1110",14,68,139.5,31.81,0.56491,1168.08
"1111",14,69,138,30.14,0.56493,1144.62
"1112",14,70,144.3,28.74,0.56503,1302.54
"1113",14,71,139.5,27.78,0.5651,1250.28
"1114",14,72,120.1,27.91,0.56514,1021.96
"1115",14,73,169.4,30.1,0.56515,1170.33
"1116",14,74,173.3,31.33,0.56522,983.44
"1117",14,75,132.3,32.46,0.56524,818.29
"1118",14,76,89,31.82,0.56526,594.63
"1119",14,77,51.4,32.24,0.56527,371.06
"1120",14,78,30.6,31.68,0.56525,249.65
"1121",14,79,14.8,29.55,0.56524,126.8
"1122",14,80,5.2,27.54,0.5652,49.36
"1123",14,81,0.2,27.07,0.56518,14.93
"1124",15,1,7,19.1,0.56555,47.94
"1125",15,2,11.8,19.15,0.56552,88.27
"1126",15,3,19.9,19.51,0.56551,151.6
"1127",15,4,27.2,20.1,0.5655,207.72
"1128",15,5,38.7,21.85,0.56551,312.1
"1129",15,6,55.9,24.11,0.5655,483.37
"1130",15,7,68.7,24.72,0.5655,724.45
"1131",15,8,94.7,25.8,0.5655,1008.64
"1132",15,9,129.4,26.76,0.56551,1352.75
"1133",15,10,168.2,27.09,0.5655,1740.2
"1134",15,11,210,27.21,0.5655,2161.24
"1135",15,12,254.5,28.13,0.5655,2584.78
"1136",15,13,298.7,28.07,0.56551,2994.64
"1137",15,14,343.7,29.34,0.56549,3326.02
"1138",15,15,388.8,29.16,0.5655,3815.82
"1139",15,16,432,29.94,0.5655,4210.66
"1140",15,17,475.9,30.42,0.56549,4571.98
"1141",15,18,518.8,30.5,0.56549,4915.39
"1142",15,19,561.7,31.01,0.56549,5268.48
"1143",15,20,602.2,30.99,0.56548,5597.96
"1144",15,21,641.8,32.18,0.56547,5908.26
"1145",15,22,678.2,32.85,0.56547,6158.44
"1146",15,23,713.6,33.03,0.56546,6418.5
"1147",15,24,757.1,33.48,0.56544,6727.5
"1148",15,25,796,32.94,0.56545,7107.36
"1149",15,26,831.9,32.85,0.56543,7243.08
"1150",15,27,844.1,32.37,0.56544,7147.7
"1151",15,28,851.6,32.35,0.56545,7280.96
"1152",15,29,986.3,35.02,0.56542,8232.42
"1153",15,30,1038.4,34.01,0.56541,8417.78
"1154",15,31,1060.9,33.51,0.5654,8420.62
"1155",15,32,947.3,33.92,0.56539,7183.11
"1156",15,33,731.2,31.91,0.56537,5998.21
"1157",15,34,679.7,32.75,0.56538,5280.97
"1158",15,35,638,32.82,0.56538,5030.75
"1159",15,36,1055.6,33.56,0.5654,7486.98
"1160",15,37,600.3,33.36,0.56542,4547.81
"1161",15,38,1054.7,32.52,0.56544,7177.3
"1162",15,39,380.4,30.9,0.56546,3276.32
"1163",15,40,235.1,30.04,0.56548,2047.1
"1164",15,41,278.3,29.65,0.5655,2520.38
"1165",15,42,284.9,29.5,0.56554,2577.01
"1166",15,43,921,30.42,0.56555,6682.88
"1167",15,44,786.9,33.11,0.56557,5836.3
"1168",15,45,238.4,30.4,0.56557,1965.96
"1169",15,46,262.8,29.6,0.56558,2326.49
"1170",15,47,567.4,29.79,0.56561,4901.9
"1171",15,48,947.6,33.58,0.56561,7582.38
"1172",15,49,1067,32.95,0.56565,8402.57
"1173",15,50,972.6,33.18,0.56573,7439.6
"1174",15,51,1072.6,33.19,0.56576,8308.29
"1175",15,52,734.9,32.47,0.56582,5990.06
"1176",15,53,672.5,32.69,0.56585,5280.24
"1177",15,54,293.3,30.89,0.56587,2685.54
"1178",15,55,671.1,32.04,0.56591,5684.24
"1179",15,56,899.5,32.09,0.56597,7607.08
"1180",15,57,935.5,33.89,0.56601,7865.62
"1181",15,58,841.9,33.81,0.56607,7134.4
"1182",15,59,760.3,33.52,0.56611,6536.98
"1183",15,60,617.4,33.97,0.56617,5280.51
"1184",15,61,674,33.42,0.56622,5842.41
"1185",15,62,638,34.26,0.56626,5495.48
"1186",15,63,576,33.54,0.56634,4993.98
"1187",15,64,518,33.13,0.5664,4473.86
"1188",15,65,469.7,33.52,0.56646,4046.87
"1189",15,66,425.2,33.26,0.56652,3688.31
"1190",15,67,377.9,33.43,0.56655,2959.92
"1191",15,68,330.7,32.82,0.5666,2055.21
"1192",15,69,285.7,32.91,0.56665,1614.74
"1193",15,70,240.7,32.45,0.5667,1267.78
"1194",15,71,196.5,32.44,0.56673,856.55
"1195",15,72,135.4,32.36,0.56677,571.04
"1196",15,73,117.5,31.49,0.56681,466.75
"1197",15,74,84.5,31.28,0.56683,400.88
"1198",15,75,57,30.5,0.56689,325.62
"1199",15,76,36,30.01,0.56692,252.09
"1200",15,77,22.2,28.89,0.56693,179.11
"1201",15,78,14.1,27.6,0.56694,111.82
"1202",15,79,5.8,26.96,0.56694,51.87
"1203",15,80,0.1,26.71,0.56696,9.03
"1204",16,1,6,20.62,0.56805,45.66
"1205",16,2,11.9,20.79,0.56806,91.41
"1206",16,3,20.2,21.11,0.56806,162.67
"1207",16,4,28.6,21.61,0.56807,230.09
"1208",16,5,36.6,23.49,0.56807,323.67
"1209",16,6,49.2,26.2,0.56809,479.27
"1210",16,7,69.8,27.86,0.56809,700.49
"1211",16,8,97.2,28.86,0.5681,994.77
"1212",16,9,131.5,29.54,0.56811,1337.79
"1213",16,10,169.7,30,0.56814,1715.79
"1214",16,11,210.8,30.16,0.56816,2116.29
"1215",16,12,253,30.37,0.5682,2478.54
"1216",16,13,297.1,30.96,0.56823,2932.36
"1217",16,14,341.6,31.16,0.56826,3372.74
"1218",16,15,387.1,31.62,0.5683,3758.39
"1219",16,16,431.2,31.23,0.56836,4136.89
"1220",16,17,475.3,31.96,0.56842,4508.32
"1221",16,18,517.4,32.81,0.56845,4885.06
"1222",16,19,557.4,33.33,0.56847,5191.9
"1223",16,20,598.8,32.72,0.56855,5521.46
"1224",16,21,638.5,33.47,0.56859,5822.42
"1225",16,22,675.8,33.26,0.56865,6127.85
"1226",16,23,711.7,33.51,0.56869,6324.14
"1227",16,24,748.9,34.12,0.56872,6649.42
"1228",16,25,784.5,33.67,0.56877,6935.99
"1229",16,26,818.3,33.8,0.56882,7150.44
"1230",16,27,846.7,33.66,0.56888,7369.51
"1231",16,28,873.8,33.5,0.56893,7500.05
"1232",16,29,900.8,34.1,0.56897,7671.16
"1233",16,30,926.5,34.68,0.56897,7828.82
"1234",16,31,948.2,34.61,0.56899,8013.45
"1235",16,32,971.2,35.98,0.56898,8047.85
"1236",16,33,1000.8,34.76,0.56901,8249.19
"1237",16,34,1030.4,34.27,0.56905,8359.2
"1238",16,35,1037.7,35.06,0.56904,8415.97
"1239",16,36,1047.9,35.16,0.56907,8395.36
"1240",16,37,1096.7,34.35,0.56911,8420.59
"1241",16,38,1044.8,34.29,0.56912,8149.25
"1242",16,39,721,33.09,0.56913,5956.67
"1243",16,40,1113.4,33.49,0.56914,8131.6
"1244",16,41,1037.6,33.23,0.56914,7578.4
"1245",16,42,1109.2,33.58,0.56917,7767.17
"1246",16,43,1094.2,34.77,0.56917,7838.42
"1247",16,44,1127.3,36.86,0.56918,7906.48
"1248",16,45,661.9,34.9,0.56921,4265.46
"1249",16,46,634.1,32.86,0.56925,5211.77
"1250",16,47,273.85,33.22,0.56927,2378.23
"1251",16,48,838.8,33.06,0.56929,6239.39
"1252",16,49,799.9,34.54,0.56935,5920.8
"1253",16,50,753,34.73,0.56939,6277.3
"1254",16,51,547.7,33.33,0.56944,4477.2
"1255",16,52,555.9,34.32,0.56947,4419.05
"1256",16,53,859.4,33.69,0.56948,7034.81
"1257",16,54,981.5,35.3,0.56954,8153.23
"1258",16,55,880.6,35.93,0.56955,7227.7
"1259",16,56,651.8,35.31,0.56958,5416.58
"1260",16,57,890.8,35.06,0.56961,7320
"1261",16,58,834.9,35.85,0.56962,6968.14
"1262",16,59,857.5,35.65,0.5697,7161.43
"1263",16,60,784.4,36.35,0.56976,6588.83
"1264",16,61,754.2,35.44,0.56982,6340.56
"1265",16,62,708.8,35.43,0.56987,5924.6
"1266",16,63,682.9,34.99,0.56995,5758.5
"1267",16,64,620.2,35.09,0.57002,5249.46
"1268",16,65,540.8,34.76,0.5701,4575.29
"1269",16,66,483,35.44,0.57015,4093.36
"1270",16,67,424.5,34.84,0.57021,3448
"1271",16,68,355.3,34.74,0.57024,2374.89
"1272",16,69,317.5,34.21,0.5703,1905.89
"1273",16,70,263.2,33.68,0.57038,1487.93
"1274",16,71,214.5,33.38,0.57044,1089.26
"1275",16,72,165.5,33.23,0.57049,840.58
"1276",16,73,140.2,32.92,0.57053,734.18
"1277",16,74,101.2,32.39,0.57059,602.02
"1278",16,75,65.9,31.93,0.57061,449.84
"1279",16,76,48,31.11,0.57064,367.15
"1280",16,77,32.8,30.01,0.57066,258.42
"1281",16,78,25.5,29.37,0.57068,209.22
"1282",16,79,12.6,29.05,0.57069,102.06
"1283",16,80,0.6,28.85,0.57071,14.19
"1284",17,1,5.67,23.31,0.57269,39.56
"1285",17,2,9.9,23.39,0.5727,78.32
"1286",17,3,18.5,23.77,0.57271,146.81
"1287",17,4,27,24.16,0.57271,217.24
"1288",17,5,35.6,25.65,0.57274,312.1
"1289",17,6,48.3,27.91,0.57275,465.01
"1290",17,7,68.1,28.56,0.57279,685.23
"1291",17,8,95.2,29.44,0.57284,968.02
"1292",17,9,128.8,29.66,0.57289,1299.34
"1293",17,10,164.6,30.08,0.57295,1644.77
"1294",17,11,206.05,30.21,0.57303,2054.44
"1295",17,12,249.5,31.12,0.57308,2463.56
"1296",17,13,293.15,31.09,0.57314,2879.41
"1297",17,14,337.2,30.68,0.57325,3328.43
"1298",17,15,381.4,31.54,0.57333,3705.09
"1299",17,16,425.4,31.91,0.57341,4088.78
"1300",17,17,466.7,32.41,0.5735,4423.47
"1301",17,18,512.2,32.85,0.57359,4816.34
"1302",17,19,551.5,33.1,0.57366,5149.71
"1303",17,20,592.75,33.74,0.57374,5460.98
"1304",17,21,648.2,32.83,0.57386,5902.65
"1305",17,22,679.9,33.61,0.57401,6107.12
"1306",17,23,708.8,33.84,0.5741,6166.11
"1307",17,24,739.2,34.41,0.57419,6536.57
"1308",17,25,772.7,34.2,0.57426,6792.2
"1309",17,26,804.4,34.17,0.57436,7029.74
"1310",17,27,840.7,34.49,0.57445,7255.9
"1311",17,28,853.5,34.43,0.57454,7083.77
"1312",17,29,581.65,34.07,0.5746,4926.86
"1313",17,30,264.6,33.2,0.57465,2292.94
"1314",17,31,682.9,33.27,0.57469,5230.16
"1315",17,32,258.6,32.41,0.5747,2327.07
"1316",17,33,913.2,33.73,0.57472,6893.34
"1317",17,34,865.3,35.62,0.57474,6332.21
"1318",17,35,677,33.26,0.57476,4524.77
"1319",17,36,1121.3,34.83,0.57479,8417.95
"1320",17,37,661.1,35.63,0.57484,5461.71
"1321",17,38,568,33.02,0.57486,4266.81
"1322",17,39,1197.9,34.17,0.57489,8020.54
"1323",17,40,484.4,34.53,0.57491,3438.28
"1324",17,41,1168.9,33.31,0.57497,8181.9
"1325",17,42,808.6,33.74,0.575,5662.41
"1326",17,43,1061.8,34.61,0.57504,7804.52
"1327",17,44,1114.4,34.68,0.57509,8415.79
"1328",17,45,1083.8,34.52,0.57515,8404.56
"1329",17,46,1095.4,34.6,0.57523,8081.29
"1330",17,47,511.85,34.58,0.57527,3519.56
"1331",17,48,1112.3,33.85,0.57534,8263.6
"1332",17,49,854.3,34.74,0.57541,6707.92
"1333",17,50,675.9,34.59,0.5755,5238.23
"1334",17,51,947,34.19,0.57558,7746.21
"1335",17,52,459.7,34.84,0.57564,3800.1
"1336",17,53,660.7,33.39,0.57574,5394.95
"1337",17,54,481.1,33.41,0.57578,4152.69
"1338",17,55,893.8,35.41,0.57585,7591.12
"1339",17,56,866.75,35.39,0.57593,7320.17
"1340",17,57,770.6,35.71,0.57602,6576.59
"1341",17,58,628.8,35.38,0.57607,5430.04
"1342",17,59,579.6,34.48,0.57614,4969.14
"1343",17,60,724,35.2,0.5762,6272.96
"1344",17,61,823.8,36.19,0.57626,6989.59
"1345",17,62,726.4,36.07,0.57632,5660.8
"1346",17,63,548.2,35.78,0.5764,4627.04
"1347",17,64,606.3,35.63,0.57647,5133.02
"1348",17,65,392.9,34.12,0.57661,3288.97
"1349",17,66,199.9,32.69,0.57668,1686.19
"1350",17,67,105.2,31.17,0.57674,889.92
"1351",17,68,111.9,30.64,0.57677,962.97
"1352",17,69,195.35,30.66,0.5768,1454.54
"1353",17,70,322.9,31.74,0.57692,2197.72
"1354",17,71,281.5,32.85,0.57699,1896.03
"1355",17,72,219.9,32.07,0.57705,1529.05
"1356",17,73,177.15,31.79,0.57711,1168.92
"1357",17,74,127.7,31.31,0.57717,841.64
"1358",17,75,80,31.11,0.57722,571.37
"1359",17,76,54.45,30.87,0.57725,410.07
"1360",17,77,35.6,29.56,0.57725,289.27
"1361",17,78,21.9,28.49,0.57728,181.16
"1362",17,79,10.2,28.01,0.5773,84.19
"1363",17,80,0.8,27.51,0.57731,14.08
"1364",18,1,5,22.7,0.57925,39.59
"1365",18,2,10.2,22.58,0.57924,77.57
"1366",18,3,17.8,23.18,0.57923,146.6
"1367",18,4,27.1,23.62,0.57921,222.38
"1368",18,5,35.3,24.81,0.57919,311.76
"1369",18,6,47.6,27.42,0.57917,454.01
"1370",18,7,66.6,29.75,0.57916,664.08
"1371",18,8,93.2,30.79,0.57915,938.22
"1372",18,9,126.2,32.51,0.57916,1267.44
"1373",18,10,163.8,33.09,0.57916,1629.55
"1374",18,11,203.9,32.93,0.57918,2013.14
"1375",18,12,244.9,32.9,0.57922,2413.22
"1376",18,13,289,32.47,0.57928,2837.04
"1377",18,14,331.7,33.15,0.57933,3234.74
"1378",18,15,375.7,33.56,0.57937,3620.79
"1379",18,16,419.4,35.08,0.5794,3976.45
"1380",18,17,462.4,34.26,0.57945,4338.9
"1381",18,18,505.6,33.36,0.57953,4739.56
"1382",18,19,547.5,33.82,0.57962,5056.13
"1383",18,20,588.1,33.56,0.57972,5390.85
"1384",18,21,627.7,34.04,0.5798,5711.97
"1385",18,22,663.5,33.93,0.57988,5987.37
"1386",18,23,699.9,34.38,0.57999,6254.97
"1387",18,24,734.5,35.49,0.58007,6487.46
"1388",18,25,767.65,34.42,0.58017,6760.8
"1389",18,26,800.85,34.31,0.58029,6980.86
"1390",18,27,829.7,34.41,0.58038,7205.8
"1391",18,28,856.5,35.13,0.58047,7406.14
"1392",18,29,881.75,35.19,0.58057,7529.61
"1393",18,30,826.3,34.02,0.58072,7223.2
"1394",18,31,931.5,34.24,0.58083,7943.44
"1395",18,32,961.4,34.83,0.5809,8116.39
"1396",18,33,911.9,34.63,0.581,7560.01
"1397",18,34,1020.5,34.51,0.58106,8433.57
"1398",18,35,1028.4,34.88,0.58114,8434.07
"1399",18,36,772.7,34.72,0.58124,6479.67
"1400",18,37,784.9,33.3,0.58133,5832.7
"1401",18,38,717.2,33.63,0.58142,5281.85
"1402",18,39,499.2,32.94,0.5815,3846.75
"1403",18,40,678,32.11,0.58156,5566.06
"1404",18,41,797.5,33.41,0.58166,5914.84
"1405",18,42,960,33.11,0.58175,7128.82
"1406",18,43,1018.9,34.6,0.58182,7638.92
"1407",18,44,1072.3,34.72,0.58189,7794.21
"1408",18,45,1096.7,34.75,0.58197,8434.86
"1409",18,46,1043.8,35.18,0.58206,7781.11
"1410",18,47,1116.9,35.58,0.58211,8431.6
"1411",18,48,1030.4,35.09,0.58221,7638.58
"1412",18,49,1066.5,35.04,0.58231,8414.23
"1413",18,50,1041.7,35.44,0.58239,8407.66
"1414",18,51,838.6,35.38,0.58251,6846.48
"1415",18,52,891.2,35.14,0.58261,7390.05
"1416",18,53,867,35.15,0.58273,6563.46
"1417",18,54,782.6,34.61,0.58284,6685.39
"1418",18,55,631.1,35.47,0.58294,5276.68
"1419",18,56,237.4,32.99,0.58303,2054.37
"1420",18,57,848.8,34.56,0.58311,7203.48
"1421",18,58,670.8,35.34,0.58319,5726.4
"1422",18,59,796.2,36.1,0.5833,6717.04
"1423",18,60,720.3,36.48,0.58339,6117.72
"1424",18,61,620.3,36.12,0.58349,5200.88
"1425",18,62,650.1,36.48,0.58357,5482.62
"1426",18,63,557.2,36.18,0.58365,4731.85
"1427",18,64,481.3,35.77,0.58373,4071.52
"1428",18,65,513.8,35.7,0.58381,4338.95
"1429",18,66,350.9,35.7,0.58389,2959.28
"1430",18,67,170,32.85,0.58399,1413.34
"1431",18,68,174.2,32.47,0.58408,1394.07
"1432",18,69,101.3,31.98,0.58414,858.89
"1433",18,70,92,31.41,0.58418,809.19
"1434",18,71,92,30.92,0.58425,818.68
"1435",18,72,74.2,30.78,0.5843,658.52
"1436",18,73,52.2,30.56,0.58436,457.89
"1437",18,74,38.9,30.15,0.5844,333.07
"1438",18,75,26.6,29.94,0.58442,229.14
"1439",18,76,17.1,29.75,0.58447,144.38
"1440",18,77,9,29.67,0.58452,73.41
"1441",18,78,1,29.51,0.58457,21.82
"1442",18,79,0.1,22.59,0.58646,0
"1443",19,1,5.33,23.99,0.58806,39.85
"1444",19,2,11.5,24,0.58817,85.8
"1445",19,3,20.5,24.02,0.58829,161.7
"1446",19,4,29.5,24.24,0.58842,232.13
"1447",19,5,38.8,24.96,0.58853,328.04
"1448",19,6,49.7,26.3,0.58861,478.4
"1449",19,7,69.1,27.38,0.58866,695.19
"1450",19,8,95.9,27.84,0.58873,967.68
"1451",19,9,129.4,28.23,0.58883,1264.23
"1452",19,10,164.2,28.5,0.58892,1644.88
"1453",19,11,203.9,28.74,0.58905,1964.63
"1454",19,12,226.5,28.65,0.58914,2285.74
"1455",19,13,232.9,28.33,0.58924,2175.35
"1456",19,14,289.9,26.69,0.58935,2658.06
"1457",19,15,395.4,28.93,0.58946,3841.35
"1458",19,16,297.3,28.94,0.58958,2948.36
"1459",19,17,487.3,28.5,0.58969,4273.01
"1460",19,18,315.6,28.23,0.58981,2946.52
"1461",19,19,352.8,26.96,0.58997,3257.19
"1462",19,20,525.4,28.7,0.59006,5094.17
"1463",19,21,545.6,29.1,0.59016,4529.11
"1464",19,22,534.1,28.71,0.59027,4834.05
"1465",19,23,552.7,29.1,0.59037,4586.88
"1466",19,24,485.9,28.59,0.59047,4236.78
"1467",19,25,731.4,28.88,0.59063,6006.67
"1468",19,26,787.1,29.63,0.59075,6993.74
"1469",19,27,655.8,30.44,0.59088,5073.81
"1470",19,28,792.5,30.09,0.59097,5889.88
"1471",19,29,615.9,29.88,0.59105,4937.37
"1472",19,30,828.9,29.63,0.59111,6828.54
"1473",19,31,891.4,31.37,0.5912,7202.04
"1474",19,32,1058,31.58,0.59131,8419.48
"1475",19,33,844.3,31.12,0.59142,6814.25
"1476",19,34,976.1,31.26,0.59154,7464.9
"1477",19,35,1075.2,31.75,0.59166,8417.52
"1478",19,36,1074.8,32.7,0.59174,7949.98
"1479",19,37,773.2,31.24,0.59185,5938.74
"1480",19,38,829.8,32.4,0.59193,6176.13
"1481",19,39,754.9,30.45,0.59201,5633.48
"1482",19,40,1008.3,31.12,0.59214,6988.69
"1483",19,41,829.3,31.37,0.59222,6132.53
"1484",19,42,905.6,31.9,0.59231,6117.53
"1485",19,43,1009,31.9,0.59239,7412.06
"1486",19,44,1120.6,32.12,0.59249,8416.44
"1487",19,45,877.25,31.91,0.59259,6294.14
"1488",19,46,965.7,32.05,0.59268,7348.11
"1489",19,47,745.55,32,0.59276,5775.74
"1490",19,48,970.1,32.75,0.59288,8406.14
"1491",19,49,722.3,32.29,0.59299,5496.8
"1492",19,50,589.9,32.31,0.59308,4431.46
"1493",19,51,1045.2,31.73,0.59315,7491.03
"1494",19,52,930.8,32.97,0.59321,7480.32
"1495",19,53,914.4,32.89,0.59332,7712.64
"1496",19,54,789.4,33.03,0.59337,6446.7
"1497",19,55,878.8,33.62,0.59345,7409.43
"1498",19,56,654.1,33.25,0.59354,5492.46
"1499",19,57,707.7,32.68,0.5936,5888.28
"1500",19,58,468.1,32.93,0.59369,3762.53
"1501",19,59,629.2,33.12,0.59375,5472.73
"1502",19,60,691.3,34.44,0.5938,5973.71
"1503",19,61,341.5,33.94,0.59385,2875.32
"1504",19,62,318.4,29.66,0.59396,2965.98
"1505",19,63,267.2,23.82,0.59404,2489.9
"1506",19,64,82.7,23.63,0.59414,746.42
"1507",19,65,148.4,21.13,0.59418,1367.82
"1508",19,66,182.7,23.02,0.59419,1687.26
"1509",19,67,309.5,24.81,0.59416,2719.33
"1510",19,68,277.3,29.15,0.59414,2244.66
"1511",19,69,181.7,27.75,0.59414,1264.08
"1512",19,70,156.4,28.34,0.59415,1101.13
"1513",19,71,178.2,28.84,0.59415,1100.73
"1514",19,72,98.6,29.35,0.59411,762.03
"1515",19,73,64.5,26.35,0.59408,515.41
"1516",19,74,66.7,25.81,0.59406,517.24
"1517",19,75,76.2,27.66,0.59403,549.95
"1518",19,76,37.4,27.64,0.59411,307.83
"1519",19,77,18.1,25.69,0.5942,143.81
"1520",19,78,7.6,25.01,0.59428,64.07
"1521",19,79,1,24.62,0.59433,14.74
"1522",20,1,5.8,22.93,0.59799,40.62
"1523",20,2,9.7,22.96,0.59801,73.59
"1524",20,3,12.9,23.07,0.59803,106.77
"1525",20,4,19.8,23.14,0.59806,158.94
"1526",20,5,31.9,23.28,0.5981,264.69
"1527",20,6,51.1,23.48,0.59812,441.19
"1528",20,7,73.5,23.68,0.59815,646.96
"1529",20,8,88.2,23.94,0.59817,783.21
"1530",20,9,96.8,24.23,0.59818,863.24
"1531",20,10,97.3,24.4,0.5982,866.06
"1532",20,11,110.8,24.48,0.59821,977.74
"1533",20,12,147.9,24.64,0.59825,1327.48
"1534",20,13,170,25.09,0.59826,1552.65
"1535",20,14,230,25.4,0.59831,2128.9
"1536",20,15,240.6,26.21,0.59832,2233.71
"1537",20,16,214.5,26.04,0.59837,1988.42
"1538",20,17,125.5,25.82,0.59838,1103.51
"1539",20,18,275.7,26,0.59838,2527.18
"1540",20,19,346.1,26.99,0.59841,3194.67
"1541",20,20,321,26.94,0.59845,2928.93
"1542",20,21,268.1,26.27,0.5985,2503.9
"1543",20,22,430.8,26.58,0.59854,4017.38
"1544",20,23,360,27.26,0.59855,3330.8
"1545",20,24,802.8,28.31,0.5986,6951.64
"1546",20,25,533,29.37,0.59866,4801.13
"1547",20,26,713.7,28.92,0.59871,6484.8
"1548",20,27,970.6,30.42,0.59877,7853.65
"1549",20,28,778.2,30.61,0.59886,6277.41
"1550",20,29,615.8,30.38,0.59897,5559.83
"1551",20,30,735.2,29.88,0.59904,6474.42
"1552",20,31,717.5,29.4,0.59914,5677.95
"1553",20,32,923.3,30.51,0.59924,6714.04
"1554",20,33,703.4,30.35,0.59933,5184.86
"1555",20,34,305.5,27.04,0.59944,2743.27
"1556",20,35,431.1,25.7,0.5995,3980.92
"1557",20,36,811.1,28.74,0.59953,6555.6
"1558",20,37,1002.7,30.71,0.59959,7275.54
"1559",20,38,609.3,29.61,0.59968,5021.54
"1560",20,39,531.1,29.49,0.59974,4076.33
"1561",20,40,783.8,29.92,0.5998,6000.66
"1562",20,41,525.2,30.2,0.5999,4255.06
"1563",20,42,391.2,29.74,0.59998,3470.66
"1564",20,43,721.75,30.23,0.6001,5551.9
"1565",20,44,683.3,30.06,0.60016,5197.34
"1566",20,45,566.5,30.63,0.60027,4278.19
"1567",20,46,813.45,30.82,0.60033,5770.81
"1568",20,47,595.5,30.44,0.60042,4568.19
"1569",20,48,556.4,30.52,0.60054,4442.45
"1570",20,49,350.6,29.95,0.6006,3137.06
"1571",20,50,910.9,29.92,0.60069,7116.75
"1572",20,51,278.2,30.96,0.60075,2278.56
"1573",20,52,240.6,28.88,0.6008,2111.99
"1574",20,53,228,28.55,0.60085,2022.77
"1575",20,54,349.4,24.4,0.60095,3358.5
"1576",20,55,157.9,25.12,0.60104,1412.53
"1577",20,56,301.1,24.88,0.60108,2807.81
"1578",20,57,556.5,26.38,0.60111,5205.28
"1579",20,58,333.6,27.84,0.60112,2954.42
"1580",20,59,124.8,26.3,0.60113,1093.67
"1581",20,60,4.2,24.3,0.60117,38.77
"1582",20,61,5.7,21.26,0.60135,41.82
"1583",20,62,5.8,20.72,0.60144,47.08
"1584",20,63,4.65,20.7,0.60152,32.56
"1585",20,64,3.9,20.62,0.60159,29.02
"1586",20,65,2.1,20.59,0.60159,18.91
"1587",20,66,2.1,20.62,0.60158,22.65
"1588",20,67,6.3,20.62,0.60159,43.86
"1589",20,68,7.1,20.53,0.60157,51.58
"1590",20,69,9.2,20.52,0.60156,69.66
"1591",20,70,12.2,20.62,0.60155,94.77
"1592",20,71,11.4,20.56,0.60163,85.34
"1593",20,72,11,20.55,0.60162,81.01
"1594",20,73,9.9,20.46,0.60161,75.59
"1595",20,74,8.4,20.46,0.60158,63.09
"1596",20,75,7.8,20.3,0.60156,58.87
"1597",20,76,5.9,20.18,0.60153,41.12
"1598",20,77,1.7,20.14,0.6015,16.08
"1599",20,78,0.1,20.12,0.60146,0
"1600",21,1,5.89,20.54,0.60115,36.98
"1601",21,2,7.7,20.48,0.60113,59.54
"1602",21,3,11.7,20.3,0.60113,88.37
"1603",21,4,15.2,20.21,0.60115,121.73
"1604",21,5,18.8,20.12,0.60113,158.93
"1605",21,6,25.8,19.99,0.6011,211.28
"1606",21,7,33.3,20.08,0.60109,287.96
"1607",21,8,45.3,20.21,0.6011,391.74
"1608",21,9,57.6,20.32,0.60109,500.51
"1609",21,10,63.7,20.59,0.60108,568.17
"1610",21,11,69.5,20.83,0.60106,622.86
"1611",21,12,81.6,20.96,0.60104,730.55
"1612",21,13,97.7,21.13,0.60103,882.59
"1613",21,14,132.1,21.42,0.60103,1200.14
"1614",21,15,163,21.73,0.60104,1487.29
"1615",21,16,195.2,22.21,0.60104,1786.52
"1616",21,17,223.6,22.77,0.60103,2041.55
"1617",21,18,241.7,23.26,0.60102,2195.72
"1618",21,19,262.7,23.86,0.601,2394.04
"1619",21,20,279.5,24.48,0.60097,2538.9
"1620",21,21,319.9,25.46,0.60095,2910.26
"1621",21,22,371,25.7,0.60094,3386.69
"1622",21,23,469.1,25.91,0.60095,4307.91
"1623",21,24,465.3,27.13,0.60095,4237.64
"1624",21,25,508.4,27.26,0.60097,4641.13
"1625",21,26,525.5,27.74,0.60097,4727.1
"1626",21,27,437.7,28.61,0.60095,3933.88
"1627",21,28,356.6,27.97,0.60094,3223.43
"1628",21,29,332.7,27.47,0.60093,3027.86
"1629",21,30,330,27.31,0.60093,3007.92
"1630",21,31,352.7,26.78,0.60093,3196.78
"1631",21,32,410.2,28.29,0.60091,3715.45
"1632",21,33,483.1,28.49,0.6009,4358.98
"1633",21,34,479.3,28.57,0.60089,4300.76
"1634",21,35,600.1,28.85,0.60087,5356.55
"1635",21,36,1172.4,30.07,0.6009,8381.19
"1636",21,37,1060.1,30.87,0.6009,8040.14
"1637",21,38,960.7,30.23,0.60091,7972.85
"1638",21,39,1065.1,30.56,0.60092,8299.95
"1639",21,40,918.1,32.42,0.60093,6993.09
"1640",21,41,703.1,30.49,0.60095,6025
"1641",21,42,716.8,29.95,0.60098,6204.11
"1642",21,43,906.8,30.38,0.60099,7695.27
"1643",21,44,758.6,31.36,0.60101,6311.99
"1644",21,45,681.8,30.36,0.60102,5931.57
"1645",21,46,725.5,30.16,0.60105,6308.26
"1646",21,47,849.3,32.01,0.60104,7277.49
"1647",21,48,576.4,31.42,0.60105,4910.84
"1648",21,49,786.8,31.46,0.60107,6425.34
"1649",21,50,698.2,31.07,0.6011,6004.77
"1650",21,51,628.2,32.09,0.60112,5426.92
"1651",21,52,452.1,31.21,0.60114,3867.28
"1652",21,53,667.7,31.3,0.60117,5843.13
"1653",21,54,580.7,32.97,0.60119,5071.23
"1654",21,55,518.7,32.69,0.60118,4394.42
"1655",21,56,532.9,32.34,0.60124,4516.61
"1656",21,57,243.5,30.03,0.60126,2185.54
"1657",21,58,273.6,28.96,0.60126,2429.19
"1658",21,59,209.2,30.61,0.60126,1802.17
"1659",21,60,171.1,29.49,0.60123,1436.9
"1660",21,61,148.7,29.68,0.60121,1235.86
"1661",21,62,179.6,28.78,0.60123,1523.28
"1662",21,63,237.7,30.59,0.60122,1887.54
"1663",21,64,181.4,30.08,0.6012,1435.85
"1664",21,65,134.9,29.28,0.60118,1130.79
"1665",21,66,91.6,28.04,0.60116,781.66
"1666",21,67,64.7,27.57,0.60115,553.92
"1667",21,68,46.7,27.29,0.60112,397.55
"1668",21,69,34.5,26.99,0.6011,288.34
"1669",21,70,20.2,26.4,0.6011,167.94
"1670",21,71,20.8,25.15,0.60117,165.98
"1671",21,72,28.8,21.94,0.60124,228.93
"1672",21,73,26.3,20.91,0.60125,209.98
"1673",21,74,7.5,20.92,0.60122,54.99
