"","dia_mes_ano","hora_minuto","irr","massaPM1","massaPM2","massaPM4","massaPM10","numPM1","numPM2","numPM4","numPM10","tamanho_medio","temp","vento_dir","vento_vel","rainfall"
"1",20200502,200,0,3.5,0.12,0,0,28.88,0.08,0,0,0.46,19.25,180,0,0
"2",20200502,300,0,3.83,0.13,0,0,31.6,0.09,0,0,0.46,19.06,180,0,0
"3",20200502,400,0,3.42,0.11,0,0,28.21,0.08,0,0,0.45,18.94,180,0,0
"4",20200502,500,0,4.26,0.14,0,0,35.14,0.1,0,0,0.45,18.75,180,0,0
"5",20200502,600,0,3.85,0.13,0,0,31.79,0.09,0,0,0.46,18.94,180,0,0
"6",20200502,700,0,3.7,0.12,0,0,30.51,0.08,0,0,0.44,18.88,180,0,0
"7",20200502,800,0,3.84,0.13,0,0,31.66,0.09,0,0,0.44,18.81,180,0,0
"8",20200502,900,0,3.9,0.13,0,0,32.18,0.09,0,0,0.44,18.62,180,0,0
"9",20200502,1000,0,4.08,0.14,0,0,33.67,0.09,0,0,0.43,18.44,180,0,0
"10",20200502,1100,0,4.04,0.13,0,0,33.3,0.09,0,0,0.44,18.56,180,0,0
"11",20200502,1200,0,4.29,0.14,0,0,35.4,0.1,0,0,0.44,18.38,180,0,0
"12",20200502,1300,0,4.39,0.15,0,0,36.18,0.1,0,0,0.43,18.12,180,0,0
"13",20200502,1400,0,3.84,0.13,0,0,31.64,0.09,0,0,0.46,18.25,180,0,0
"14",20200502,1500,0,4.23,0.14,0,0,34.9,0.1,0,0,0.47,18.31,180,0,0
"15",20200502,1600,0,4.57,0.15,0,0,37.67,0.1,0,0,0.46,18.31,180,0,0
"16",20200502,1700,0,4.47,0.15,0,0,36.87,0.1,0,0,0.47,18.31,180,0,0
"17",20200502,1800,0,4.3,0.14,0,0,35.5,0.1,0,0,0.47,18.62,180,0,0
"18",20200502,1900,0,4.31,0.14,0,0,35.57,0.1,0,0,0.48,18.69,180,0,0
"19",20200502,2000,0,4.62,0.15,0,0,38.11,0.1,0,0,0.49,18.69,180,0,0
"20",20200502,2100,0,4.09,0.14,0,0,33.71,0.09,0,0,0.48,18.69,180,0,0
"21",20200502,2200,0,4.17,0.14,0,0,34.42,0.09,0,0,0.47,18.69,180,0,0
"22",20200502,2300,0,4.58,0.15,0,0,37.76,0.1,0,0,0.45,18.81,180,0,0
"23",20200502,2400,0,4.72,0.16,0,0,38.96,0.11,0,0,0.45,18.81,180,3.99,0
"24",20200502,2500,0,4.28,0.14,0,0,35.3,0.1,0,0,0.45,18.81,180,3.99,0
"25",20200502,2600,0,4.75,0.16,0,0,39.21,0.11,0,0,0.45,18.75,180,0,0
"26",20200502,2700,0,4.05,0.13,0,0,33.44,0.09,0,0,0.46,18.81,90,5.32,0
"27",20200502,2800,0,4.9,0.16,0,0,40.42,0.11,0,0,0.48,18.56,90,0,0
"28",20200502,2900,0,4.78,0.16,0,0,39.45,0.11,0,0,0.47,18.5,90,0,0
"29",20200502,3000,0,4.83,0.16,0,0,39.83,0.11,0,0,0.49,18.56,90,0,0
"30",20200502,3100,0,4.84,0.16,0,0,39.89,0.11,0,0,0.5,18.62,90,0,0
"31",20200502,3200,0,4.47,0.15,0,0,36.86,0.1,0,0,0.5,18.62,90,0,0
"32",20200502,3300,0,4.79,0.16,0,0,39.56,0.11,0,0,0.49,18.44,90,0,0
"33",20200502,3400,0,3.97,0.13,0,0,32.73,0.09,0,0,0.48,18.56,90,0,0
"34",20200502,3500,0,5.2,0.17,0,0,42.93,0.12,0,0,0.46,18.56,90,0,0
"35",20200502,3600,0,4.59,0.15,0,0,37.89,0.1,0,0,0.46,18.44,90,0,0
"36",20200502,3700,0,4.14,0.14,0,0,34.17,0.09,0,0,0.47,18.5,90,0,0
"37",20200502,3800,0,4.47,0.15,0,0,36.92,0.1,0,0,0.46,18.38,90,0,0
"38",20200502,3900,0,4.22,0.14,0,0,34.81,0.1,0,0,0.46,18.38,90,0,0
"39",20200502,4000,0,4.9,0.16,0,0,40.39,0.11,0,0,0.47,18.31,90,0,0
"40",20200502,4100,0,4.85,0.16,0,0,40,0.11,0,0,0.49,18.31,90,0,0
"41",20200502,4200,0,4.37,0.15,0,0,36.07,0.1,0,0,0.5,18.31,90,0,0
"42",20200502,4300,0,4.64,0.15,0,0,38.3,0.11,0,0,0.49,18.25,90,0,0
"43",20200502,4400,0,4.01,0.13,0,0,33.1,0.09,0,0,0.45,18.31,90,0,0
"44",20200502,4500,0,4.14,0.14,0,0,34.14,0.09,0,0,0.46,18.31,90,0,0
"45",20200502,4600,0,4.44,0.15,0,0,36.59,0.1,0,0,0.48,18.31,90,0,0
"46",20200502,4700,0,4.28,0.14,0,0,35.3,0.1,0,0,0.46,18.31,90,0,0
"47",20200502,4800,0,4.64,0.15,0,0,38.25,0.11,0,0,0.47,18.19,90,0,0
"48",20200502,4900,0,4.58,0.15,0,0,37.82,0.1,0,0,0.48,18,90,0,0
"49",20200502,5000,0,4.57,0.15,0,0,37.71,0.1,0,0,0.49,18.19,90,0,0
"50",20200502,5100,0,4.48,0.15,0,0,36.93,0.1,0,0,0.48,18.19,90,0,0
"51",20200502,5200,0,4.77,0.16,0,0,39.35,0.11,0,0,0.49,18.31,90,0,0
"52",20200502,5300,0,4.43,0.15,0,0,36.51,0.1,0,0,0.5,18.31,90,0,0
"53",20200502,5400,0,4.62,0.15,0,0,38.1,0.1,0,0,0.49,18.38,90,0,0
"54",20200502,5500,0,5.01,0.17,0,0,41.37,0.11,0,0,0.47,18.56,90,0,0
"55",20200502,5600,0,5.27,0.18,0,0,43.46,0.12,0,0,0.45,18.44,90,0,0
"56",20200502,5700,0,5.83,0.19,0,0,48.1,0.13,0,0,0.44,18.5,90,0,0
"57",20200502,5800,0,5.31,0.18,0,0,43.77,0.12,0,0,0.44,18.5,90,0,0
"58",20200502,5900,0,5.18,0.17,0,0,42.71,0.12,0,0,0.46,18.44,90,0,0
"59",20200502,10000,0,5.29,0.18,0,0,43.66,0.12,0,0,0.48,18.5,90,0,0
"60",20200502,10100,0,5.49,0.18,0,0,45.32,0.12,0,0,0.47,18.44,90,0,0
"61",20200502,10200,0,5.54,0.18,0,0,45.74,0.13,0,0,0.47,18.44,90,0,0
"62",20200502,10300,0,5.82,0.19,0,0,48.03,0.13,0,0,0.49,18.44,90,0,0
"63",20200502,10400,0,5.73,0.19,0,0,47.27,0.13,0,0,0.49,18.25,90,0,0
"64",20200502,10500,0,5.9,0.2,0,0,48.67,0.13,0,0,0.49,18.12,90,0,0
"65",20200502,10600,0,6.28,0.21,0,0,51.81,0.14,0,0,0.48,18.19,90,2.66,0
"66",20200502,10700,0,5.4,0.18,0,0,44.59,0.12,0,0,0.48,18.25,90,0,0
"67",20200502,10800,0,5.55,0.18,0,0,45.81,0.13,0,0,0.48,18.19,90,0,0
"68",20200502,10900,0,6.52,0.22,0,0,53.83,0.15,0,0,0.48,18.25,90,0,0
"69",20200502,11000,0,5.38,0.18,0,0,44.35,0.12,0,0,0.47,18.44,90,1.33,0
"70",20200502,11100,0,5.94,0.2,0,0,49.04,0.13,0,0,0.48,18.44,90,5.32,0
"71",20200502,11200,0,5.93,0.2,0,0,48.94,0.13,0,0,0.47,18.94,90,0,0
"72",20200502,11300,0,5.9,0.2,0,0,48.7,0.13,0,0,0.49,19,90,6.65,0
"73",20200502,11400,0,5.91,0.2,0,0,48.72,0.13,0,0,0.51,19.19,180,0,0
"74",20200502,11500,0,5.44,0.18,0,0,44.92,0.12,0,0,0.51,19.62,90,2.66,0
"75",20200502,11600,0,5.75,0.19,0,0,47.46,0.13,0,0,0.49,19.62,135,3.99,0
"76",20200502,11700,0,6.32,0.21,0,0,52.17,0.14,0,0,0.51,19.5,135,3.99,0
"77",20200502,11800,0,5.27,0.18,0,0,43.5,0.12,0,0,0.48,19.25,135,0,0
"78",20200502,11900,0,5.75,0.19,0,0,47.47,0.13,0,0,0.46,19.38,135,0,0
"79",20200502,12000,0,5.47,0.18,0,0,45.15,0.12,0,0,0.45,19.62,135,3.99,0
"80",20200502,12100,0,5.8,0.19,0,0,47.82,0.13,0,0,0.48,19.44,180,0,0
"81",20200502,12200,0,5.31,0.18,0,0,43.82,0.12,0,0,0.47,19.5,180,0,0
"82",20200502,12300,0,4.54,0.15,0,0,37.42,0.1,0,0,0.48,19.12,180,0,0
"83",20200502,12400,0,5.53,0.18,0,0,45.62,0.13,0,0,0.49,19,180,0,0
"84",20200502,12500,0,5.03,0.17,0,0,41.47,0.11,0,0,0.49,18.94,180,0,0
"85",20200502,12600,0,4.45,0.15,0,0,36.69,0.1,0,0,0.48,19,135,3.99,0
"86",20200502,12700,0,4.81,0.16,0,0,39.7,0.11,0,0,0.48,19.06,135,2.66,0
"87",20200502,12800,0,4.48,0.15,0,0,36.97,0.1,0,0,0.46,18.88,135,3.99,0
"88",20200502,12900,0,5.4,0.18,0,0,44.58,0.12,0,0,0.47,19.19,0,2.66,0
"89",20200502,13000,0,4.86,0.16,0,0,40.1,0.11,0,0,0.48,19.19,45,3.99,0
"90",20200502,13100,0,4.47,0.15,0,0,36.86,0.1,0,0,0.47,19.38,135,3.99,0
"91",20200502,13200,0,4.88,0.16,0,0,40.3,0.11,0,0,0.47,19.25,135,3.99,0
"92",20200502,13300,0,4.68,0.16,0,0,38.64,0.11,0,0,0.46,19.31,135,3.99,0
"93",20200502,13400,0,4.47,0.15,0,0,36.91,0.1,0,0,0.46,19.38,135,0,0
"94",20200502,13500,0,4.47,0.15,0,0,36.89,0.1,0,0,0.48,19.25,135,0,0
"95",20200502,13600,0,5.05,0.17,0,0,41.66,0.11,0,0,0.47,19.12,135,0,0
"96",20200502,13700,0,4.99,0.17,0,0,41.13,0.11,0,0,0.46,19.19,135,0,0
"97",20200502,13800,0,4.31,0.14,0,0,35.52,0.1,0,0,0.47,19.19,135,0,0
"98",20200502,13900,0,5.38,0.18,0,0,44.4,0.12,0,0,0.48,19.12,135,0,0
"99",20200502,14000,0,4.62,0.15,0,0,38.1,0.1,0,0,0.5,18.88,135,0,0
"100",20200502,14100,0,4.1,0.14,0,0,33.84,0.09,0,0,0.51,18.56,135,0,0
"101",20200502,14200,0,4.76,0.16,0,0,39.29,0.11,0,0,0.52,18.62,135,0,0
"102",20200502,14300,0,5.17,0.17,0,0,42.65,0.12,0,0,0.5,18.69,135,0,0
"103",20200502,14400,0,4.46,0.15,0,0,36.76,0.1,0,0,0.48,18.44,135,0,0
"104",20200502,14500,0,5.33,0.18,0,0,43.96,0.12,0,0,0.49,18.19,135,0,0
"105",20200502,14600,0,4.26,0.14,0,0,35.13,0.1,0,0,0.46,18.12,135,0,0
"106",20200502,14700,0,4.71,0.16,0,0,38.87,0.11,0,0,0.47,18.06,135,0,0
"107",20200502,14800,0,4.65,0.15,0,0,38.39,0.11,0,0,0.47,17.88,135,0,0
"108",20200502,14900,0,5.21,0.17,0,0,42.96,0.12,0,0,0.45,17.88,135,0,0
"109",20200502,15000,0,5.36,0.18,0,0,44.24,0.12,0,0,0.45,18,135,0,0
"110",20200502,15100,0,5.04,0.17,0,0,41.57,0.11,0,0,0.46,17.88,135,0,0
"111",20200502,15200,0,5.23,0.17,0,0,43.13,0.12,0,0,0.47,17.81,135,0,0
"112",20200502,15300,0,5.06,0.17,0,0,41.74,0.11,0,0,0.46,17.69,135,0,0
"113",20200502,15400,0,4.89,0.16,0,0,40.36,0.11,0,0,0.46,17.56,135,0,0
"114",20200502,15500,0,5.27,0.18,0,0,43.46,0.12,0,0,0.46,17.38,135,0,0
"115",20200502,15600,0,5.13,0.17,0,0,42.3,0.12,0,0,0.46,17.31,135,0,0
"116",20200502,15700,0,4.28,0.14,0,0,35.3,0.1,0,0,0.46,17.5,135,0,0
"117",20200502,15800,0,5.23,0.17,0,0,43.16,0.12,0,0,0.45,17.44,135,0,0
"118",20200502,15900,0,5.51,0.18,0,0,45.43,0.12,0,0,0.47,17.5,135,0,0
"119",20200502,20000,0,5,0.17,0,0,41.25,0.11,0,0,0.47,17.5,135,0,0
"120",20200502,20100,0,5.19,0.17,0,0,42.82,0.12,0,0,0.46,17.56,135,0,0
"121",20200502,20200,0,4.84,0.16,0,0,39.92,0.11,0,0,0.46,17.56,135,0,0
"122",20200502,20300,0,4.78,0.16,0,0,39.44,0.11,0,0,0.48,17.44,135,0,0
"123",20200502,20400,0,5.36,0.18,0,0,44.25,0.12,0,0,0.47,17.44,135,0,0
"124",20200502,20500,0,4.82,0.16,0,0,39.8,0.11,0,0,0.49,17.81,135,0,0
"125",20200502,20600,0,4.82,0.16,0,0,39.77,0.11,0,0,0.49,17.44,135,0,0
"126",20200502,20700,0,5.13,0.17,0,0,42.35,0.12,0,0,0.48,17.56,135,0,0
"127",20200502,20800,0,5.17,0.17,0,0,42.68,0.12,0,0,0.51,17.69,135,0,0
"128",20200502,20900,0,4.64,0.15,0,0,38.28,0.11,0,0,0.5,17.81,135,0,0
"129",20200502,21000,0,5.06,0.17,0,0,41.78,0.11,0,0,0.49,17.56,135,0,0
"130",20200502,21100,0,4.76,0.16,0,0,39.25,0.11,0,0,0.49,17.56,135,0,0
"131",20200502,21200,0,5.32,0.18,0,0,43.88,0.12,0,0,0.49,17.62,135,0,0
"132",20200502,21300,0,4.83,0.16,0,0,39.82,0.11,0,0,0.48,17.44,135,0,0
"133",20200502,21400,0,5.17,0.17,0,0,42.65,0.12,0,0,0.49,17,135,0,0
"134",20200502,21500,0,5.09,0.17,0,0,41.98,0.12,0,0,0.48,16.94,135,0,0
"135",20200502,21600,0,5.17,0.17,0,0,42.68,0.12,0,0,0.48,17,135,0,0
"136",20200502,21700,0,5.17,0.17,0,0,42.67,0.12,0,0,0.47,16.88,135,0,0
"137",20200502,21800,0,5.65,0.19,0,0,46.6,0.13,0,0,0.46,17.06,135,0,0
"138",20200502,21900,0,5.21,0.17,0,0,43.01,0.12,0,0,0.46,17,135,0,0
"139",20200502,22000,0,6.02,0.2,0,0,49.64,0.14,0,0,0.46,17.06,135,0,0
"140",20200502,22100,0,4.74,0.16,0,0,39.07,0.11,0,0,0.44,17.31,135,0,0
"141",20200502,22200,0,5.06,0.17,0,0,41.71,0.11,0,0,0.46,17.31,135,0,0
"142",20200502,22300,0,5.04,0.17,0,0,41.57,0.11,0,0,0.46,17.12,135,0,0
"143",20200502,22400,0,5.46,0.18,0,0,45.08,0.12,0,0,0.47,16.94,135,0,0
"144",20200502,22500,0,5.3,0.18,0,0,43.73,0.12,0,0,0.47,16.94,135,0,0
"145",20200502,22600,0,5.34,0.18,0,0,44.06,0.12,0,0,0.47,17,135,0,0
"146",20200502,22700,0,5.25,0.17,0,0,43.34,0.12,0,0,0.48,17.06,180,2.66,0
"147",20200502,22800,0,5.22,0.17,0,0,43.06,0.12,0,0,0.49,17.12,180,3.99,0
"148",20200502,22900,0,4.95,0.16,0,0,40.8,0.11,0,0,0.47,16.94,180,0,0
"149",20200502,23000,0,4.68,0.16,0,0,38.61,0.11,0,0,0.49,17.06,180,0,0
"150",20200502,23100,0,5.11,0.17,0,0,42.18,0.12,0,0,0.49,17.06,180,0,0
"151",20200502,23200,0,5.25,0.17,0,0,43.29,0.12,0,0,0.51,16.94,180,0,0
"152",20200502,23300,0,5.32,0.18,0,0,43.88,0.12,0,0,0.51,16.94,180,0,0
"153",20200502,23400,0,5.13,0.17,0,0,42.3,0.12,0,0,0.47,17.25,180,0,0
"154",20200502,23500,0,5.05,0.17,0,0,41.7,0.11,0,0,0.48,17.12,180,0,0
"155",20200502,23600,0,5.26,0.18,0,0,43.41,0.12,0,0,0.51,17,180,0,0
"156",20200502,23700,0,5.43,0.18,0,0,44.76,0.12,0,0,0.49,16.94,180,0,0
"157",20200502,23800,0,4.46,0.15,0,0,36.8,0.1,0,0,0.51,16.88,180,0,0
"158",20200502,23900,0,5.46,0.18,0,0,45.03,0.12,0,0,0.49,16.81,180,0,0
"159",20200502,24000,0,5.03,0.17,0,0,41.52,0.11,0,0,0.48,16.88,180,0,0
"160",20200502,24100,0,4.28,0.14,0,0,35.31,0.1,0,0,0.47,16.75,180,0,0
"161",20200502,24200,0,5.29,0.18,0,0,43.62,0.12,0,0,0.48,17.25,180,0,0
"162",20200502,24300,0,6.22,0.21,0,0,51.28,0.14,0,0,0.49,17.56,180,0,0
"163",20200502,24400,0,5.66,0.19,0,0,46.65,0.13,0,0,0.49,17.25,180,0,0
"164",20200502,24500,0,5.71,0.19,0,0,47.09,0.13,0,0,0.48,16.88,180,0,0
"165",20200502,24600,0,6.01,0.2,0,0,49.62,0.14,0,0,0.48,16.69,180,0,0
"166",20200502,24700,0,5.67,0.19,0,0,46.81,0.13,0,0,0.48,16.62,180,0,0
"167",20200502,24800,0,6.48,0.22,0,0,53.47,0.15,0,0,0.48,16.81,180,0,0
"168",20200502,24900,0,5.38,0.18,0,0,44.42,0.12,0,0,0.47,16.75,180,0,0
"169",20200502,25000,0,5.1,0.17,0,0,42.08,0.12,0,0,0.48,16.56,180,0,0
"170",20200502,25100,0,5.72,0.19,0,0,47.2,0.13,0,0,0.49,16.56,180,0,0
"171",20200502,25200,0,5.37,0.18,0,0,44.34,0.12,0,0,0.49,16.38,180,0,0
"172",20200502,25300,0,5.32,0.18,0,0,43.9,0.12,0,0,0.47,16.38,180,0,0
"173",20200502,25400,0,5.41,0.18,0,0,44.62,0.12,0,0,0.48,16.25,180,0,0
"174",20200502,25500,0,5.65,0.19,0,0,46.6,0.13,0,0,0.48,16.38,180,0,0
"175",20200502,25600,0,6.4,0.21,0,0,52.81,0.15,0,0,0.49,16.38,180,0,0
"176",20200502,25700,0,6.82,0.23,0,0,56.23,0.15,0,0,0.47,16.25,180,0,0
"177",20200502,25800,0,7.49,0.25,0,0,61.83,0.17,0,0,0.45,16.25,180,0,0
"178",20200502,25900,0,7.27,0.24,0,0,60.01,0.16,0,0,0.46,16.44,180,0,0
"179",20200502,30000,0,8.33,0.28,0,0,68.71,0.19,0,0,0.47,16.69,180,0,0
"180",20200502,30100,0,8.44,0.28,0,0,69.6,0.19,0,0,0.48,16.69,180,0,0
"181",20200502,30200,0,9.19,0.31,0,0,75.79,0.21,0,0,0.5,16.88,180,0,0
"182",20200502,30300,0,9.53,0.32,0,0,78.65,0.22,0,0,0.48,17.19,180,0,0
"183",20200502,30400,0,9.94,0.33,0,0,81.99,0.23,0,0,0.49,17.38,180,0,0
"184",20200502,30500,0,9.72,0.32,0,0,80.18,0.22,0,0,0.51,17.56,180,0,0
"185",20200502,30600,0,8.6,0.29,0,0,70.94,0.19,0,0,0.5,17.38,180,0,0
"186",20200502,30700,0,8.31,0.28,0,0,68.53,0.19,0,0,0.53,17.44,180,0,0
"187",20200502,30800,0,7,0.23,0,0,57.77,0.16,0,0,0.51,17.25,180,0,0
"188",20200502,30900,0,7.68,0.26,0,0,63.33,0.17,0,0,0.49,17.06,180,0,0
"189",20200502,31000,0,7.81,0.26,0,0,64.4,0.18,0,0,0.5,17.06,180,0,0
"190",20200502,31100,0,7.94,0.26,0,0,65.53,0.18,0,0,0.49,16.94,180,0,0
"191",20200502,31200,0,7.31,0.24,0,0,60.28,0.17,0,0,0.48,16.94,180,0,0
"192",20200502,31300,0,7.81,0.26,0,0,64.41,0.18,0,0,0.49,16.88,180,0,0
"193",20200502,31400,0,7.43,0.25,0,0,61.32,0.17,0,0,0.48,17.12,180,0,0
"194",20200502,31500,0,7.34,0.24,0,0,60.59,0.17,0,0,0.49,17.25,180,0,0
"195",20200502,31600,0,7.23,0.24,0,0,59.65,0.16,0,0,0.5,17.25,180,2.66,0
"196",20200502,31700,0,6.41,0.21,0,0,52.92,0.15,0,0,0.49,17.19,180,0,0
"197",20200502,31800,0,6.48,0.22,0,0,53.48,0.15,0,0,0.5,17.25,180,0,0
"198",20200502,31900,0,6.02,0.2,0,0,49.69,0.14,0,0,0.5,17.19,180,0,0
"199",20200502,32000,0,5.84,0.19,0,0,48.17,0.13,0,0,0.5,17.31,180,0,0
"200",20200502,32100,0,5.65,0.19,0,0,46.64,0.13,0,0,0.52,17.06,180,0,0
"201",20200502,32200,0,5.57,0.19,0,0,45.96,0.13,0,0,0.5,17.06,180,0,0
"202",20200502,32300,0,5.83,0.19,0,0,48.11,0.13,0,0,0.48,17,180,0,0
"203",20200502,32400,0,5.55,0.18,0,0,45.77,0.13,0,0,0.48,17.06,180,0,0
"204",20200502,32500,0,5.51,0.18,0,0,45.49,0.13,0,0,0.49,17.06,180,0,0
"205",20200502,32600,0,5.35,0.18,0,0,44.17,0.12,0,0,0.49,17.31,180,0,0
"206",20200502,32700,0,5.89,0.2,0,0,48.55,0.13,0,0,0.49,17.44,180,0,0
"207",20200502,32800,0,5.46,0.18,0,0,45.08,0.12,0,0,0.47,17.44,180,0,0
"208",20200502,32900,0,5.72,0.19,0,0,47.16,0.13,0,0,0.48,16.94,225,0,0
"209",20200502,33000,0,5.5,0.18,0,0,45.39,0.12,0,0,0.49,16.94,225,0,0
"210",20200502,33100,0,5.61,0.19,0,0,46.26,0.13,0,0,0.48,17.06,225,6.65,0
"211",20200502,33200,0,5.6,0.19,0,0,46.19,0.13,0,0,0.47,17.25,225,2.66,0
"212",20200502,33300,0,5.77,0.19,0,0,47.61,0.13,0,0,0.49,17.38,225,5.32,0
"213",20200502,33400,0,5.43,0.18,0,0,44.77,0.12,0,0,0.5,17.19,225,0,0
"214",20200502,33500,0,6.19,0.21,0,0,51.04,0.14,0,0,0.47,17.12,225,2.66,0
"215",20200502,33600,0,5.85,0.19,0,0,48.3,0.13,0,0,0.45,17.19,225,0,0
"216",20200502,33700,0,5.53,0.18,0,0,45.62,0.13,0,0,0.45,17.19,225,0,0
"217",20200502,33800,0,5.93,0.2,0,0,48.95,0.13,0,0,0.48,17.06,225,0,0
"218",20200502,33900,0,5.89,0.2,0,0,48.6,0.13,0,0,0.48,17,225,0,0
"219",20200502,34000,0,6.14,0.2,0,0,50.65,0.14,0,0,0.46,17.12,225,0,0
"220",20200502,34100,0,6.13,0.2,0,0,50.6,0.14,0,0,0.47,17,225,0,0
"221",20200502,34200,0,5.85,0.19,0,0,48.28,0.13,0,0,0.48,16.88,225,2.66,0
"222",20200502,34300,0,5.81,0.19,0,0,47.93,0.13,0,0,0.47,16.62,225,0,0
"223",20200502,34400,0,6.19,0.21,0,0,51.07,0.14,0,0,0.47,16.38,225,0,0
"224",20200502,34500,0,6.5,0.22,0,0,53.62,0.15,0,0,0.5,16.5,180,1.33,0
"225",20200502,34600,0,6.12,0.2,0,0,50.53,0.14,0,0,0.47,16.38,180,2.66,0
"226",20200502,34700,0,6.84,0.23,0,0,56.44,0.16,0,0,0.48,16.25,180,0,0
"227",20200502,34800,0,6.4,0.21,0,0,52.8,0.15,0,0,0.48,16,180,0,0
"228",20200502,34900,0,7.16,0.24,0,0,59.1,0.16,0,0,0.48,16.38,180,0,0
"229",20200502,35000,0,7.5,0.25,0,0,61.92,0.17,0,0,0.47,16.69,180,2.66,0
"230",20200502,35100,0,6.26,0.21,0,0,51.66,0.14,0,0,0.47,16.88,180,3.99,0
"231",20200502,35200,0,6.18,0.21,0,0,50.99,0.14,0,0,0.45,16.88,180,0,0
"232",20200502,35300,0,5.74,0.19,0,0,47.32,0.13,0,0,0.46,16.69,180,0,0
"233",20200502,35400,0,6.4,0.21,0,0,52.78,0.15,0,0,0.48,16.38,180,0,0
"234",20200502,35500,0,6.36,0.21,0,0,52.45,0.14,0,0,0.47,16.5,180,0,0
"235",20200502,35600,0,6.1,0.2,0,0,50.29,0.14,0,0,0.48,16.38,180,0,0
"236",20200502,35700,0,6.58,0.22,0,0,54.31,0.15,0,0,0.48,16.19,180,0,0
"237",20200502,35800,0,6.34,0.21,0,0,52.29,0.14,0,0,0.49,16,180,0,0
"238",20200502,35900,0,5.89,0.2,0,0,48.63,0.13,0,0,0.5,16.19,180,0,0
"239",20200502,40000,0,6.09,0.2,0,0,50.27,0.14,0,0,0.49,16.38,180,2.66,0
"240",20200502,40100,0,6.09,0.2,0,0,50.25,0.14,0,0,0.47,16.38,180,0,0
"241",20200502,40200,0,5.36,0.18,0,0,44.22,0.12,0,0,0.47,15.88,180,0,0
"242",20200502,40300,0,6.01,0.2,0,0,49.6,0.14,0,0,0.46,16.06,180,0,0
"243",20200502,40400,0,5.22,0.17,0,0,43.07,0.12,0,0,0.48,15.75,180,0,0
"244",20200502,40500,0,5.8,0.19,0,0,47.83,0.13,0,0,0.48,15.88,180,0,0
"245",20200502,40600,0,5.43,0.18,0,0,44.77,0.12,0,0,0.48,16.19,180,0,0
"246",20200502,40700,0,5.65,0.19,0,0,46.62,0.13,0,0,0.44,16.04,180,0,0
"247",20200502,40800,0,6.25,0.21,0,0,51.56,0.14,0,0,0.46,15.88,180,0,0
"248",20200502,40900,0,6.02,0.2,0,0,49.71,0.14,0,0,0.45,15.56,180,0,0
"249",20200502,41000,0,5.68,0.19,0,0,46.89,0.13,0,0,0.45,15.5,180,0,0
"250",20200502,41100,0,5.83,0.19,0,0,48.13,0.13,0,0,0.46,15.25,180,0,0
"251",20200502,41200,0,5.82,0.19,0,0,48.01,0.13,0,0,0.45,15.69,180,0,0
"252",20200502,41300,0,5.58,0.19,0,0,46.05,0.13,0,0,0.46,15.94,180,0,0
"253",20200502,41400,0,5.83,0.19,0,0,48.06,0.13,0,0,0.45,16.06,180,0,0
"254",20200502,41500,0,5.31,0.18,0,0,43.85,0.12,0,0,0.46,15.81,180,0,0
"255",20200502,41600,0,5.89,0.2,0,0,48.56,0.13,0,0,0.46,15.81,180,0,0
"256",20200502,41700,0,5.73,0.19,0,0,47.24,0.13,0,0,0.46,15.81,180,0,0
"257",20200502,41800,0,5.78,0.19,0,0,47.65,0.13,0,0,0.44,15.69,180,0,0
"258",20200502,41900,0,6.03,0.2,0,0,49.73,0.14,0,0,0.46,15.62,180,0,0
"259",20200502,42000,0,6.02,0.2,0,0,49.67,0.14,0,0,0.45,15.75,180,0,0
"260",20200502,42100,0,5.71,0.19,0,0,47.12,0.13,0,0,0.45,15.69,180,0,0
"261",20200502,42200,0,5.68,0.19,0,0,46.9,0.13,0,0,0.46,15.5,180,0,0
"262",20200502,42300,0,5.8,0.19,0,0,47.88,0.13,0,0,0.49,15.5,180,0,0
"263",20200502,42400,0,6.18,0.21,0,0,50.97,0.14,0,0,0.47,15.19,180,0,0
"264",20200502,42500,0,5.88,0.2,0,0,48.52,0.13,0,0,0.48,15.12,180,0,0
"265",20200502,42600,0,6.25,0.21,0,0,51.6,0.14,0,0,0.45,15.56,180,0,0
"266",20200502,42700,0,5.88,0.2,0,0,48.51,0.13,0,0,0.45,15.44,180,0,0
"267",20200502,42800,0,5.61,0.19,0,0,46.28,0.13,0,0,0.47,15.38,180,0,0
"268",20200502,42900,0,5.88,0.2,0,0,48.48,0.13,0,0,0.48,15.56,180,0,0
"269",20200502,43000,0,5.98,0.2,0,0,49.33,0.14,0,0,0.46,15.62,180,0,0
"270",20200502,43100,0,5.75,0.19,0,0,47.47,0.13,0,0,0.45,15.69,180,0,0
"271",20200502,43200,0,5.8,0.19,0,0,47.85,0.13,0,0,0.45,15.69,180,0,0
"272",20200502,43300,0,5.41,0.18,0,0,44.62,0.12,0,0,0.46,15.56,180,0,0
"273",20200502,43400,0,5.58,0.19,0,0,46.06,0.13,0,0,0.47,15.5,180,0,0
"274",20200502,43500,0,5.65,0.19,0,0,46.58,0.13,0,0,0.48,15.5,180,0,0
"275",20200502,43600,0,6.45,0.21,0,0,53.22,0.15,0,0,0.48,15.75,180,0,0
"276",20200502,43700,0,5.9,0.2,0,0,48.65,0.13,0,0,0.48,15.56,180,0,0
"277",20200502,43800,0,5.87,0.2,0,0,48.44,0.13,0,0,0.47,15.56,180,0,0
"278",20200502,43900,0,6.05,0.2,0,0,49.93,0.14,0,0,0.47,15.38,180,0,0
"279",20200502,44000,0,6.15,0.2,0,0,50.76,0.14,0,0,0.45,15.38,180,0,0
"280",20200502,44100,0,5.87,0.2,0,0,48.41,0.13,0,0,0.46,15.25,180,0,0
"281",20200502,44200,0,5.1,0.17,0,0,42.05,0.12,0,0,0.47,15.25,180,0,0
"282",20200502,44300,0,5.89,0.2,0,0,48.57,0.13,0,0,0.49,15.31,180,0,0
"283",20200502,44400,0,5.92,0.2,0,0,48.82,0.13,0,0,0.49,15.25,180,0,0
"284",20200502,44500,0,5.96,0.2,0,0,49.16,0.14,0,0,0.47,15.38,180,0,0
"285",20200502,44600,0,6.07,0.2,0,0,50.09,0.14,0,0,0.46,15.19,180,0,0
"286",20200502,44700,0,6.95,0.23,0,0,57.3,0.16,0,0,0.44,15.25,180,0,0
"287",20200502,44800,0,5.98,0.2,0,0,49.32,0.14,0,0,0.46,15.31,180,0,0
"288",20200502,44900,0,5.99,0.2,0,0,49.44,0.14,0,0,0.47,15.38,180,0,0
"289",20200502,45000,0,6.47,0.22,0,0,53.4,0.15,0,0,0.47,15.56,180,0,0
"290",20200502,45100,0,6.54,0.22,0,0,53.94,0.15,0,0,0.5,15.5,180,0,0
"291",20200502,45200,0,6.7,0.22,0,0,55.3,0.15,0,0,0.49,15.56,180,0,0
"292",20200502,45300,0,7.83,0.26,0,0,64.62,0.18,0,0,0.44,15.44,180,0,0
"293",20200502,45400,0,7,0.23,0,0,57.76,0.16,0,0,0.45,15.38,180,0,0
"294",20200502,45500,0,7.07,0.24,0,0,58.32,0.16,0,0,0.47,15.06,180,0,0
"295",20200502,45600,0,8.05,0.27,0,0,66.44,0.18,0,0,0.48,15.31,180,0,0
"296",20200502,45700,0,6.89,0.23,0,0,56.84,0.16,0,0,0.47,15.5,180,0,0
"297",20200502,45800,0,7.25,0.24,0,0,59.79,0.16,0,0,0.48,15.44,180,0,0
"298",20200502,45900,0,7.01,0.23,0,0,57.82,0.16,0,0,0.48,15.44,180,0,0
"299",20200502,50000,0,7.39,0.25,0,0,60.93,0.17,0,0,0.48,15.38,180,0,0
"300",20200502,50100,0,7,0.23,0,0,57.73,0.16,0,0,0.46,15.12,180,0,0
"301",20200502,50200,0,6.84,0.23,0,0,56.46,0.16,0,0,0.47,15.12,180,0,0
"302",20200502,50300,0,6.75,0.22,0,0,55.7,0.15,0,0,0.46,15.12,180,0,0
"303",20200502,50400,0,7.67,0.26,0,0,63.31,0.17,0,0,0.5,14.94,180,0,0
"304",20200502,50500,0,7.9,0.26,0,0,65.14,0.18,0,0,0.49,14.88,180,0,0
"305",20200502,50600,0,9.78,0.33,0,0,80.67,0.22,0,0,0.49,14.88,180,0,0
"306",20200502,50700,0,8.85,0.29,0,0,73.01,0.2,0,0,0.48,14.88,180,0,0
"307",20200502,50800,0,9.7,0.32,0,0,80.06,0.22,0,0,0.47,14.88,180,0,0
"308",20200502,50900,0,14.26,0.47,0,0,117.64,0.32,0,0,0.49,15.25,180,0,0
"309",20200502,51000,0,16.9,0.56,0,0,139.43,0.38,0.01,0,0.53,15.06,180,0,0
"310",20200502,51100,0,17.95,0.67,0.05,0.01,147.95,0.48,0.01,0.01,0.54,15.19,180,0,0
"311",20200502,51200,0,18.14,0.71,0.08,0.01,149.53,0.52,0.02,0.01,0.55,15.19,180,0,0
"312",20200502,51300,0,17.62,0.59,0,0,145.38,0.4,0.01,0,0.51,15.06,135,0,0
"313",20200502,51400,0,17.87,0.59,0,0,147.42,0.41,0.01,0,0.51,15.12,180,0,0
"314",20200502,51500,0,20.07,0.75,0.06,0.01,165.44,0.54,0.02,0.01,0.57,15.19,180,0,0
"315",20200502,51600,0,17.72,0.59,0,0,146.19,0.4,0.01,0,0.5,15.25,180,0,0
"316",20200502,51700,0,18.11,0.6,0,0,149.39,0.41,0.01,0,0.53,15.31,180,0,0
"317",20200502,51800,0,16.06,0.62,0.07,0.01,132.36,0.46,0.02,0.01,0.54,15.31,180,0,0
"318",20200502,51900,0,14.29,0.48,0,0,117.93,0.32,0,0,0.51,15.56,180,0,0
"319",20200502,52000,0,11.91,0.4,0,0,98.23,0.27,0,0,0.53,15.69,180,0,0
"320",20200502,52100,0,13.13,0.46,0.02,0,108.29,0.32,0.01,0,0.53,15.31,180,0,0
"321",20200502,52200,0,15.84,0.53,0,0,130.72,0.36,0,0,0.5,15.38,180,0,0
"322",20200502,52300,0,15.73,0.53,0.01,0,129.8,0.36,0.01,0,0.54,15.19,180,0,0
"323",20200502,52400,0,14.3,0.48,0,0,117.97,0.32,0,0,0.49,15.31,180,0,0
"324",20200502,52500,0,14.32,0.48,0,0,118.18,0.32,0,0,0.52,15.25,180,0,0
"325",20200502,52600,0,11.01,0.37,0,0,90.86,0.25,0,0,0.51,15.12,180,0,0
"326",20200502,52700,0,12.03,0.4,0,0,99.28,0.27,0,0,0.52,15.12,180,0,0
"327",20200502,52800,0,11.08,0.37,0,0,91.41,0.25,0,0,0.52,15,180,0,0
"328",20200502,52900,0,9.83,0.33,0,0,81.14,0.22,0,0,0.52,15.06,180,0,0
"329",20200502,53000,0,8.65,0.29,0,0,71.33,0.2,0,0,0.51,15.38,180,0,0
"330",20200502,53100,0,9.55,0.32,0,0,78.76,0.22,0,0,0.49,15.5,180,0,0
"331",20200502,53200,0,8.09,0.27,0,0,66.74,0.18,0,0,0.51,15.62,180,0,0
"332",20200502,53300,0,6.98,0.23,0,0,57.55,0.16,0,0,0.49,15.62,180,0,0
"333",20200502,53400,0,7.54,0.25,0,0,62.24,0.17,0,0,0.48,15.69,180,0,0
"334",20200502,53500,0,6.77,0.23,0,0,55.86,0.15,0,0,0.47,15.69,180,0,0
"335",20200502,53600,0,6.19,0.21,0,0,51.06,0.14,0,0,0.47,15.75,180,0,0
"336",20200502,53700,0,6.17,0.21,0,0,50.88,0.14,0,0,0.48,16,180,0,0
"337",20200502,53800,0,7.15,0.24,0,0,58.99,0.16,0,0,0.48,15.81,180,0,0
"338",20200502,53900,0,6.91,0.23,0,0,57.02,0.16,0,0,0.48,15.69,180,0,0
"339",20200502,54000,0,6.93,0.23,0,0,57.18,0.16,0,0,0.49,15.5,180,0,0
"340",20200502,54100,0,6.88,0.23,0,0,56.74,0.16,0,0,0.48,15.44,180,0,0
"341",20200502,54200,0,5.96,0.2,0,0,49.18,0.14,0,0,0.46,15.31,180,0,0
"342",20200502,54300,0,6.42,0.21,0,0,52.93,0.15,0,0,0.45,15.31,180,0,0
"343",20200502,54400,0,6.09,0.2,0,0,50.28,0.14,0,0,0.45,15.12,180,0,0
"344",20200502,54500,0,6.36,0.21,0,0,52.46,0.14,0,0,0.46,15.31,180,0,0
"345",20200502,54600,0,7.01,0.23,0,0,57.82,0.16,0,0,0.46,15.19,180,0,0
"346",20200502,54700,0,6.83,0.23,0,0,56.38,0.15,0,0,0.47,15.19,180,0,0
"347",20200502,54800,0,7.13,0.24,0,0,58.8,0.16,0,0,0.47,15.12,180,0,0
"348",20200502,54900,0,6.43,0.21,0,0,53.04,0.15,0,0,0.46,15.06,180,0,0
"349",20200502,55000,0,6.2,0.21,0,0,51.13,0.14,0,0,0.47,15.38,180,0,0
"350",20200502,55100,0,6.43,0.21,0,0,53.06,0.15,0,0,0.47,15.31,180,0,0
"351",20200502,55200,0,6.97,0.23,0,0,57.49,0.16,0,0,0.48,15.38,180,0,0
"352",20200502,55300,0,5.84,0.19,0,0,48.21,0.13,0,0,0.45,15.56,180,0,0
"353",20200502,55400,0,6.49,0.22,0,0,53.53,0.15,0,0,0.47,15.88,180,0,0
"354",20200502,55500,0,6.56,0.22,0,0,54.15,0.15,0,0,0.48,15.88,180,0,0
"355",20200502,55600,0,6.48,0.22,0,0,53.47,0.15,0,0,0.48,16.06,180,0,0
"356",20200502,55700,0,5.63,0.19,0,0,46.48,0.13,0,0,0.46,16.12,180,0,0
"357",20200502,55800,0,6.72,0.22,0,0,55.41,0.15,0,0,0.46,16.19,180,0,0
"358",20200502,55900,0,5.89,0.2,0,0,48.57,0.13,0,0,0.45,16.31,180,0,0
"359",20200502,60000,0,5.8,0.19,0,0,47.83,0.13,0,0,0.46,16.31,180,0,0
"360",20200502,60100,0,6.11,0.2,0,0,50.44,0.14,0,0,0.45,16.44,135,0,0
"361",20200502,60200,0,6.44,0.21,0,0,53.09,0.15,0,0,0.49,16.75,180,0,0
"362",20200502,60300,0,5.99,0.2,0,0,49.44,0.14,0,0,0.49,17.12,180,0,0
"363",20200502,60400,0,5.96,0.2,0,0,49.16,0.14,0,0,0.46,17,180,0,0
"364",20200502,60500,0,6.07,0.2,0,0,50.06,0.14,0,0,0.46,16.94,180,0,0
"365",20200502,60600,0,6.26,0.21,0,0,51.61,0.14,0,0,0.45,16.69,180,0,0
"366",20200502,60700,0,6.19,0.21,0,0,51.06,0.14,0,0,0.45,16.62,180,0,0
"367",20200502,60800,0,6.13,0.2,0,0,50.61,0.14,0,0,0.44,16.44,180,0,0
"368",20200502,60900,0,5.66,0.19,0,0,46.71,0.13,0,0,0.45,16.5,180,0,0
"369",20200502,61000,0,5.96,0.2,0,0,49.2,0.14,0,0,0.45,16.44,180,0,0
"370",20200502,61100,0,5.86,0.19,0,0,48.33,0.13,0,0,0.46,16.44,180,0,0
"371",20200502,61200,0,5.25,0.17,0,0,43.34,0.12,0,0,0.46,16.38,180,0,0
"372",20200502,61300,0,6.23,0.21,0,0,51.37,0.14,0,0,0.47,16.44,180,3.99,0
"373",20200502,61400,0,5.8,0.19,0,0,47.82,0.13,0,0,0.47,16.25,180,1.33,0
"374",20200502,61500,0,5.87,0.2,0,0,48.4,0.13,0,0,0.48,16.31,180,5.32,0
"375",20200502,61600,0,5.53,0.18,0,0,45.6,0.13,0,0,0.46,16.38,135,0,0
"376",20200502,61700,0,5.91,0.2,0,0,48.73,0.13,0,0,0.5,16.5,180,0,0
"377",20200502,61800,0,5.53,0.18,0,0,45.61,0.13,0,0,0.48,16.56,180,0,0
"378",20200502,61900,0,6.08,0.2,0,0,50.19,0.14,0,0,0.49,16.69,180,0,0
"379",20200502,62000,0,6.02,0.2,0,0,49.65,0.14,0,0,0.48,16.31,180,0,0
"380",20200502,62100,0,5.78,0.19,0,0,47.67,0.13,0,0,0.49,16.31,180,0,0
"381",20200502,62200,0,6.35,0.21,0,0,52.35,0.14,0,0,0.48,16.19,180,0,0
"382",20200502,62300,0,6.1,0.2,0,0,50.33,0.14,0,0,0.49,16.5,180,0,0
"383",20200502,62400,0,6.18,0.21,0,0,51.02,0.14,0,0,0.46,16.5,180,0,0
"384",20200502,62500,0,5.18,0.17,0,0,42.71,0.12,0,0,0.47,16.69,180,0,0
"385",20200502,62600,0,6.09,0.2,0,0,50.24,0.14,0,0,0.46,16.62,180,0,0
"386",20200502,62700,0,6.1,0.2,0,0,50.3,0.14,0,0,0.48,16.62,180,0,0
"387",20200502,62800,0,5.82,0.19,0,0,47.98,0.13,0,0,0.46,16.56,180,0,0
"388",20200502,62900,0,6.54,0.22,0,0,53.93,0.15,0,0,0.45,16.81,180,0,0
"389",20200502,63000,0,5.87,0.2,0,0,48.43,0.13,0,0,0.46,16.81,180,0,0
"390",20200502,63100,0,5.66,0.19,0,0,46.72,0.13,0,0,0.46,17.06,180,0,0
"391",20200502,63200,0,6.02,0.2,0,0,49.68,0.14,0,0,0.48,17.38,180,0,0
"392",20200502,63300,0,6.33,0.21,0,0,52.22,0.14,0,0,0.47,17.25,180,0,0
"393",20200502,63400,0,6.05,0.2,0,0,49.91,0.14,0,0,0.47,17.44,180,0,0
"394",20200502,63500,0,5.75,0.19,0,0,47.48,0.13,0,0,0.48,17.31,180,0,0
"395",20200502,63600,0,6.11,0.2,0,0,50.44,0.14,0,0,0.47,17.69,180,0,0
"396",20200502,63700,0,5.77,0.19,0,0,47.59,0.13,0,0,0.46,17.62,180,0,0
"397",20200502,63800,0,5.95,0.2,0,0,49.06,0.13,0,0,0.45,17.5,180,0,0
"398",20200502,63900,0,5.99,0.2,0,0,49.43,0.14,0,0,0.46,17.62,180,0,0
"399",20200502,64000,0,6.13,0.2,0,0,50.59,0.14,0,0,0.47,17.75,180,0,0
"400",20200502,64100,0,5.92,0.2,0,0,48.83,0.13,0,0,0.44,17.81,180,0,0
"401",20200502,64200,0,5.65,0.19,0,0,46.61,0.13,0,0,0.46,18.12,180,0,0
"402",20200502,64300,0,6.13,0.2,0,0,50.61,0.14,0,0,0.48,18.44,180,0,0
"403",20200502,64400,0,6.34,0.21,0,0,52.29,0.14,0,0,0.48,18.75,180,0,0
"404",20200502,64500,0,6.39,0.21,0,0,52.72,0.14,0,0,0.45,18.88,180,0,0
"405",20200502,64600,0,6.91,0.23,0,0,56.97,0.16,0,0,0.47,19,180,0,0
"406",20200502,64700,0,6.57,0.22,0,0,54.2,0.15,0,0,0.47,19.19,180,0,0
"407",20200502,64800,0,7.12,0.24,0,0,58.75,0.16,0,0,0.48,19.44,180,0,0
"408",20200502,64900,0,7.17,0.24,0,0,59.11,0.16,0,0,0.48,19.75,180,0,0
"409",20200502,65000,0,6.98,0.23,0,0,57.6,0.16,0,0,0.48,20.12,180,0,0
"410",20200502,65100,0,6.3,0.21,0,0,52,0.14,0,0,0.47,19.94,180,0,0
"411",20200502,65200,0,6.26,0.21,0,0,51.63,0.14,0,0,0.48,19.88,180,0,0
"412",20200502,65300,0,5.45,0.18,0,0,44.93,0.12,0,0,0.45,19.75,180,0,0
"413",20200502,65400,0,6.14,0.2,0,0,50.66,0.14,0,0,0.48,19.62,180,0,0
"414",20200502,65500,0,6.13,0.2,0,0,50.57,0.14,0,0,0.49,19.44,180,0,0
"415",20200502,65600,0,6.27,0.21,0,0,51.69,0.14,0,0,0.48,19.5,180,0,0
"416",20200502,65700,0,5.7,0.19,0,0,47.03,0.13,0,0,0.47,19.44,180,0,0
"417",20200502,65800,0,5.81,0.19,0,0,47.89,0.13,0,0,0.46,19.56,180,0,0
"418",20200502,65900,0,6.01,0.2,0,0,49.6,0.14,0,0,0.46,19.56,180,0,0
"419",20200502,70000,0,5.77,0.19,0,0,47.62,0.13,0,0,0.48,20.06,180,0,0
"420",20200502,70100,0,5.57,0.19,0,0,45.92,0.13,0,0,0.47,20.25,180,0,0
"421",20200502,70200,0,5.72,0.19,0,0,47.2,0.13,0,0,0.47,20.25,180,0,0
"422",20200502,70300,0,6.09,0.2,0,0,50.22,0.14,0,0,0.46,20.56,180,0,0
"423",20200502,70400,0,5.89,0.2,0,0,48.57,0.13,0,0,0.45,21.56,180,0,0
"424",20200502,70500,0,5.93,0.2,0,0,48.89,0.13,0,0,0.45,22.31,180,0,0
"425",20200502,70600,0,5.82,0.19,0,0,48,0.13,0,0,0.47,22.75,180,0,0
"426",20200502,70700,0,5.9,0.2,0,0,48.64,0.13,0,0,0.49,23.56,180,0,0
"427",20200502,70800,0,5.62,0.19,0,0,46.35,0.13,0,0,0.49,23.62,180,0,0
"428",20200502,70900,0,5.94,0.2,0,0,48.99,0.13,0,0,0.48,24.56,180,0,0
"429",20200502,71000,0,5.93,0.2,0,0,48.93,0.13,0,0,0.48,25.44,180,0,0
"430",20200502,71100,0,6.32,0.21,0,0,52.11,0.14,0,0,0.46,25.5,180,0,0
"431",20200502,71200,0,6.68,0.22,0,0,55.12,0.15,0,0,0.46,26.31,180,0,0
"432",20200502,71300,0,6.19,0.21,0,0,51.03,0.14,0,0,0.45,26.62,180,0,0
"433",20200502,71400,0,7.21,0.24,0,0,59.5,0.16,0,0,0.48,26.19,180,0,0
"434",20200502,71500,0,5.88,0.2,0,0,48.51,0.13,0,0,0.46,25.25,180,0,0
"435",20200502,71600,0,6.45,0.21,0,0,53.22,0.15,0,0,0.45,25.94,180,0,0
"436",20200502,71700,0,6.27,0.21,0,0,51.73,0.14,0,0,0.45,26.12,180,0,0
"437",20200502,71800,0,5.73,0.19,0,0,47.26,0.13,0,0,0.47,25.88,180,0,0
"438",20200502,71900,0,6.17,0.21,0,0,50.93,0.14,0,0,0.48,25.44,180,0,0
"439",20200502,72000,0,6.05,0.2,0,0,49.88,0.14,0,0,0.47,26.88,180,0,0
"440",20200502,72100,0,6.69,0.22,0,0,55.23,0.15,0,0,0.48,27.5,180,0,0
"441",20200502,72200,0,6.25,0.21,0,0,51.56,0.14,0,0,0.48,27.56,180,0,0
"442",20200502,72300,0,6.13,0.2,0,0,50.56,0.14,0,0,0.48,27.44,180,0,0
"443",20200502,72400,0,6.97,0.23,0,0,57.54,0.16,0,0,0.48,27.94,180,0,0
"444",20200502,72500,0,6.15,0.2,0,0,50.77,0.14,0,0,0.47,28.12,180,0,0
"445",20200502,72600,0,5.88,0.2,0,0,48.54,0.13,0,0,0.47,28.38,180,0,0
"446",20200502,72700,0,6.12,0.2,0,0,50.52,0.14,0,0,0.46,28.5,180,0,0
"447",20200502,72800,0,6.25,0.21,0,0,51.58,0.14,0,0,0.45,28.38,135,0,0
"448",20200502,72900,0,5.74,0.19,0,0,47.4,0.13,0,0,0.47,28.19,180,0,0
"449",20200502,73000,0,6.23,0.21,0,0,51.39,0.14,0,0,0.47,28.62,180,0,0
"450",20200502,73100,0,5.82,0.19,0,0,48.03,0.13,0,0,0.47,28.69,180,0,0
"451",20200502,73200,0,5.91,0.2,0,0,48.77,0.13,0,0,0.48,29.75,180,0,0
"452",20200502,73300,0,6.1,0.2,0,0,50.32,0.14,0,0,0.46,30.44,180,0,0
"453",20200502,73400,0,5.16,0.17,0,0,42.6,0.12,0,0,0.45,30.62,180,0,0
"454",20200502,73500,0,4.88,0.16,0,0,40.26,0.11,0,0,0.48,31,180,0,0
"455",20200502,73600,0,5.43,0.18,0,0,44.81,0.12,0,0,0.47,30.38,180,0,0
"456",20200502,73700,0,5.51,0.18,0,0,45.44,0.12,0,0,0.47,29,180,0,0
"457",20200502,73800,0,5.52,0.18,0,0,45.56,0.13,0,0,0.47,28.38,180,0,0
"458",20200502,73900,0,4.88,0.16,0,0,40.3,0.11,0,0,0.46,28.38,180,0,0
"459",20200502,74000,0,4.91,0.16,0,0,40.47,0.11,0,0,0.46,28.31,180,0,0
"460",20200502,74100,0,5.05,0.17,0,0,41.69,0.11,0,0,0.49,27.75,180,0,0
"461",20200502,74200,0,5.32,0.18,0,0,43.89,0.12,0,0,0.49,27.5,180,0,0
"462",20200502,74300,0,4.76,0.16,0,0,39.3,0.11,0,0,0.46,28.06,180,0,0
"463",20200502,74400,0,4.76,0.16,0,0,39.29,0.11,0,0,0.48,28.75,180,0,0
"464",20200502,74500,0,5.45,0.18,0,0,44.93,0.12,0,0,0.47,28.44,180,0,0
"465",20200502,74600,0,5.34,0.18,0,0,44.04,0.12,0,0,0.47,29.06,180,0,0
"466",20200502,74700,0,5.85,0.19,0,0,48.24,0.13,0,0,0.48,29,180,0,0
"467",20200502,74800,0,5.13,0.17,0,0,42.3,0.12,0,0,0.49,30,180,0,0
"468",20200502,74900,0,5.47,0.18,0,0,45.11,0.12,0,0,0.48,30.5,180,0,0
"469",20200502,75000,0,5.81,0.19,0,0,47.94,0.13,0,0,0.48,30.38,180,0,0
"470",20200502,75100,0,4.64,0.15,0,0,38.29,0.11,0,0,0.48,30.38,180,0,0
"471",20200502,75200,0,4.74,0.16,0,0,39.13,0.11,0,0,0.47,30.69,180,0,0
"472",20200502,75300,0,5.53,0.18,0,0,45.66,0.13,0,0,0.46,30.94,180,0,0
"473",20200502,75400,0,5.08,0.17,0,0,41.94,0.12,0,0,0.47,30.88,180,0,0
"474",20200502,75500,0,5.24,0.17,0,0,43.21,0.12,0,0,0.46,31.19,180,0,0
"475",20200502,75600,0,4.68,0.16,0,0,38.65,0.11,0,0,0.46,31.81,180,0,0
"476",20200502,75700,0,4.37,0.15,0,0,36.02,0.1,0,0,0.46,30.62,180,0,0
"477",20200502,75800,0,5.34,0.18,0,0,44.03,0.12,0,0,0.46,30.12,180,0,0
"478",20200502,75900,0,4.81,0.16,0,0,39.66,0.11,0,0,0.47,30.75,90,2.66,0
"479",20200502,80000,0,4.72,0.16,0,0,38.92,0.11,0,0,0.49,30.56,180,2.66,0
"480",20200502,80100,0,5.96,0.2,0,0,49.2,0.14,0,0,0.49,30.19,135,7.98,0
"481",20200502,80200,0,5.2,0.17,0,0,42.87,0.12,0,0,0.51,29.25,135,2.66,0
"482",20200502,80300,0,4.51,0.15,0,0,37.22,0.1,0,0,0.5,30.31,90,3.99,0
"483",20200502,80400,0,4.8,0.16,0,0,39.58,0.11,0,0,0.51,29.81,90,7.98,0
"484",20200502,80500,0,4.55,0.15,0,0,37.52,0.1,0,0,0.48,30.31,90,3.99,0
"485",20200502,80600,0,4.75,0.16,0,0,39.19,0.11,0,0,0.48,30.88,180,2.66,0
"486",20200502,80700,0,4.42,0.15,0,0,36.43,0.1,0,0,0.46,30.62,45,5.32,0
"487",20200502,80800,0,4.42,0.15,0,0,36.5,0.1,0,0,0.47,30.62,180,6.65,0
"488",20200502,80900,0,4.78,0.16,0,0,39.43,0.11,0,0,0.45,29.5,0,6.65,0
"489",20200502,81000,0,4.02,0.13,0,0,33.17,0.09,0,0,0.46,29.88,45,6.65,0
"490",20200502,81100,0,3.94,0.13,0,0,32.48,0.09,0,0,0.45,30.06,45,2.66,0
"491",20200502,81200,0,4.77,0.16,0,0,39.35,0.11,0,0,0.47,30,45,10.64,0
"492",20200502,81300,0,4.17,0.14,0,0,34.37,0.09,0,0,0.47,29.62,135,5.32,0
"493",20200502,81400,0,4.48,0.15,0,0,36.98,0.1,0,0,0.47,28.94,135,5.32,0
"494",20200502,81500,0,3.98,0.13,0,0,32.84,0.09,0,0,0.46,29.19,135,1.33,0
"495",20200502,81600,0,5.02,0.17,0,0,41.43,0.11,0,0,0.46,29.25,0,10.64,0
"496",20200502,81700,0,4.26,0.14,0,0,35.12,0.1,0,0,0.46,28.19,135,6.65,0
"497",20200502,81800,0,4.83,0.16,0,0,39.81,0.11,0,0,0.45,27.62,135,7.98,0
"498",20200502,81900,0,4.04,0.13,0,0,33.33,0.09,0,0,0.45,28.44,135,0,0
"499",20200502,82000,0,3.74,0.12,0,0,30.87,0.08,0,0,0.48,29.31,135,2.66,0
"500",20200502,82100,0,4.33,0.14,0,0,35.75,0.1,0,0,0.51,29.69,135,2.66,0
"501",20200502,82200,0,4.54,0.15,0,0,37.48,0.1,0,0,0.49,29.25,135,2.66,0
"502",20200502,82300,0,4.08,0.14,0,0,33.67,0.09,0,0,0.49,29.19,135,0,0
"503",20200502,82400,0,3.9,0.13,0,0,32.17,0.09,0,0,0.5,28.12,135,10.64,0
"504",20200502,82500,0,3.55,0.12,0,0,29.28,0.08,0,0,0.49,27.81,135,6.65,0
"505",20200502,82600,0,3.85,0.13,0,0,31.75,0.09,0,0,0.49,27.81,135,10.64,0
"506",20200502,82700,0,3.16,0.11,0,0,26.09,0.07,0,0,0.46,28.31,0,6.65,0
"507",20200502,82800,0,3.74,0.12,0,0,30.81,0.08,0,0,0.45,28.81,90,5.32,0
"508",20200502,82900,0,3.41,0.11,0,0,28.15,0.08,0,0,0.47,28.94,90,7.98,0
"509",20200502,83000,0,3.59,0.12,0,0,29.66,0.08,0,0,0.45,29.94,225,3.99,0
"510",20200502,83100,0,3.87,0.13,0,0,31.89,0.09,0,0,0.46,29.5,135,3.99,0
"511",20200502,83200,0,3.35,0.11,0,0,27.61,0.08,0,0,0.48,29.12,135,1.33,0
"512",20200502,83300,0,3.3,0.11,0,0,27.21,0.07,0,0,0.48,29.81,90,2.66,0
"513",20200502,83400,0,3.58,0.12,0,0,29.53,0.08,0,0,0.49,29.69,0,11.97,0
"514",20200502,83500,0,3.24,0.11,0,0,26.74,0.07,0,0,0.49,30.07,45,7.98,0
"515",20200502,83600,0,3.42,0.11,0,0,28.22,0.08,0,0,0.49,30.44,45,3.99,0
"516",20200502,83700,0,3.15,0.1,0,0,25.96,0.07,0,0,0.48,30.12,0,13.3,0
"517",20200502,83800,0,3.21,0.11,0,0,26.49,0.07,0,0,0.49,30,45,7.98,0
"518",20200502,83900,0,2.76,0.09,0,0,22.8,0.06,0,0,0.49,29.94,45,6.65,0
"519",20200502,84000,0,3.11,0.1,0,0,25.65,0.07,0,0,0.49,30.31,180,2.66,0
"520",20200502,84100,0,3.03,0.1,0,0,25.03,0.07,0,0,0.48,30.06,45,2.66,0
"521",20200502,84200,0,2.99,0.1,0,0,24.67,0.07,0,0,0.48,30.31,0,10.64,0
"522",20200502,84300,0,2.42,0.08,0,0,19.97,0.05,0,0,0.46,29.94,45,10.64,0
"523",20200502,84400,0,2.83,0.09,0,0,23.37,0.06,0,0,0.46,30.62,45,3.99,0
"524",20200502,84500,0,2.88,0.1,0,0,23.76,0.07,0,0,0.46,30.69,45,9.31,0
"525",20200502,84600,0,2.43,0.08,0,0,20.04,0.06,0,0,0.45,30.19,45,9.31,0
"526",20200502,84700,0,2.99,0.1,0,0,24.64,0.07,0,0,0.45,29.88,0,9.31,0
"527",20200502,84800,0,3.2,0.11,0,0,26.4,0.07,0,0,0.45,29.75,0,3.99,0
"528",20200502,84900,0,3.41,0.11,0,0,28.17,0.08,0,0,0.45,30.75,0,2.66,0
"529",20200502,85000,0,2.89,0.1,0,0,23.83,0.07,0,0,0.46,31.19,335,5.32,0
"530",20200502,85200,0,2.73,0.09,0,0,22.49,0.06,0,0,0.48,30.94,335,6.65,0
"531",20200502,85300,0,2.71,0.09,0,0,22.39,0.06,0,0,0.49,30,0,5.32,0
"532",20200502,85400,0,2.8,0.09,0,0,23.11,0.06,0,0,0.5,30.62,45,3.99,0
"533",20200502,85500,0,2.73,0.09,0,0,22.56,0.06,0,0,0.48,30.38,0,2.66,0
"534",20200502,85600,0,3.03,0.1,0,0,25,0.07,0,0,0.49,30.5,335,3.99,0
"535",20200502,85700,0,2.63,0.09,0,0,21.68,0.06,0,0,0.47,30.5,45,9.31,0
"536",20200502,85800,0,2.66,0.09,0,0,21.96,0.06,0,0,0.47,31.38,180,2.66,0
"537",20200502,85900,0,2.85,0.09,0,0,23.53,0.06,0,0,0.46,31.19,135,3.99,0
"538",20200502,90000,0,2.99,0.1,0,0,24.7,0.07,0,0,0.47,31.12,0,9.31,0
"539",20200502,90100,0,2.96,0.1,0,0,24.4,0.07,0,0,0.48,31.19,180,2.66,0
"540",20200502,90200,0,2.58,0.09,0,0,21.31,0.06,0,0,0.46,31.06,135,2.66,0
"541",20200502,90300,0,3.06,0.1,0,0,25.22,0.07,0,0,0.46,30.81,135,0,0
"542",20200502,90400,0,2.93,0.1,0,0,24.19,0.07,0,0,0.47,30.44,180,3.99,0
"543",20200502,90500,0,2.82,0.09,0,0,23.26,0.06,0,0,0.46,30.25,135,5.32,0
"544",20200502,90600,0,2.52,0.08,0,0,20.78,0.06,0,0,0.45,30.88,180,3.99,0
"545",20200502,90700,0,3.04,0.1,0,0,25.11,0.07,0,0,0.45,31.44,90,5.32,0
"546",20200502,90800,0,2.74,0.09,0,0,22.58,0.06,0,0,0.44,31.25,90,13.3,0
"547",20200502,90900,0,2.4,0.08,0,0,19.79,0.05,0,0,0.45,30.44,180,0,0
"548",20200502,91000,0,2.84,0.09,0,0,23.41,0.06,0,0,0.44,30.81,45,5.32,0
"549",20200502,91100,0,3.19,0.11,0,0,26.34,0.07,0,0,0.45,29.94,180,2.66,0
"550",20200502,91200,0,2.61,0.09,0,0,21.57,0.06,0,0,0.45,29.5,180,2.66,0
"551",20200502,91300,0,2.69,0.09,0,0,22.22,0.06,0,0,0.45,29,90,11.97,0
"552",20200502,91400,0,2.79,0.09,0,0,23.04,0.06,0,0,0.45,29.5,90,2.66,0
"553",20200502,91500,0,3.11,0.1,0,0,25.63,0.07,0,0,0.45,30,135,9.31,0
"554",20200502,91600,0,2.87,0.1,0,0,23.64,0.06,0,0,0.47,30.56,0,9.31,0
"555",20200502,91700,0,2.45,0.08,0,0,20.23,0.06,0,0,0.47,30.31,135,13.3,0
"556",20200502,91800,0,2.59,0.09,0,0,21.4,0.06,0,0,0.46,30.88,45,3.99,0
"557",20200502,91900,0,2.38,0.08,0,0,19.59,0.05,0,0,0.45,30.31,0,10.64,0
"558",20200502,92000,0,2.66,0.09,0,0,21.93,0.06,0,0,0.45,30.25,135,6.65,0
"559",20200502,92100,0,2.82,0.09,0,0,23.28,0.06,0,0,0.45,29.62,90,11.97,0
"560",20200502,92200,0,2.78,0.09,0,0,22.96,0.06,0,0,0.45,29.31,135,5.32,0
"561",20200502,92300,0,2.7,0.09,0,0,22.27,0.06,0,0,0.45,29.5,135,6.65,0
"562",20200502,92400,0,2.81,0.09,0,0,23.15,0.06,0,0,0.45,29.44,45,6.65,0
"563",20200502,92500,0,2.83,0.09,0,0,23.35,0.06,0,0,0.45,28.88,135,9.31,0
"564",20200502,92600,0,2.76,0.09,0,0,22.8,0.06,0,0,0.44,29.25,135,3.99,0
"565",20200502,92700,0,2.39,0.08,0,0,19.71,0.05,0,0,0.44,28.94,180,9.31,0
"566",20200502,92800,0,2.59,0.09,0,0,21.38,0.06,0,0,0.44,29.38,90,5.32,0
"567",20200502,92900,0,2.78,0.09,0,0,22.9,0.06,0,0,0.45,29,180,3.99,0
"568",20200502,93000,0,3.19,0.11,0,0,26.3,0.07,0,0,0.44,29,180,5.32,0
"569",20200502,93100,0,3.57,0.12,0,0,29.49,0.08,0,0,0.43,28.62,180,10.64,0
"570",20200502,93200,0,3.42,0.11,0,0,28.19,0.08,0,0,0.44,28.19,180,7.98,0
"571",20200502,93300,0,3.73,0.12,0,0,30.79,0.08,0,0,0.45,28.69,135,7.98,0
"572",20200502,93400,0,2.8,0.09,0,0,23.1,0.06,0,0,0.47,29.06,90,6.65,0
"573",20200502,93500,0,3.1,0.1,0,0,25.53,0.07,0,0,0.47,29.56,135,10.64,0
"574",20200502,93600,0,3.34,0.11,0,0,27.56,0.08,0,0,0.46,29.19,135,5.32,0
"575",20200502,93700,0,3.69,0.12,0,0,30.42,0.08,0,0,0.46,29.31,180,1.33,0
"576",20200502,93800,0,3.34,0.11,0,0,27.58,0.08,0,0,0.46,29.12,180,0,0
"577",20200502,93900,0,2.88,0.1,0,0,23.75,0.07,0,0,0.46,29.19,135,6.65,0
"578",20200502,94000,0,2.87,0.1,0,0,23.71,0.07,0,0,0.46,29.75,180,2.66,0
"579",20200502,94100,0,2.74,0.09,0,0,22.6,0.06,0,0,0.46,29.38,180,1.33,0
"580",20200502,94200,0,2.82,0.09,0,0,23.26,0.06,0,0,0.48,30.38,45,14.63,0
"581",20200502,94300,0,2.56,0.09,0,0,21.09,0.06,0,0,0.47,30.75,45,3.99,0
"582",20200502,94400,0,2.57,0.09,0,0,21.16,0.06,0,0,0.46,30.44,180,0,0
"583",20200502,94500,0,2.66,0.09,0,0,21.92,0.06,0,0,0.47,29.81,225,2.66,0
"584",20200502,94600,0,2.88,0.1,0,0,23.75,0.07,0,0,0.47,30.31,180,0,0
"585",20200502,94700,0,3.06,0.1,0,0,25.25,0.07,0,0,0.46,30,90,13.3,0
"586",20200502,94800,0,2.64,0.09,0,0,21.79,0.06,0,0,0.46,29.69,225,5.32,0
"587",20200502,94900,0,2.78,0.09,0,0,22.9,0.06,0,0,0.46,29.12,180,3.99,0
"588",20200502,95000,0,2.96,0.1,0,0,24.4,0.07,0,0,0.46,29.12,225,6.65,0
"589",20200502,95100,0,2.71,0.09,0,0,22.34,0.06,0,0,0.45,30,180,3.99,0
"590",20200502,95200,0,2.86,0.1,0,0,23.64,0.06,0,0,0.45,30.62,0,7.98,0
"591",20200502,95300,0,3.2,0.11,0,0,26.4,0.07,0,0,0.45,30.38,135,17.29,0
"592",20200502,95400,0,2.92,0.1,0,0,24.09,0.07,0,0,0.44,29.31,135,19.95,0
"593",20200502,95500,0,2.97,0.1,0,0,24.54,0.07,0,0,0.45,29.06,135,14.63,0
"594",20200502,95600,0,2.81,0.09,0,0,23.22,0.06,0,0,0.44,29.12,135,10.64,0
"595",20200502,95700,0,2.87,0.1,0,0,23.71,0.07,0,0,0.44,29.5,180,2.66,0
"596",20200502,95800,0,2.7,0.09,0,0,22.28,0.06,0,0,0.43,29.5,90,19.95,0
"597",20200502,95900,0,2.69,0.09,0,0,22.18,0.06,0,0,0.44,29,135,18.62,0
"598",20200502,100000,0,2.52,0.08,0,0,20.8,0.06,0,0,0.44,28.38,135,17.29,0
"599",20200502,100100,0,2.97,0.1,0,0,24.52,0.07,0,0,0.46,28.62,135,11.97,0
"600",20200502,100200,0,2.83,0.09,0,0,23.35,0.06,0,0,0.47,28.94,90,11.97,0
"601",20200502,100300,0,2.59,0.09,0,0,21.4,0.06,0,0,0.46,29.06,90,18.62,0
"602",20200502,100400,0,3.23,0.11,0,0,26.65,0.07,0,0,0.46,28.56,135,9.31,0
"603",20200502,100500,0,2.66,0.09,0,0,21.94,0.06,0,0,0.47,29,180,3.99,0
"604",20200502,100600,0,3,0.1,0,0,24.75,0.07,0,0,0.45,29,180,0,0
"605",20200502,100700,0,2.8,0.09,0,0,23.11,0.06,0,0,0.46,30.25,0,2.66,0
"606",20200502,100800,0,2.76,0.09,0,0,22.76,0.06,0,0,0.46,30.56,90,9.31,0
"607",20200502,100900,0,2.69,0.09,0,0,22.15,0.06,0,0,0.47,31.06,45,6.65,0
"608",20200502,101000,0,2.67,0.09,0,0,22,0.06,0,0,0.46,29.75,335,6.65,0
"609",20200502,101100,0,3.11,0.1,0,0,25.66,0.07,0,0,0.47,30.5,90,9.31,0
"610",20200502,101200,0,2.32,0.08,0,0,19.11,0.05,0,0,0.49,29.94,270,6.65,0
"611",20200502,101300,0,2.78,0.09,0,0,22.96,0.06,0,0,0.49,29.81,180,2.66,0
"612",20200502,101400,0,2.72,0.09,0,0,22.45,0.06,0,0,0.47,30,270,5.32,0
"613",20200502,101500,0,2.6,0.09,0,0,21.43,0.06,0,0,0.47,30.5,45,3.99,0
"614",20200502,101600,0,2.57,0.09,0,0,21.23,0.06,0,0,0.47,30.44,135,6.65,0
"615",20200502,101700,0,2.52,0.08,0,0,20.77,0.06,0,0,0.48,30.75,180,3.99,0
"616",20200502,101800,0,2.47,0.08,0,0,20.39,0.06,0,0,0.47,30.62,180,3.99,0
"617",20200502,101900,0,2.23,0.07,0,0,18.43,0.05,0,0,0.46,30.25,135,6.65,0
"618",20200502,102000,0,2.59,0.09,0,0,21.4,0.06,0,0,0.45,29.69,180,2.66,0
"619",20200502,102100,0,2.17,0.07,0,0,17.87,0.05,0,0,0.45,29.56,225,7.98,0
"620",20200502,102200,0,3.11,0.1,0,0,25.64,0.07,0,0,0.45,29.06,180,13.3,0
"621",20200502,102300,0,2.92,0.1,0,0,24.06,0.07,0,0,0.45,29.12,225,7.98,0
"622",20200502,102400,0,2.59,0.09,0,0,21.4,0.06,0,0,0.44,29.62,225,3.99,0
"623",20200502,102500,0,2.55,0.08,0,0,21.04,0.06,0,0,0.46,30.06,225,3.99,0
"624",20200502,102600,0,2.92,0.1,0,0,24.08,0.07,0,0,0.47,28.94,225,9.31,0
"625",20200502,102700,0,2.95,0.1,0,0,24.31,0.07,0,0,0.46,28.69,225,3.99,0
"626",20200502,102800,0,2.89,0.1,0,0,23.88,0.07,0,0,0.48,29.44,225,0,0
"627",20200502,102900,0,2.66,0.09,0,0,21.92,0.06,0,0,0.49,29.5,225,5.32,0
"628",20200502,103000,0,2.93,0.1,0,0,24.21,0.07,0,0,0.49,29.88,335,6.65,0
"629",20200502,103100,0,2.76,0.09,0,0,22.79,0.06,0,0,0.46,30.25,225,13.3,0
"630",20200502,103200,0,2.57,0.09,0,0,21.2,0.06,0,0,0.46,30,225,2.66,0
"631",20200502,103300,0,2.64,0.09,0,0,21.8,0.06,0,0,0.45,31.44,180,1.33,0
"632",20200502,103400,0,2.48,0.08,0,0,20.44,0.06,0,0,0.46,30.56,90,6.65,0
"633",20200502,103500,0,2.87,0.1,0,0,23.69,0.07,0,0,0.46,31.31,180,1.33,0
"634",20200502,103600,0,3.11,0.1,0,0,25.65,0.07,0,0,0.47,31.44,90,2.66,0
"635",20200502,103700,0,2.67,0.09,0,0,22.07,0.06,0,0,0.45,31.56,135,6.65,0
"636",20200502,103800,0,2.95,0.1,0,0,24.33,0.07,0,0,0.45,30.38,135,1.33,0
"637",20200502,103900,0,2.61,0.09,0,0,21.55,0.06,0,0,0.46,30.62,180,3.99,0
"638",20200502,104000,0,3.01,0.1,0,0,24.84,0.07,0,0,0.44,30.44,135,6.65,0
"639",20200502,104100,0,2.83,0.09,0,0,23.35,0.06,0,0,0.44,30,180,6.65,0
"640",20200502,104200,0,2.49,0.08,0,0,20.55,0.06,0,0,0.46,30.38,180,10.64,0
"641",20200502,104300,0,2.74,0.09,0,0,22.57,0.06,0,0,0.46,30.06,135,11.97,0
"642",20200502,104400,0,3.26,0.11,0,0,26.88,0.07,0,0,0.45,30.12,225,6.65,0
"643",20200502,104500,0,2.6,0.09,0,0,21.45,0.06,0,0,0.44,29.94,180,7.98,0
"644",20200502,104600,0,3.13,0.1,0,0,25.81,0.07,0,0,0.45,29.88,180,2.66,0
"645",20200502,104700,0,2.54,0.08,0,0,20.96,0.06,0,0,0.44,29.94,225,10.64,0
"646",20200502,104800,0,2.56,0.09,0,0,21.15,0.06,0,0,0.44,29.38,270,6.65,0
"647",20200502,104900,0,2.89,0.1,0,0,23.82,0.07,0,0,0.45,29.19,225,6.65,0
"648",20200502,105000,0,2.69,0.09,0,0,22.16,0.06,0,0,0.44,29.5,225,14.63,0
"649",20200502,105100,0,3.02,0.1,0,0,24.88,0.07,0,0,0.43,29.19,225,13.3,0
"650",20200502,105200,0,2.94,0.1,0,0,24.23,0.07,0,0,0.44,29.56,180,2.66,0
"651",20200502,105300,0,2.58,0.09,0,0,21.29,0.06,0,0,0.44,29.88,180,9.31,0
"652",20200502,105400,0,2.56,0.09,0,0,21.15,0.06,0,0,0.43,30.19,135,2.66,0
"653",20200502,105500,0,2.66,0.09,0,0,21.98,0.06,0,0,0.44,30.69,180,0,0
"654",20200502,105600,0,2.33,0.08,0,0,19.26,0.05,0,0,0.44,30.38,135,11.97,0
"655",20200502,105700,0,2.58,0.09,0,0,21.27,0.06,0,0,0.44,30.06,90,15.96,0
"656",20200502,105800,0,2.99,0.1,0,0,24.69,0.07,0,0,0.44,30.19,180,10.64,0
"657",20200502,105900,0,3.05,0.1,0,0,25.15,0.07,0,0,0.44,30.12,135,6.65,0
"658",20200502,110000,0,2.36,0.08,0,0,19.44,0.05,0,0,0.43,30,225,15.96,0
"659",20200502,110100,0,2.36,0.08,0,0,19.47,0.05,0,0,0.46,29.62,180,9.31,0
"660",20200502,110200,0,2.91,0.1,0,0,23.97,0.07,0,0,0.45,29.19,270,7.98,0
"661",20200502,110300,0,2.93,0.1,0,0,24.17,0.07,0,0,0.46,29.62,270,7.98,0
"662",20200502,110400,0,2.8,0.09,0,0,23.12,0.06,0,0,0.45,30.56,180,1.33,0
"663",20200502,110500,0,2.96,0.1,0,0,24.42,0.07,0,0,0.46,30.25,180,3.99,0
"664",20200502,110600,0,2.59,0.09,0,0,21.37,0.06,0,0,0.45,30.06,90,9.31,0
"665",20200502,110700,0,2.8,0.09,0,0,23.07,0.06,0,0,0.45,30.44,225,10.64,0
"666",20200502,110800,0,2.34,0.08,0,0,19.28,0.05,0,0,0.46,30.06,225,10.64,0
"667",20200502,110900,0,2.54,0.08,0,0,20.95,0.06,0,0,0.46,29.75,180,6.65,0
"668",20200502,111000,0,2.86,0.1,0,0,23.63,0.06,0,0,0.46,30.06,180,11.97,0
"669",20200502,111100,0,2.45,0.08,0,0,20.22,0.06,0,0,0.45,29.75,135,13.3,0
"670",20200502,111200,0,2.49,0.08,0,0,20.52,0.06,0,0,0.46,29.75,180,10.64,0
"671",20200502,111300,0,3.27,0.11,0,0,27,0.07,0,0,0.46,30.06,180,6.65,0
"672",20200502,111400,0,2.97,0.1,0,0,24.52,0.07,0,0,0.46,30.38,180,10.64,0
"673",20200502,111500,0,3.01,0.1,0,0,24.81,0.07,0,0,0.46,29.88,180,9.31,0
"674",20200502,111600,0,2.76,0.09,0,0,22.73,0.06,0,0,0.46,29.62,135,13.3,0
"675",20200502,111700,0,3.03,0.1,0,0,25.02,0.07,0,0,0.45,30.06,225,7.98,0
"676",20200502,111800,0,2.89,0.1,0,0,23.88,0.07,0,0,0.45,30.12,225,11.97,0
"677",20200502,111900,0,2.88,0.1,0,0,23.73,0.07,0,0,0.45,30,225,10.64,0
"678",20200502,112000,0,3.01,0.1,0,0,24.85,0.07,0,0,0.47,29.81,225,13.3,0
"679",20200502,112100,0,2.47,0.08,0,0,20.39,0.06,0,0,0.46,29.56,225,9.31,0
"680",20200502,112200,0,2.54,0.08,0,0,20.93,0.06,0,0,0.45,29.81,225,7.98,0
"681",20200502,112300,0,2.95,0.1,0,0,24.35,0.07,0,0,0.44,30.38,180,1.33,0
"682",20200502,112400,0,2.65,0.09,0,0,21.85,0.06,0,0,0.45,29.94,180,2.66,0
"683",20200502,112500,0,2.67,0.09,0,0,22.02,0.06,0,0,0.46,29.81,180,9.31,0
"684",20200502,112600,0,2.95,0.1,0,0,24.3,0.07,0,0,0.45,29.94,180,10.64,0
"685",20200502,112700,0,2.79,0.09,0,0,22.98,0.06,0,0,0.45,30.31,135,3.99,0
"686",20200502,112800,0,2.5,0.08,0,0,20.63,0.06,0,0,0.45,30.12,135,14.63,0
"687",20200502,112900,0,2.63,0.09,0,0,21.7,0.06,0,0,0.46,30.06,90,19.95,0
"688",20200502,113000,0,3.45,0.11,0,0,28.48,0.08,0,0,0.46,30.06,90,14.63,0
"689",20200502,113100,0,2.61,0.09,0,0,21.51,0.06,0,0,0.45,30.81,180,5.32,0
"690",20200502,113200,0,3.06,0.1,0,0,25.24,0.07,0,0,0.46,30.06,180,10.64,0
"691",20200502,113300,0,2.78,0.09,0,0,22.93,0.06,0,0,0.45,30.75,180,6.65,0
"692",20200502,113400,0,3.06,0.1,0,0,25.21,0.07,0,0,0.45,30.56,180,6.65,0
"693",20200502,113500,0,3.47,0.12,0,0,28.66,0.08,0,0,0.46,30.25,180,7.98,0
"694",20200502,113600,0,2.77,0.09,0,0,22.84,0.06,0,0,0.46,30.69,180,2.66,0
"695",20200502,113700,0,3.14,0.1,0,0,25.88,0.07,0,0,0.46,31.06,180,6.65,0
"696",20200502,113800,0,2.9,0.1,0,0,23.91,0.07,0,0,0.46,31.31,135,5.32,0
"697",20200502,113900,0,3.21,0.11,0,0,26.45,0.07,0,0,0.47,31.38,180,7.98,0
"698",20200502,114000,0,2.91,0.1,0,0,24,0.07,0,0,0.48,31.25,180,0,0
"699",20200502,114100,0,2.72,0.09,0,0,22.44,0.06,0,0,0.48,31.38,225,3.99,0
"700",20200502,114200,0,2.45,0.08,0,0,20.24,0.06,0,0,0.48,31.69,270,3.99,0
"701",20200502,114300,0,2.84,0.09,0,0,23.46,0.06,0,0,0.46,31.75,135,6.65,0
"702",20200502,114400,0,2.62,0.09,0,0,21.62,0.06,0,0,0.45,32.81,90,23.94,0
"703",20200502,114500,0,2.69,0.09,0,0,22.17,0.06,0,0,0.45,31.62,135,3.99,0
"704",20200502,114600,0,3.14,0.1,0,0,25.87,0.07,0,0,0.45,31.06,180,6.65,0
"705",20200502,114700,0,2.77,0.09,0,0,22.83,0.06,0,0,0.46,31.19,225,15.96,0
"706",20200502,114800,0,2.58,0.09,0,0,21.28,0.06,0,0,0.45,31.25,225,10.64,0
"707",20200502,114900,0,2.86,0.1,0,0,23.6,0.06,0,0,0.45,31.06,225,13.3,0
"708",20200502,115000,0,2.66,0.09,0,0,21.97,0.06,0,0,0.46,29.94,225,29.26,0
"709",20200502,115100,0,2.96,0.1,0,0,24.4,0.07,0,0,0.47,30.81,225,5.32,0
"710",20200502,115200,0,3.4,0.11,0,0,28.02,0.08,0,0,0.45,31.06,180,6.65,0
"711",20200502,115300,0,3.35,0.11,0,0,27.64,0.08,0,0,0.46,31.25,225,3.99,0
"712",20200502,115400,0,3.22,0.11,0,0,26.58,0.07,0,0,0.45,31.06,180,19.95,0
"713",20200502,115500,0,2.68,0.09,0,0,22.1,0.06,0,0,0.45,30.69,180,7.98,0
"714",20200502,115600,0,2.99,0.1,0,0,24.67,0.07,0,0,0.44,31.25,180,6.65,0
"715",20200502,115700,0,2.84,0.09,0,0,23.41,0.06,0,0,0.45,30.94,180,2.66,0
"716",20200502,115800,0,3.3,0.11,0,0,27.2,0.07,0,0,0.45,30.5,180,3.99,0
"717",20200502,115900,0,2.81,0.09,0,0,23.21,0.06,0,0,0.46,31.19,225,0,0
"718",20200502,120300,0,2.64,0.09,0,0,21.79,0.06,0,0,0.45,31.56,180,9.31,0
"719",20200502,120400,0,3.03,0.1,0,0,24.97,0.07,0,0,0.45,31.19,180,9.31,0
"720",20200502,120500,0,2.72,0.09,0,0,22.4,0.06,0,0,0.45,31.25,90,14.63,0
"721",20200502,120600,0,3.2,0.11,0,0,26.36,0.07,0,0,0.44,30.62,90,11.97,0
"722",20200502,120700,0,2.63,0.09,0,0,21.73,0.06,0,0,0.44,30,135,6.65,0
"723",20200502,120800,0,2.66,0.09,0,0,21.91,0.06,0,0,0.43,30.31,45,7.98,0
"724",20200502,120900,0,2.94,0.1,0,0,24.22,0.07,0,0,0.43,30.94,225,22.61,0
"725",20200502,121000,0,2.86,0.1,0,0,23.58,0.06,0,0,0.43,30.12,225,10.64,0
"726",20200502,121100,0,3,0.1,0,0,24.72,0.07,0,0,0.43,30.25,225,29.26,0
"727",20200502,121200,0,3.13,0.1,0,0,25.82,0.07,0,0,0.43,30.19,225,14.63,0
"728",20200502,121300,0,3.2,0.11,0,0,26.39,0.07,0,0,0.42,30.31,270,14.63,0
"729",20200502,121400,0,2.66,0.09,0,0,21.91,0.06,0,0,0.43,30.5,225,14.63,0
"730",20200502,121500,0,2.65,0.09,0,0,21.9,0.06,0,0,0.43,30.75,180,7.98,0
"731",20200502,121600,0,3.1,0.1,0,0,25.59,0.07,0,0,0.44,30.62,270,21.28,0
"732",20200502,121700,0,3.05,0.1,0,0,25.16,0.07,0,0,0.43,30.44,225,9.31,0
"733",20200502,121800,0,2.86,0.1,0,0,23.57,0.06,0,0,0.44,30.5,335,10.64,0
"734",20200502,121900,0,3.05,0.1,0,0,25.16,0.07,0,0,0.44,30.62,225,13.3,0
"735",20200502,122000,0,3.1,0.1,0,0,25.55,0.07,0,0,0.44,31.56,135,5.32,0
"736",20200502,122100,0,2.65,0.09,0,0,21.85,0.06,0,0,0.45,32.62,180,7.98,0
"737",20200502,122200,0,2.83,0.09,0,0,23.34,0.06,0,0,0.44,31.69,225,14.63,0
"738",20200502,122300,0,3.42,0.11,0,0,28.21,0.08,0,0,0.44,31.5,270,13.3,0
"739",20200502,122400,0,3.12,0.1,0,0,25.71,0.07,0,0,0.44,31.12,180,13.3,0
"740",20200502,122500,0,3.27,0.11,0,0,26.96,0.07,0,0,0.44,31.56,225,25.27,0
"741",20200502,122600,0,2.68,0.09,0,0,22.11,0.06,0,0,0.46,31.06,225,10.64,0
"742",20200502,122700,0,3.11,0.1,0,0,25.65,0.07,0,0,0.45,31.31,225,9.31,0
"743",20200502,122800,0,2.91,0.1,0,0,23.98,0.07,0,0,0.45,31.38,225,14.63,0
"744",20200502,122900,0,3.52,0.12,0,0,29.01,0.08,0,0,0.45,31.56,180,10.64,0
"745",20200502,123000,0,2.96,0.1,0,0,24.4,0.07,0,0,0.45,32,225,7.98,0
"746",20200502,123100,0,3.15,0.1,0,0,25.96,0.07,0,0,0.44,32.44,180,3.99,0
"747",20200502,123200,0,3.33,0.11,0,0,27.45,0.08,0,0,0.44,32.5,225,9.31,0
"748",20200502,123300,0,3.39,0.11,0,0,27.93,0.08,0,0,0.44,32.06,180,5.32,0
"749",20200502,123400,0,3.25,0.11,0,0,26.79,0.07,0,0,0.47,32.12,135,9.31,0
"750",20200502,123500,0,3,0.1,0,0,24.74,0.07,0,0,0.46,32.44,135,3.99,0
"751",20200502,123600,0,3.12,0.1,0,0,25.73,0.07,0,0,0.45,31.94,180,2.66,0
